# DNA modified electrode Data by Edmund Tse. 
# The third CV cycle for electrodes with well matched (wm) or mismatched (mm) duplex DNA,
# under aerobic or anaerobic conditions, and with or without PCN covalently attached.
E,Current,Construct,Aerobic,PCN
-0.05,-5.79E-09,wm,TRUE,TRUE
-0.051,8.49E-10,wm,TRUE,TRUE
-0.052,5.77E-09,wm,TRUE,TRUE
-0.053,8.97E-09,wm,TRUE,TRUE
-0.054,9.75E-09,wm,TRUE,TRUE
-0.055,9.58E-09,wm,TRUE,TRUE
-0.056,9.27E-09,wm,TRUE,TRUE
-0.057,9.45E-09,wm,TRUE,TRUE
-0.058,9.59E-09,wm,TRUE,TRUE
-0.059,9.71E-09,wm,TRUE,TRUE
-0.06,9.79E-09,wm,TRUE,TRUE
-0.061,9.93E-09,wm,TRUE,TRUE
-0.062,1.00E-08,wm,TRUE,TRUE
-0.063,1.01E-08,wm,TRUE,TRUE
-0.064,1.02E-08,wm,TRUE,TRUE
-0.065,1.03E-08,wm,TRUE,TRUE
-0.066,1.04E-08,wm,TRUE,TRUE
-0.067,1.04E-08,wm,TRUE,TRUE
-0.068,1.05E-08,wm,TRUE,TRUE
-0.069,1.06E-08,wm,TRUE,TRUE
-0.07,1.07E-08,wm,TRUE,TRUE
-0.071,1.08E-08,wm,TRUE,TRUE
-0.072,1.08E-08,wm,TRUE,TRUE
-0.073,1.09E-08,wm,TRUE,TRUE
-0.074,1.09E-08,wm,TRUE,TRUE
-0.075,1.10E-08,wm,TRUE,TRUE
-0.076,1.11E-08,wm,TRUE,TRUE
-0.077,1.11E-08,wm,TRUE,TRUE
-0.078,1.12E-08,wm,TRUE,TRUE
-0.079,1.12E-08,wm,TRUE,TRUE
-0.08,1.13E-08,wm,TRUE,TRUE
-0.081,1.14E-08,wm,TRUE,TRUE
-0.082,1.14E-08,wm,TRUE,TRUE
-0.083,1.15E-08,wm,TRUE,TRUE
-0.084,1.15E-08,wm,TRUE,TRUE
-0.085,1.16E-08,wm,TRUE,TRUE
-0.086,1.16E-08,wm,TRUE,TRUE
-0.087,1.16E-08,wm,TRUE,TRUE
-0.088,1.17E-08,wm,TRUE,TRUE
-0.089,1.18E-08,wm,TRUE,TRUE
-0.09,1.18E-08,wm,TRUE,TRUE
-0.091,1.19E-08,wm,TRUE,TRUE
-0.092,1.19E-08,wm,TRUE,TRUE
-0.093,1.19E-08,wm,TRUE,TRUE
-0.094,1.20E-08,wm,TRUE,TRUE
-0.095,1.20E-08,wm,TRUE,TRUE
-0.096,1.21E-08,wm,TRUE,TRUE
-0.097,1.21E-08,wm,TRUE,TRUE
-0.098,1.22E-08,wm,TRUE,TRUE
-0.099,1.22E-08,wm,TRUE,TRUE
-0.1,1.22E-08,wm,TRUE,TRUE
-0.101,1.23E-08,wm,TRUE,TRUE
-0.102,1.24E-08,wm,TRUE,TRUE
-0.103,1.24E-08,wm,TRUE,TRUE
-0.104,1.24E-08,wm,TRUE,TRUE
-0.105,1.25E-08,wm,TRUE,TRUE
-0.106,1.25E-08,wm,TRUE,TRUE
-0.107,1.25E-08,wm,TRUE,TRUE
-0.108,1.26E-08,wm,TRUE,TRUE
-0.109,1.26E-08,wm,TRUE,TRUE
-0.11,1.27E-08,wm,TRUE,TRUE
-0.111,1.27E-08,wm,TRUE,TRUE
-0.112,1.27E-08,wm,TRUE,TRUE
-0.113,1.28E-08,wm,TRUE,TRUE
-0.114,1.28E-08,wm,TRUE,TRUE
-0.115,1.28E-08,wm,TRUE,TRUE
-0.116,1.29E-08,wm,TRUE,TRUE
-0.117,1.29E-08,wm,TRUE,TRUE
-0.118,1.29E-08,wm,TRUE,TRUE
-0.119,1.30E-08,wm,TRUE,TRUE
-0.12,1.30E-08,wm,TRUE,TRUE
-0.121,1.31E-08,wm,TRUE,TRUE
-0.122,1.31E-08,wm,TRUE,TRUE
-0.123,1.32E-08,wm,TRUE,TRUE
-0.124,1.32E-08,wm,TRUE,TRUE
-0.125,1.32E-08,wm,TRUE,TRUE
-0.126,1.33E-08,wm,TRUE,TRUE
-0.127,1.33E-08,wm,TRUE,TRUE
-0.128,1.33E-08,wm,TRUE,TRUE
-0.129,1.34E-08,wm,TRUE,TRUE
-0.13,1.34E-08,wm,TRUE,TRUE
-0.131,1.35E-08,wm,TRUE,TRUE
-0.132,1.35E-08,wm,TRUE,TRUE
-0.133,1.35E-08,wm,TRUE,TRUE
-0.134,1.36E-08,wm,TRUE,TRUE
-0.135,1.36E-08,wm,TRUE,TRUE
-0.136,1.36E-08,wm,TRUE,TRUE
-0.137,1.36E-08,wm,TRUE,TRUE
-0.138,1.37E-08,wm,TRUE,TRUE
-0.139,1.37E-08,wm,TRUE,TRUE
-0.14,1.38E-08,wm,TRUE,TRUE
-0.141,1.38E-08,wm,TRUE,TRUE
-0.142,1.38E-08,wm,TRUE,TRUE
-0.143,1.39E-08,wm,TRUE,TRUE
-0.144,1.39E-08,wm,TRUE,TRUE
-0.145,1.39E-08,wm,TRUE,TRUE
-0.146,1.40E-08,wm,TRUE,TRUE
-0.147,1.40E-08,wm,TRUE,TRUE
-0.148,1.41E-08,wm,TRUE,TRUE
-0.149,1.41E-08,wm,TRUE,TRUE
-0.15,1.41E-08,wm,TRUE,TRUE
-0.151,1.42E-08,wm,TRUE,TRUE
-0.152,1.42E-08,wm,TRUE,TRUE
-0.153,1.43E-08,wm,TRUE,TRUE
-0.154,1.43E-08,wm,TRUE,TRUE
-0.155,1.43E-08,wm,TRUE,TRUE
-0.156,1.44E-08,wm,TRUE,TRUE
-0.157,1.44E-08,wm,TRUE,TRUE
-0.158,1.45E-08,wm,TRUE,TRUE
-0.159,1.45E-08,wm,TRUE,TRUE
-0.16,1.45E-08,wm,TRUE,TRUE
-0.161,1.46E-08,wm,TRUE,TRUE
-0.162,1.46E-08,wm,TRUE,TRUE
-0.163,1.47E-08,wm,TRUE,TRUE
-0.164,1.47E-08,wm,TRUE,TRUE
-0.165,1.47E-08,wm,TRUE,TRUE
-0.166,1.48E-08,wm,TRUE,TRUE
-0.167,1.49E-08,wm,TRUE,TRUE
-0.168,1.49E-08,wm,TRUE,TRUE
-0.169,1.50E-08,wm,TRUE,TRUE
-0.17,1.50E-08,wm,TRUE,TRUE
-0.171,1.51E-08,wm,TRUE,TRUE
-0.172,1.51E-08,wm,TRUE,TRUE
-0.173,1.52E-08,wm,TRUE,TRUE
-0.174,1.52E-08,wm,TRUE,TRUE
-0.175,1.52E-08,wm,TRUE,TRUE
-0.176,1.53E-08,wm,TRUE,TRUE
-0.177,1.53E-08,wm,TRUE,TRUE
-0.178,1.54E-08,wm,TRUE,TRUE
-0.179,1.55E-08,wm,TRUE,TRUE
-0.18,1.55E-08,wm,TRUE,TRUE
-0.181,1.56E-08,wm,TRUE,TRUE
-0.182,1.56E-08,wm,TRUE,TRUE
-0.183,1.57E-08,wm,TRUE,TRUE
-0.184,1.58E-08,wm,TRUE,TRUE
-0.185,1.58E-08,wm,TRUE,TRUE
-0.186,1.59E-08,wm,TRUE,TRUE
-0.187,1.60E-08,wm,TRUE,TRUE
-0.188,1.60E-08,wm,TRUE,TRUE
-0.189,1.61E-08,wm,TRUE,TRUE
-0.19,1.61E-08,wm,TRUE,TRUE
-0.191,1.63E-08,wm,TRUE,TRUE
-0.192,1.63E-08,wm,TRUE,TRUE
-0.193,1.64E-08,wm,TRUE,TRUE
-0.194,1.65E-08,wm,TRUE,TRUE
-0.195,1.65E-08,wm,TRUE,TRUE
-0.196,1.66E-08,wm,TRUE,TRUE
-0.197,1.67E-08,wm,TRUE,TRUE
-0.198,1.68E-08,wm,TRUE,TRUE
-0.199,1.69E-08,wm,TRUE,TRUE
-0.2,1.69E-08,wm,TRUE,TRUE
-0.201,1.71E-08,wm,TRUE,TRUE
-0.202,1.71E-08,wm,TRUE,TRUE
-0.203,1.73E-08,wm,TRUE,TRUE
-0.204,1.74E-08,wm,TRUE,TRUE
-0.205,1.75E-08,wm,TRUE,TRUE
-0.206,1.76E-08,wm,TRUE,TRUE
-0.207,1.76E-08,wm,TRUE,TRUE
-0.208,1.77E-08,wm,TRUE,TRUE
-0.209,1.78E-08,wm,TRUE,TRUE
-0.21,1.79E-08,wm,TRUE,TRUE
-0.211,1.81E-08,wm,TRUE,TRUE
-0.212,1.82E-08,wm,TRUE,TRUE
-0.213,1.83E-08,wm,TRUE,TRUE
-0.214,1.84E-08,wm,TRUE,TRUE
-0.215,1.85E-08,wm,TRUE,TRUE
-0.216,1.87E-08,wm,TRUE,TRUE
-0.217,1.88E-08,wm,TRUE,TRUE
-0.218,1.89E-08,wm,TRUE,TRUE
-0.219,1.90E-08,wm,TRUE,TRUE
-0.22,1.92E-08,wm,TRUE,TRUE
-0.221,1.93E-08,wm,TRUE,TRUE
-0.222,1.95E-08,wm,TRUE,TRUE
-0.223,1.96E-08,wm,TRUE,TRUE
-0.224,1.98E-08,wm,TRUE,TRUE
-0.225,1.99E-08,wm,TRUE,TRUE
-0.226,2.01E-08,wm,TRUE,TRUE
-0.227,2.02E-08,wm,TRUE,TRUE
-0.228,2.04E-08,wm,TRUE,TRUE
-0.229,2.06E-08,wm,TRUE,TRUE
-0.23,2.08E-08,wm,TRUE,TRUE
-0.231,2.10E-08,wm,TRUE,TRUE
-0.232,2.11E-08,wm,TRUE,TRUE
-0.233,2.13E-08,wm,TRUE,TRUE
-0.234,2.15E-08,wm,TRUE,TRUE
-0.235,2.17E-08,wm,TRUE,TRUE
-0.236,2.20E-08,wm,TRUE,TRUE
-0.237,2.22E-08,wm,TRUE,TRUE
-0.238,2.24E-08,wm,TRUE,TRUE
-0.239,2.26E-08,wm,TRUE,TRUE
-0.24,2.28E-08,wm,TRUE,TRUE
-0.241,2.31E-08,wm,TRUE,TRUE
-0.242,2.33E-08,wm,TRUE,TRUE
-0.243,2.36E-08,wm,TRUE,TRUE
-0.244,2.38E-08,wm,TRUE,TRUE
-0.245,2.41E-08,wm,TRUE,TRUE
-0.246,2.44E-08,wm,TRUE,TRUE
-0.247,2.46E-08,wm,TRUE,TRUE
-0.248,2.50E-08,wm,TRUE,TRUE
-0.249,2.53E-08,wm,TRUE,TRUE
-0.25,2.56E-08,wm,TRUE,TRUE
-0.251,2.59E-08,wm,TRUE,TRUE
-0.252,2.62E-08,wm,TRUE,TRUE
-0.253,2.65E-08,wm,TRUE,TRUE
-0.254,2.68E-08,wm,TRUE,TRUE
-0.255,2.72E-08,wm,TRUE,TRUE
-0.256,2.76E-08,wm,TRUE,TRUE
-0.257,2.79E-08,wm,TRUE,TRUE
-0.258,2.83E-08,wm,TRUE,TRUE
-0.259,2.86E-08,wm,TRUE,TRUE
-0.26,2.90E-08,wm,TRUE,TRUE
-0.261,2.95E-08,wm,TRUE,TRUE
-0.262,2.98E-08,wm,TRUE,TRUE
-0.263,3.03E-08,wm,TRUE,TRUE
-0.264,3.07E-08,wm,TRUE,TRUE
-0.265,3.11E-08,wm,TRUE,TRUE
-0.266,3.16E-08,wm,TRUE,TRUE
-0.267,3.20E-08,wm,TRUE,TRUE
-0.268,3.26E-08,wm,TRUE,TRUE
-0.269,3.30E-08,wm,TRUE,TRUE
-0.27,3.35E-08,wm,TRUE,TRUE
-0.271,3.41E-08,wm,TRUE,TRUE
-0.272,3.46E-08,wm,TRUE,TRUE
-0.273,3.51E-08,wm,TRUE,TRUE
-0.274,3.57E-08,wm,TRUE,TRUE
-0.275,3.63E-08,wm,TRUE,TRUE
-0.276,3.69E-08,wm,TRUE,TRUE
-0.277,3.74E-08,wm,TRUE,TRUE
-0.278,3.81E-08,wm,TRUE,TRUE
-0.279,3.87E-08,wm,TRUE,TRUE
-0.28,3.93E-08,wm,TRUE,TRUE
-0.281,4.00E-08,wm,TRUE,TRUE
-0.282,4.06E-08,wm,TRUE,TRUE
-0.283,4.13E-08,wm,TRUE,TRUE
-0.284,4.20E-08,wm,TRUE,TRUE
-0.285,4.27E-08,wm,TRUE,TRUE
-0.286,4.35E-08,wm,TRUE,TRUE
-0.287,4.43E-08,wm,TRUE,TRUE
-0.288,4.51E-08,wm,TRUE,TRUE
-0.289,4.59E-08,wm,TRUE,TRUE
-0.29,4.66E-08,wm,TRUE,TRUE
-0.291,4.75E-08,wm,TRUE,TRUE
-0.292,4.83E-08,wm,TRUE,TRUE
-0.293,4.92E-08,wm,TRUE,TRUE
-0.294,5.01E-08,wm,TRUE,TRUE
-0.295,5.10E-08,wm,TRUE,TRUE
-0.296,5.19E-08,wm,TRUE,TRUE
-0.297,5.28E-08,wm,TRUE,TRUE
-0.298,5.38E-08,wm,TRUE,TRUE
-0.299,5.48E-08,wm,TRUE,TRUE
-0.3,5.58E-08,wm,TRUE,TRUE
-0.301,5.68E-08,wm,TRUE,TRUE
-0.302,5.78E-08,wm,TRUE,TRUE
-0.303,5.89E-08,wm,TRUE,TRUE
-0.304,6.00E-08,wm,TRUE,TRUE
-0.305,6.11E-08,wm,TRUE,TRUE
-0.306,6.23E-08,wm,TRUE,TRUE
-0.307,6.35E-08,wm,TRUE,TRUE
-0.308,6.47E-08,wm,TRUE,TRUE
-0.309,6.58E-08,wm,TRUE,TRUE
-0.31,6.70E-08,wm,TRUE,TRUE
-0.311,6.83E-08,wm,TRUE,TRUE
-0.312,6.95E-08,wm,TRUE,TRUE
-0.313,7.09E-08,wm,TRUE,TRUE
-0.314,7.22E-08,wm,TRUE,TRUE
-0.315,7.36E-08,wm,TRUE,TRUE
-0.316,7.50E-08,wm,TRUE,TRUE
-0.317,7.63E-08,wm,TRUE,TRUE
-0.318,7.78E-08,wm,TRUE,TRUE
-0.319,7.93E-08,wm,TRUE,TRUE
-0.32,8.07E-08,wm,TRUE,TRUE
-0.321,8.23E-08,wm,TRUE,TRUE
-0.322,8.38E-08,wm,TRUE,TRUE
-0.323,8.54E-08,wm,TRUE,TRUE
-0.324,8.70E-08,wm,TRUE,TRUE
-0.325,8.87E-08,wm,TRUE,TRUE
-0.326,9.04E-08,wm,TRUE,TRUE
-0.327,9.20E-08,wm,TRUE,TRUE
-0.328,9.38E-08,wm,TRUE,TRUE
-0.329,9.55E-08,wm,TRUE,TRUE
-0.33,9.73E-08,wm,TRUE,TRUE
-0.331,9.91E-08,wm,TRUE,TRUE
-0.332,1.01E-07,wm,TRUE,TRUE
-0.333,1.03E-07,wm,TRUE,TRUE
-0.334,1.05E-07,wm,TRUE,TRUE
-0.335,1.07E-07,wm,TRUE,TRUE
-0.336,1.09E-07,wm,TRUE,TRUE
-0.337,1.11E-07,wm,TRUE,TRUE
-0.338,1.13E-07,wm,TRUE,TRUE
-0.339,1.15E-07,wm,TRUE,TRUE
-0.34,1.17E-07,wm,TRUE,TRUE
-0.341,1.19E-07,wm,TRUE,TRUE
-0.342,1.21E-07,wm,TRUE,TRUE
-0.343,1.23E-07,wm,TRUE,TRUE
-0.344,1.26E-07,wm,TRUE,TRUE
-0.345,1.28E-07,wm,TRUE,TRUE
-0.346,1.30E-07,wm,TRUE,TRUE
-0.347,1.33E-07,wm,TRUE,TRUE
-0.348,1.35E-07,wm,TRUE,TRUE
-0.349,1.37E-07,wm,TRUE,TRUE
-0.35,1.40E-07,wm,TRUE,TRUE
-0.351,1.42E-07,wm,TRUE,TRUE
-0.352,1.45E-07,wm,TRUE,TRUE
-0.353,1.48E-07,wm,TRUE,TRUE
-0.354,1.50E-07,wm,TRUE,TRUE
-0.355,1.53E-07,wm,TRUE,TRUE
-0.356,1.56E-07,wm,TRUE,TRUE
-0.357,1.59E-07,wm,TRUE,TRUE
-0.358,1.62E-07,wm,TRUE,TRUE
-0.359,1.64E-07,wm,TRUE,TRUE
-0.36,1.67E-07,wm,TRUE,TRUE
-0.361,1.70E-07,wm,TRUE,TRUE
-0.362,1.73E-07,wm,TRUE,TRUE
-0.363,1.76E-07,wm,TRUE,TRUE
-0.364,1.80E-07,wm,TRUE,TRUE
-0.365,1.83E-07,wm,TRUE,TRUE
-0.366,1.86E-07,wm,TRUE,TRUE
-0.367,1.89E-07,wm,TRUE,TRUE
-0.368,1.93E-07,wm,TRUE,TRUE
-0.369,1.96E-07,wm,TRUE,TRUE
-0.37,1.99E-07,wm,TRUE,TRUE
-0.371,2.03E-07,wm,TRUE,TRUE
-0.372,2.06E-07,wm,TRUE,TRUE
-0.373,2.10E-07,wm,TRUE,TRUE
-0.374,2.14E-07,wm,TRUE,TRUE
-0.375,2.17E-07,wm,TRUE,TRUE
-0.376,2.21E-07,wm,TRUE,TRUE
-0.377,2.25E-07,wm,TRUE,TRUE
-0.378,2.28E-07,wm,TRUE,TRUE
-0.379,2.32E-07,wm,TRUE,TRUE
-0.38,2.36E-07,wm,TRUE,TRUE
-0.381,2.40E-07,wm,TRUE,TRUE
-0.382,2.44E-07,wm,TRUE,TRUE
-0.383,2.48E-07,wm,TRUE,TRUE
-0.384,2.52E-07,wm,TRUE,TRUE
-0.385,2.56E-07,wm,TRUE,TRUE
-0.386,2.61E-07,wm,TRUE,TRUE
-0.387,2.65E-07,wm,TRUE,TRUE
-0.388,2.69E-07,wm,TRUE,TRUE
-0.389,2.73E-07,wm,TRUE,TRUE
-0.39,2.78E-07,wm,TRUE,TRUE
-0.391,2.82E-07,wm,TRUE,TRUE
-0.392,2.87E-07,wm,TRUE,TRUE
-0.393,2.91E-07,wm,TRUE,TRUE
-0.394,2.96E-07,wm,TRUE,TRUE
-0.395,3.00E-07,wm,TRUE,TRUE
-0.396,3.05E-07,wm,TRUE,TRUE
-0.397,3.10E-07,wm,TRUE,TRUE
-0.398,3.15E-07,wm,TRUE,TRUE
-0.399,3.20E-07,wm,TRUE,TRUE
-0.4,3.25E-07,wm,TRUE,TRUE
-0.401,3.30E-07,wm,TRUE,TRUE
-0.402,3.35E-07,wm,TRUE,TRUE
-0.403,3.40E-07,wm,TRUE,TRUE
-0.404,3.45E-07,wm,TRUE,TRUE
-0.405,3.50E-07,wm,TRUE,TRUE
-0.406,3.55E-07,wm,TRUE,TRUE
-0.407,3.60E-07,wm,TRUE,TRUE
-0.408,3.66E-07,wm,TRUE,TRUE
-0.409,3.71E-07,wm,TRUE,TRUE
-0.41,3.77E-07,wm,TRUE,TRUE
-0.411,3.82E-07,wm,TRUE,TRUE
-0.412,3.88E-07,wm,TRUE,TRUE
-0.413,3.93E-07,wm,TRUE,TRUE
-0.414,3.99E-07,wm,TRUE,TRUE
-0.415,4.05E-07,wm,TRUE,TRUE
-0.416,4.11E-07,wm,TRUE,TRUE
-0.417,4.17E-07,wm,TRUE,TRUE
-0.418,4.23E-07,wm,TRUE,TRUE
-0.419,4.28E-07,wm,TRUE,TRUE
-0.42,4.34E-07,wm,TRUE,TRUE
-0.421,4.40E-07,wm,TRUE,TRUE
-0.422,4.47E-07,wm,TRUE,TRUE
-0.423,4.53E-07,wm,TRUE,TRUE
-0.424,4.59E-07,wm,TRUE,TRUE
-0.425,4.65E-07,wm,TRUE,TRUE
-0.426,4.72E-07,wm,TRUE,TRUE
-0.427,4.78E-07,wm,TRUE,TRUE
-0.428,4.85E-07,wm,TRUE,TRUE
-0.429,4.91E-07,wm,TRUE,TRUE
-0.43,4.98E-07,wm,TRUE,TRUE
-0.431,5.05E-07,wm,TRUE,TRUE
-0.432,5.11E-07,wm,TRUE,TRUE
-0.433,5.18E-07,wm,TRUE,TRUE
-0.434,5.25E-07,wm,TRUE,TRUE
-0.435,5.32E-07,wm,TRUE,TRUE
-0.436,5.39E-07,wm,TRUE,TRUE
-0.437,5.46E-07,wm,TRUE,TRUE
-0.438,5.54E-07,wm,TRUE,TRUE
-0.439,5.61E-07,wm,TRUE,TRUE
-0.44,5.68E-07,wm,TRUE,TRUE
-0.441,5.75E-07,wm,TRUE,TRUE
-0.442,5.83E-07,wm,TRUE,TRUE
-0.443,5.90E-07,wm,TRUE,TRUE
-0.444,5.98E-07,wm,TRUE,TRUE
-0.445,6.05E-07,wm,TRUE,TRUE
-0.446,6.13E-07,wm,TRUE,TRUE
-0.447,6.20E-07,wm,TRUE,TRUE
-0.448,6.28E-07,wm,TRUE,TRUE
-0.449,6.36E-07,wm,TRUE,TRUE
-0.45,6.31E-07,wm,TRUE,TRUE
-0.449,6.20E-07,wm,TRUE,TRUE
-0.448,6.10E-07,wm,TRUE,TRUE
-0.447,6.00E-07,wm,TRUE,TRUE
-0.446,5.93E-07,wm,TRUE,TRUE
-0.445,5.85E-07,wm,TRUE,TRUE
-0.444,5.78E-07,wm,TRUE,TRUE
-0.443,5.70E-07,wm,TRUE,TRUE
-0.442,5.62E-07,wm,TRUE,TRUE
-0.441,5.55E-07,wm,TRUE,TRUE
-0.44,5.47E-07,wm,TRUE,TRUE
-0.439,5.39E-07,wm,TRUE,TRUE
-0.438,5.32E-07,wm,TRUE,TRUE
-0.437,5.25E-07,wm,TRUE,TRUE
-0.436,5.17E-07,wm,TRUE,TRUE
-0.435,5.10E-07,wm,TRUE,TRUE
-0.434,5.03E-07,wm,TRUE,TRUE
-0.433,4.95E-07,wm,TRUE,TRUE
-0.432,4.88E-07,wm,TRUE,TRUE
-0.431,4.81E-07,wm,TRUE,TRUE
-0.43,4.74E-07,wm,TRUE,TRUE
-0.429,4.68E-07,wm,TRUE,TRUE
-0.428,4.61E-07,wm,TRUE,TRUE
-0.427,4.54E-07,wm,TRUE,TRUE
-0.426,4.47E-07,wm,TRUE,TRUE
-0.425,4.41E-07,wm,TRUE,TRUE
-0.424,4.35E-07,wm,TRUE,TRUE
-0.423,4.28E-07,wm,TRUE,TRUE
-0.422,4.22E-07,wm,TRUE,TRUE
-0.421,4.16E-07,wm,TRUE,TRUE
-0.42,4.10E-07,wm,TRUE,TRUE
-0.419,4.03E-07,wm,TRUE,TRUE
-0.418,3.97E-07,wm,TRUE,TRUE
-0.417,3.91E-07,wm,TRUE,TRUE
-0.416,3.85E-07,wm,TRUE,TRUE
-0.415,3.80E-07,wm,TRUE,TRUE
-0.414,3.74E-07,wm,TRUE,TRUE
-0.413,3.68E-07,wm,TRUE,TRUE
-0.412,3.63E-07,wm,TRUE,TRUE
-0.411,3.57E-07,wm,TRUE,TRUE
-0.41,3.51E-07,wm,TRUE,TRUE
-0.409,3.46E-07,wm,TRUE,TRUE
-0.408,3.40E-07,wm,TRUE,TRUE
-0.407,3.35E-07,wm,TRUE,TRUE
-0.406,3.30E-07,wm,TRUE,TRUE
-0.405,3.25E-07,wm,TRUE,TRUE
-0.404,3.20E-07,wm,TRUE,TRUE
-0.403,3.15E-07,wm,TRUE,TRUE
-0.402,3.10E-07,wm,TRUE,TRUE
-0.401,3.05E-07,wm,TRUE,TRUE
-0.4,3.00E-07,wm,TRUE,TRUE
-0.399,2.95E-07,wm,TRUE,TRUE
-0.398,2.90E-07,wm,TRUE,TRUE
-0.397,2.86E-07,wm,TRUE,TRUE
-0.396,2.81E-07,wm,TRUE,TRUE
-0.395,2.76E-07,wm,TRUE,TRUE
-0.394,2.72E-07,wm,TRUE,TRUE
-0.393,2.68E-07,wm,TRUE,TRUE
-0.392,2.63E-07,wm,TRUE,TRUE
-0.391,2.59E-07,wm,TRUE,TRUE
-0.39,2.54E-07,wm,TRUE,TRUE
-0.389,2.50E-07,wm,TRUE,TRUE
-0.388,2.46E-07,wm,TRUE,TRUE
-0.387,2.42E-07,wm,TRUE,TRUE
-0.386,2.38E-07,wm,TRUE,TRUE
-0.385,2.34E-07,wm,TRUE,TRUE
-0.384,2.30E-07,wm,TRUE,TRUE
-0.383,2.26E-07,wm,TRUE,TRUE
-0.382,2.22E-07,wm,TRUE,TRUE
-0.381,2.18E-07,wm,TRUE,TRUE
-0.38,2.14E-07,wm,TRUE,TRUE
-0.379,2.11E-07,wm,TRUE,TRUE
-0.378,2.07E-07,wm,TRUE,TRUE
-0.377,2.03E-07,wm,TRUE,TRUE
-0.376,2.00E-07,wm,TRUE,TRUE
-0.375,1.96E-07,wm,TRUE,TRUE
-0.374,1.93E-07,wm,TRUE,TRUE
-0.373,1.89E-07,wm,TRUE,TRUE
-0.372,1.86E-07,wm,TRUE,TRUE
-0.371,1.82E-07,wm,TRUE,TRUE
-0.37,1.79E-07,wm,TRUE,TRUE
-0.369,1.76E-07,wm,TRUE,TRUE
-0.368,1.73E-07,wm,TRUE,TRUE
-0.367,1.70E-07,wm,TRUE,TRUE
-0.366,1.66E-07,wm,TRUE,TRUE
-0.365,1.63E-07,wm,TRUE,TRUE
-0.364,1.60E-07,wm,TRUE,TRUE
-0.363,1.57E-07,wm,TRUE,TRUE
-0.362,1.54E-07,wm,TRUE,TRUE
-0.361,1.51E-07,wm,TRUE,TRUE
-0.36,1.48E-07,wm,TRUE,TRUE
-0.359,1.46E-07,wm,TRUE,TRUE
-0.358,1.43E-07,wm,TRUE,TRUE
-0.357,1.40E-07,wm,TRUE,TRUE
-0.356,1.37E-07,wm,TRUE,TRUE
-0.355,1.35E-07,wm,TRUE,TRUE
-0.354,1.32E-07,wm,TRUE,TRUE
-0.353,1.29E-07,wm,TRUE,TRUE
-0.352,1.27E-07,wm,TRUE,TRUE
-0.351,1.25E-07,wm,TRUE,TRUE
-0.35,1.22E-07,wm,TRUE,TRUE
-0.349,1.20E-07,wm,TRUE,TRUE
-0.348,1.18E-07,wm,TRUE,TRUE
-0.347,1.15E-07,wm,TRUE,TRUE
-0.346,1.13E-07,wm,TRUE,TRUE
-0.345,1.10E-07,wm,TRUE,TRUE
-0.344,1.08E-07,wm,TRUE,TRUE
-0.343,1.06E-07,wm,TRUE,TRUE
-0.342,1.04E-07,wm,TRUE,TRUE
-0.341,1.01E-07,wm,TRUE,TRUE
-0.34,9.91E-08,wm,TRUE,TRUE
-0.339,9.69E-08,wm,TRUE,TRUE
-0.338,9.48E-08,wm,TRUE,TRUE
-0.337,9.27E-08,wm,TRUE,TRUE
-0.336,9.06E-08,wm,TRUE,TRUE
-0.335,8.86E-08,wm,TRUE,TRUE
-0.334,8.66E-08,wm,TRUE,TRUE
-0.333,8.45E-08,wm,TRUE,TRUE
-0.332,8.26E-08,wm,TRUE,TRUE
-0.331,8.07E-08,wm,TRUE,TRUE
-0.33,7.87E-08,wm,TRUE,TRUE
-0.329,7.69E-08,wm,TRUE,TRUE
-0.328,7.50E-08,wm,TRUE,TRUE
-0.327,7.32E-08,wm,TRUE,TRUE
-0.326,7.14E-08,wm,TRUE,TRUE
-0.325,6.96E-08,wm,TRUE,TRUE
-0.324,6.79E-08,wm,TRUE,TRUE
-0.323,6.61E-08,wm,TRUE,TRUE
-0.322,6.45E-08,wm,TRUE,TRUE
-0.321,6.28E-08,wm,TRUE,TRUE
-0.32,6.11E-08,wm,TRUE,TRUE
-0.319,5.95E-08,wm,TRUE,TRUE
-0.318,5.78E-08,wm,TRUE,TRUE
-0.317,5.63E-08,wm,TRUE,TRUE
-0.316,5.46E-08,wm,TRUE,TRUE
-0.315,5.30E-08,wm,TRUE,TRUE
-0.314,5.15E-08,wm,TRUE,TRUE
-0.313,4.99E-08,wm,TRUE,TRUE
-0.312,4.84E-08,wm,TRUE,TRUE
-0.311,4.69E-08,wm,TRUE,TRUE
-0.31,4.55E-08,wm,TRUE,TRUE
-0.309,4.41E-08,wm,TRUE,TRUE
-0.308,4.26E-08,wm,TRUE,TRUE
-0.307,4.12E-08,wm,TRUE,TRUE
-0.306,3.98E-08,wm,TRUE,TRUE
-0.305,3.84E-08,wm,TRUE,TRUE
-0.304,3.71E-08,wm,TRUE,TRUE
-0.303,3.56E-08,wm,TRUE,TRUE
-0.302,3.43E-08,wm,TRUE,TRUE
-0.301,3.28E-08,wm,TRUE,TRUE
-0.3,3.14E-08,wm,TRUE,TRUE
-0.299,3.01E-08,wm,TRUE,TRUE
-0.298,2.86E-08,wm,TRUE,TRUE
-0.297,2.73E-08,wm,TRUE,TRUE
-0.296,2.59E-08,wm,TRUE,TRUE
-0.295,2.44E-08,wm,TRUE,TRUE
-0.294,2.31E-08,wm,TRUE,TRUE
-0.293,2.17E-08,wm,TRUE,TRUE
-0.292,2.05E-08,wm,TRUE,TRUE
-0.291,1.92E-08,wm,TRUE,TRUE
-0.29,1.79E-08,wm,TRUE,TRUE
-0.289,1.66E-08,wm,TRUE,TRUE
-0.288,1.53E-08,wm,TRUE,TRUE
-0.287,1.42E-08,wm,TRUE,TRUE
-0.286,1.31E-08,wm,TRUE,TRUE
-0.285,1.21E-08,wm,TRUE,TRUE
-0.284,1.12E-08,wm,TRUE,TRUE
-0.283,1.03E-08,wm,TRUE,TRUE
-0.282,9.51E-09,wm,TRUE,TRUE
-0.281,8.66E-09,wm,TRUE,TRUE
-0.28,7.87E-09,wm,TRUE,TRUE
-0.279,7.12E-09,wm,TRUE,TRUE
-0.278,6.34E-09,wm,TRUE,TRUE
-0.277,5.64E-09,wm,TRUE,TRUE
-0.276,4.85E-09,wm,TRUE,TRUE
-0.275,4.11E-09,wm,TRUE,TRUE
-0.274,3.37E-09,wm,TRUE,TRUE
-0.273,2.60E-09,wm,TRUE,TRUE
-0.272,1.92E-09,wm,TRUE,TRUE
-0.271,1.18E-09,wm,TRUE,TRUE
-0.27,4.85E-10,wm,TRUE,TRUE
-0.269,-1.72E-10,wm,TRUE,TRUE
-0.268,-8.49E-10,wm,TRUE,TRUE
-0.267,-1.41E-09,wm,TRUE,TRUE
-0.266,-2.01E-09,wm,TRUE,TRUE
-0.265,-2.55E-09,wm,TRUE,TRUE
-0.264,-3.06E-09,wm,TRUE,TRUE
-0.263,-3.60E-09,wm,TRUE,TRUE
-0.262,-4.06E-09,wm,TRUE,TRUE
-0.261,-4.56E-09,wm,TRUE,TRUE
-0.26,-5.00E-09,wm,TRUE,TRUE
-0.259,-5.40E-09,wm,TRUE,TRUE
-0.258,-5.85E-09,wm,TRUE,TRUE
-0.257,-6.22E-09,wm,TRUE,TRUE
-0.256,-6.67E-09,wm,TRUE,TRUE
-0.255,-7.08E-09,wm,TRUE,TRUE
-0.254,-7.48E-09,wm,TRUE,TRUE
-0.253,-7.95E-09,wm,TRUE,TRUE
-0.252,-8.38E-09,wm,TRUE,TRUE
-0.251,-8.90E-09,wm,TRUE,TRUE
-0.25,-9.38E-09,wm,TRUE,TRUE
-0.249,-9.83E-09,wm,TRUE,TRUE
-0.248,-1.03E-08,wm,TRUE,TRUE
-0.247,-1.06E-08,wm,TRUE,TRUE
-0.246,-1.10E-08,wm,TRUE,TRUE
-0.245,-1.13E-08,wm,TRUE,TRUE
-0.244,-1.16E-08,wm,TRUE,TRUE
-0.243,-1.19E-08,wm,TRUE,TRUE
-0.242,-1.22E-08,wm,TRUE,TRUE
-0.241,-1.25E-08,wm,TRUE,TRUE
-0.24,-1.28E-08,wm,TRUE,TRUE
-0.239,-1.31E-08,wm,TRUE,TRUE
-0.238,-1.34E-08,wm,TRUE,TRUE
-0.237,-1.36E-08,wm,TRUE,TRUE
-0.236,-1.38E-08,wm,TRUE,TRUE
-0.235,-1.39E-08,wm,TRUE,TRUE
-0.234,-1.41E-08,wm,TRUE,TRUE
-0.233,-1.43E-08,wm,TRUE,TRUE
-0.232,-1.44E-08,wm,TRUE,TRUE
-0.231,-1.45E-08,wm,TRUE,TRUE
-0.23,-1.46E-08,wm,TRUE,TRUE
-0.229,-1.47E-08,wm,TRUE,TRUE
-0.228,-1.48E-08,wm,TRUE,TRUE
-0.227,-1.48E-08,wm,TRUE,TRUE
-0.226,-1.49E-08,wm,TRUE,TRUE
-0.225,-1.49E-08,wm,TRUE,TRUE
-0.224,-1.49E-08,wm,TRUE,TRUE
-0.223,-1.50E-08,wm,TRUE,TRUE
-0.222,-1.50E-08,wm,TRUE,TRUE
-0.221,-1.50E-08,wm,TRUE,TRUE
-0.22,-1.50E-08,wm,TRUE,TRUE
-0.219,-1.50E-08,wm,TRUE,TRUE
-0.218,-1.51E-08,wm,TRUE,TRUE
-0.217,-1.50E-08,wm,TRUE,TRUE
-0.216,-1.51E-08,wm,TRUE,TRUE
-0.215,-1.51E-08,wm,TRUE,TRUE
-0.214,-1.51E-08,wm,TRUE,TRUE
-0.213,-1.51E-08,wm,TRUE,TRUE
-0.212,-1.51E-08,wm,TRUE,TRUE
-0.211,-1.51E-08,wm,TRUE,TRUE
-0.21,-1.50E-08,wm,TRUE,TRUE
-0.209,-1.50E-08,wm,TRUE,TRUE
-0.208,-1.49E-08,wm,TRUE,TRUE
-0.207,-1.49E-08,wm,TRUE,TRUE
-0.206,-1.49E-08,wm,TRUE,TRUE
-0.205,-1.48E-08,wm,TRUE,TRUE
-0.204,-1.46E-08,wm,TRUE,TRUE
-0.203,-1.45E-08,wm,TRUE,TRUE
-0.202,-1.43E-08,wm,TRUE,TRUE
-0.201,-1.42E-08,wm,TRUE,TRUE
-0.2,-1.42E-08,wm,TRUE,TRUE
-0.199,-1.42E-08,wm,TRUE,TRUE
-0.198,-1.42E-08,wm,TRUE,TRUE
-0.197,-1.41E-08,wm,TRUE,TRUE
-0.196,-1.41E-08,wm,TRUE,TRUE
-0.195,-1.41E-08,wm,TRUE,TRUE
-0.194,-1.41E-08,wm,TRUE,TRUE
-0.193,-1.41E-08,wm,TRUE,TRUE
-0.192,-1.41E-08,wm,TRUE,TRUE
-0.191,-1.42E-08,wm,TRUE,TRUE
-0.19,-1.43E-08,wm,TRUE,TRUE
-0.189,-1.43E-08,wm,TRUE,TRUE
-0.188,-1.44E-08,wm,TRUE,TRUE
-0.187,-1.44E-08,wm,TRUE,TRUE
-0.186,-1.45E-08,wm,TRUE,TRUE
-0.185,-1.45E-08,wm,TRUE,TRUE
-0.184,-1.46E-08,wm,TRUE,TRUE
-0.183,-1.46E-08,wm,TRUE,TRUE
-0.182,-1.46E-08,wm,TRUE,TRUE
-0.181,-1.46E-08,wm,TRUE,TRUE
-0.18,-1.45E-08,wm,TRUE,TRUE
-0.179,-1.45E-08,wm,TRUE,TRUE
-0.178,-1.45E-08,wm,TRUE,TRUE
-0.177,-1.45E-08,wm,TRUE,TRUE
-0.176,-1.46E-08,wm,TRUE,TRUE
-0.175,-1.47E-08,wm,TRUE,TRUE
-0.174,-1.48E-08,wm,TRUE,TRUE
-0.173,-1.49E-08,wm,TRUE,TRUE
-0.172,-1.49E-08,wm,TRUE,TRUE
-0.171,-1.50E-08,wm,TRUE,TRUE
-0.17,-1.50E-08,wm,TRUE,TRUE
-0.169,-1.51E-08,wm,TRUE,TRUE
-0.168,-1.52E-08,wm,TRUE,TRUE
-0.167,-1.52E-08,wm,TRUE,TRUE
-0.166,-1.53E-08,wm,TRUE,TRUE
-0.165,-1.53E-08,wm,TRUE,TRUE
-0.164,-1.54E-08,wm,TRUE,TRUE
-0.163,-1.54E-08,wm,TRUE,TRUE
-0.162,-1.54E-08,wm,TRUE,TRUE
-0.161,-1.54E-08,wm,TRUE,TRUE
-0.16,-1.55E-08,wm,TRUE,TRUE
-0.159,-1.55E-08,wm,TRUE,TRUE
-0.158,-1.56E-08,wm,TRUE,TRUE
-0.157,-1.55E-08,wm,TRUE,TRUE
-0.156,-1.56E-08,wm,TRUE,TRUE
-0.155,-1.56E-08,wm,TRUE,TRUE
-0.154,-1.56E-08,wm,TRUE,TRUE
-0.153,-1.57E-08,wm,TRUE,TRUE
-0.152,-1.57E-08,wm,TRUE,TRUE
-0.151,-1.58E-08,wm,TRUE,TRUE
-0.15,-1.59E-08,wm,TRUE,TRUE
-0.149,-1.61E-08,wm,TRUE,TRUE
-0.148,-1.62E-08,wm,TRUE,TRUE
-0.147,-1.63E-08,wm,TRUE,TRUE
-0.146,-1.64E-08,wm,TRUE,TRUE
-0.145,-1.65E-08,wm,TRUE,TRUE
-0.144,-1.65E-08,wm,TRUE,TRUE
-0.143,-1.66E-08,wm,TRUE,TRUE
-0.142,-1.67E-08,wm,TRUE,TRUE
-0.141,-1.68E-08,wm,TRUE,TRUE
-0.14,-1.69E-08,wm,TRUE,TRUE
-0.139,-1.71E-08,wm,TRUE,TRUE
-0.138,-1.73E-08,wm,TRUE,TRUE
-0.137,-1.75E-08,wm,TRUE,TRUE
-0.136,-1.77E-08,wm,TRUE,TRUE
-0.135,-1.77E-08,wm,TRUE,TRUE
-0.134,-1.77E-08,wm,TRUE,TRUE
-0.133,-1.76E-08,wm,TRUE,TRUE
-0.132,-1.75E-08,wm,TRUE,TRUE
-0.131,-1.75E-08,wm,TRUE,TRUE
-0.13,-1.76E-08,wm,TRUE,TRUE
-0.129,-1.77E-08,wm,TRUE,TRUE
-0.128,-1.78E-08,wm,TRUE,TRUE
-0.127,-1.78E-08,wm,TRUE,TRUE
-0.126,-1.78E-08,wm,TRUE,TRUE
-0.125,-1.78E-08,wm,TRUE,TRUE
-0.124,-1.77E-08,wm,TRUE,TRUE
-0.123,-1.77E-08,wm,TRUE,TRUE
-0.122,-1.76E-08,wm,TRUE,TRUE
-0.121,-1.75E-08,wm,TRUE,TRUE
-0.12,-1.75E-08,wm,TRUE,TRUE
-0.119,-1.74E-08,wm,TRUE,TRUE
-0.118,-1.74E-08,wm,TRUE,TRUE
-0.117,-1.73E-08,wm,TRUE,TRUE
-0.116,-1.73E-08,wm,TRUE,TRUE
-0.115,-1.73E-08,wm,TRUE,TRUE
-0.114,-1.73E-08,wm,TRUE,TRUE
-0.113,-1.73E-08,wm,TRUE,TRUE
-0.112,-1.73E-08,wm,TRUE,TRUE
-0.111,-1.73E-08,wm,TRUE,TRUE
-0.11,-1.74E-08,wm,TRUE,TRUE
-0.109,-1.75E-08,wm,TRUE,TRUE
-0.108,-1.78E-08,wm,TRUE,TRUE
-0.107,-1.81E-08,wm,TRUE,TRUE
-0.106,-1.85E-08,wm,TRUE,TRUE
-0.105,-1.91E-08,wm,TRUE,TRUE
-0.104,-1.96E-08,wm,TRUE,TRUE
-0.103,-2.02E-08,wm,TRUE,TRUE
-0.102,-2.06E-08,wm,TRUE,TRUE
-0.101,-2.11E-08,wm,TRUE,TRUE
-0.1,-2.13E-08,wm,TRUE,TRUE
-0.099,-2.16E-08,wm,TRUE,TRUE
-0.098,-2.18E-08,wm,TRUE,TRUE
-0.097,-2.20E-08,wm,TRUE,TRUE
-0.096,-2.22E-08,wm,TRUE,TRUE
-0.095,-2.23E-08,wm,TRUE,TRUE
-0.094,-2.23E-08,wm,TRUE,TRUE
-0.093,-2.23E-08,wm,TRUE,TRUE
-0.092,-2.21E-08,wm,TRUE,TRUE
-0.091,-2.19E-08,wm,TRUE,TRUE
-0.09,-2.16E-08,wm,TRUE,TRUE
-0.089,-2.14E-08,wm,TRUE,TRUE
-0.088,-2.11E-08,wm,TRUE,TRUE
-0.087,-2.07E-08,wm,TRUE,TRUE
-0.086,-2.04E-08,wm,TRUE,TRUE
-0.085,-2.00E-08,wm,TRUE,TRUE
-0.084,-1.96E-08,wm,TRUE,TRUE
-0.083,-1.93E-08,wm,TRUE,TRUE
-0.082,-1.89E-08,wm,TRUE,TRUE
-0.081,-1.86E-08,wm,TRUE,TRUE
-0.08,-1.82E-08,wm,TRUE,TRUE
-0.079,-1.79E-08,wm,TRUE,TRUE
-0.078,-1.77E-08,wm,TRUE,TRUE
-0.077,-1.74E-08,wm,TRUE,TRUE
-0.076,-1.74E-08,wm,TRUE,TRUE
-0.075,-1.74E-08,wm,TRUE,TRUE
-0.074,-1.74E-08,wm,TRUE,TRUE
-0.073,-1.75E-08,wm,TRUE,TRUE
-0.072,-1.74E-08,wm,TRUE,TRUE
-0.071,-1.74E-08,wm,TRUE,TRUE
-0.07,-1.73E-08,wm,TRUE,TRUE
-0.069,-1.72E-08,wm,TRUE,TRUE
-0.068,-1.72E-08,wm,TRUE,TRUE
-0.067,-1.70E-08,wm,TRUE,TRUE
-0.066,-1.69E-08,wm,TRUE,TRUE
-0.065,-1.69E-08,wm,TRUE,TRUE
-0.064,-1.69E-08,wm,TRUE,TRUE
-0.063,-1.70E-08,wm,TRUE,TRUE
-0.062,-1.71E-08,wm,TRUE,TRUE
-0.061,-1.72E-08,wm,TRUE,TRUE
-0.06,-1.73E-08,wm,TRUE,TRUE
-0.059,-1.73E-08,wm,TRUE,TRUE
-0.058,-1.73E-08,wm,TRUE,TRUE
-0.057,-1.72E-08,wm,TRUE,TRUE
-0.056,-1.71E-08,wm,TRUE,TRUE
-0.055,-1.72E-08,wm,TRUE,TRUE
-0.054,-1.73E-08,wm,TRUE,TRUE
-0.053,-1.75E-08,wm,TRUE,TRUE
-0.052,-1.78E-08,wm,TRUE,TRUE
-0.051,-1.83E-08,wm,TRUE,TRUE
-0.05,-3.44E-09,mm,TRUE,TRUE
-0.051,2.95E-09,mm,TRUE,TRUE
-0.052,7.65E-09,mm,TRUE,TRUE
-0.053,1.07E-08,mm,TRUE,TRUE
-0.054,1.12E-08,mm,TRUE,TRUE
-0.055,1.08E-08,mm,TRUE,TRUE
-0.056,1.04E-08,mm,TRUE,TRUE
-0.057,1.06E-08,mm,TRUE,TRUE
-0.058,1.06E-08,mm,TRUE,TRUE
-0.059,1.07E-08,mm,TRUE,TRUE
-0.06,1.07E-08,mm,TRUE,TRUE
-0.061,1.08E-08,mm,TRUE,TRUE
-0.062,1.08E-08,mm,TRUE,TRUE
-0.063,1.08E-08,mm,TRUE,TRUE
-0.064,1.09E-08,mm,TRUE,TRUE
-0.065,1.09E-08,mm,TRUE,TRUE
-0.066,1.09E-08,mm,TRUE,TRUE
-0.067,1.10E-08,mm,TRUE,TRUE
-0.068,1.10E-08,mm,TRUE,TRUE
-0.069,1.11E-08,mm,TRUE,TRUE
-0.07,1.11E-08,mm,TRUE,TRUE
-0.071,1.11E-08,mm,TRUE,TRUE
-0.072,1.12E-08,mm,TRUE,TRUE
-0.073,1.12E-08,mm,TRUE,TRUE
-0.074,1.12E-08,mm,TRUE,TRUE
-0.075,1.12E-08,mm,TRUE,TRUE
-0.076,1.12E-08,mm,TRUE,TRUE
-0.077,1.13E-08,mm,TRUE,TRUE
-0.078,1.13E-08,mm,TRUE,TRUE
-0.079,1.14E-08,mm,TRUE,TRUE
-0.08,1.13E-08,mm,TRUE,TRUE
-0.081,1.14E-08,mm,TRUE,TRUE
-0.082,1.14E-08,mm,TRUE,TRUE
-0.083,1.14E-08,mm,TRUE,TRUE
-0.084,1.15E-08,mm,TRUE,TRUE
-0.085,1.15E-08,mm,TRUE,TRUE
-0.086,1.15E-08,mm,TRUE,TRUE
-0.087,1.15E-08,mm,TRUE,TRUE
-0.088,1.15E-08,mm,TRUE,TRUE
-0.089,1.16E-08,mm,TRUE,TRUE
-0.09,1.16E-08,mm,TRUE,TRUE
-0.091,1.16E-08,mm,TRUE,TRUE
-0.092,1.16E-08,mm,TRUE,TRUE
-0.093,1.16E-08,mm,TRUE,TRUE
-0.094,1.17E-08,mm,TRUE,TRUE
-0.095,1.17E-08,mm,TRUE,TRUE
-0.096,1.17E-08,mm,TRUE,TRUE
-0.097,1.17E-08,mm,TRUE,TRUE
-0.098,1.17E-08,mm,TRUE,TRUE
-0.099,1.17E-08,mm,TRUE,TRUE
-0.1,1.17E-08,mm,TRUE,TRUE
-0.101,1.18E-08,mm,TRUE,TRUE
-0.102,1.18E-08,mm,TRUE,TRUE
-0.103,1.18E-08,mm,TRUE,TRUE
-0.104,1.19E-08,mm,TRUE,TRUE
-0.105,1.18E-08,mm,TRUE,TRUE
-0.106,1.18E-08,mm,TRUE,TRUE
-0.107,1.19E-08,mm,TRUE,TRUE
-0.108,1.18E-08,mm,TRUE,TRUE
-0.109,1.19E-08,mm,TRUE,TRUE
-0.11,1.19E-08,mm,TRUE,TRUE
-0.111,1.19E-08,mm,TRUE,TRUE
-0.112,1.19E-08,mm,TRUE,TRUE
-0.113,1.19E-08,mm,TRUE,TRUE
-0.114,1.20E-08,mm,TRUE,TRUE
-0.115,1.20E-08,mm,TRUE,TRUE
-0.116,1.20E-08,mm,TRUE,TRUE
-0.117,1.20E-08,mm,TRUE,TRUE
-0.118,1.20E-08,mm,TRUE,TRUE
-0.119,1.20E-08,mm,TRUE,TRUE
-0.12,1.20E-08,mm,TRUE,TRUE
-0.121,1.20E-08,mm,TRUE,TRUE
-0.122,1.21E-08,mm,TRUE,TRUE
-0.123,1.21E-08,mm,TRUE,TRUE
-0.124,1.21E-08,mm,TRUE,TRUE
-0.125,1.21E-08,mm,TRUE,TRUE
-0.126,1.21E-08,mm,TRUE,TRUE
-0.127,1.22E-08,mm,TRUE,TRUE
-0.128,1.21E-08,mm,TRUE,TRUE
-0.129,1.22E-08,mm,TRUE,TRUE
-0.13,1.22E-08,mm,TRUE,TRUE
-0.131,1.22E-08,mm,TRUE,TRUE
-0.132,1.22E-08,mm,TRUE,TRUE
-0.133,1.22E-08,mm,TRUE,TRUE
-0.134,1.23E-08,mm,TRUE,TRUE
-0.135,1.22E-08,mm,TRUE,TRUE
-0.136,1.23E-08,mm,TRUE,TRUE
-0.137,1.23E-08,mm,TRUE,TRUE
-0.138,1.23E-08,mm,TRUE,TRUE
-0.139,1.23E-08,mm,TRUE,TRUE
-0.14,1.23E-08,mm,TRUE,TRUE
-0.141,1.23E-08,mm,TRUE,TRUE
-0.142,1.24E-08,mm,TRUE,TRUE
-0.143,1.23E-08,mm,TRUE,TRUE
-0.144,1.24E-08,mm,TRUE,TRUE
-0.145,1.24E-08,mm,TRUE,TRUE
-0.146,1.24E-08,mm,TRUE,TRUE
-0.147,1.24E-08,mm,TRUE,TRUE
-0.148,1.24E-08,mm,TRUE,TRUE
-0.149,1.25E-08,mm,TRUE,TRUE
-0.15,1.25E-08,mm,TRUE,TRUE
-0.151,1.25E-08,mm,TRUE,TRUE
-0.152,1.25E-08,mm,TRUE,TRUE
-0.153,1.25E-08,mm,TRUE,TRUE
-0.154,1.26E-08,mm,TRUE,TRUE
-0.155,1.25E-08,mm,TRUE,TRUE
-0.156,1.25E-08,mm,TRUE,TRUE
-0.157,1.26E-08,mm,TRUE,TRUE
-0.158,1.26E-08,mm,TRUE,TRUE
-0.159,1.26E-08,mm,TRUE,TRUE
-0.16,1.26E-08,mm,TRUE,TRUE
-0.161,1.26E-08,mm,TRUE,TRUE
-0.162,1.27E-08,mm,TRUE,TRUE
-0.163,1.27E-08,mm,TRUE,TRUE
-0.164,1.27E-08,mm,TRUE,TRUE
-0.165,1.27E-08,mm,TRUE,TRUE
-0.166,1.27E-08,mm,TRUE,TRUE
-0.167,1.28E-08,mm,TRUE,TRUE
-0.168,1.27E-08,mm,TRUE,TRUE
-0.169,1.28E-08,mm,TRUE,TRUE
-0.17,1.28E-08,mm,TRUE,TRUE
-0.171,1.28E-08,mm,TRUE,TRUE
-0.172,1.29E-08,mm,TRUE,TRUE
-0.173,1.29E-08,mm,TRUE,TRUE
-0.174,1.29E-08,mm,TRUE,TRUE
-0.175,1.29E-08,mm,TRUE,TRUE
-0.176,1.29E-08,mm,TRUE,TRUE
-0.177,1.29E-08,mm,TRUE,TRUE
-0.178,1.29E-08,mm,TRUE,TRUE
-0.179,1.30E-08,mm,TRUE,TRUE
-0.18,1.30E-08,mm,TRUE,TRUE
-0.181,1.30E-08,mm,TRUE,TRUE
-0.182,1.30E-08,mm,TRUE,TRUE
-0.183,1.30E-08,mm,TRUE,TRUE
-0.184,1.31E-08,mm,TRUE,TRUE
-0.185,1.31E-08,mm,TRUE,TRUE
-0.186,1.31E-08,mm,TRUE,TRUE
-0.187,1.32E-08,mm,TRUE,TRUE
-0.188,1.32E-08,mm,TRUE,TRUE
-0.189,1.32E-08,mm,TRUE,TRUE
-0.19,1.32E-08,mm,TRUE,TRUE
-0.191,1.32E-08,mm,TRUE,TRUE
-0.192,1.33E-08,mm,TRUE,TRUE
-0.193,1.33E-08,mm,TRUE,TRUE
-0.194,1.33E-08,mm,TRUE,TRUE
-0.195,1.33E-08,mm,TRUE,TRUE
-0.196,1.34E-08,mm,TRUE,TRUE
-0.197,1.34E-08,mm,TRUE,TRUE
-0.198,1.34E-08,mm,TRUE,TRUE
-0.199,1.35E-08,mm,TRUE,TRUE
-0.2,1.35E-08,mm,TRUE,TRUE
-0.201,1.35E-08,mm,TRUE,TRUE
-0.202,1.36E-08,mm,TRUE,TRUE
-0.203,1.36E-08,mm,TRUE,TRUE
-0.204,1.37E-08,mm,TRUE,TRUE
-0.205,1.37E-08,mm,TRUE,TRUE
-0.206,1.37E-08,mm,TRUE,TRUE
-0.207,1.38E-08,mm,TRUE,TRUE
-0.208,1.37E-08,mm,TRUE,TRUE
-0.209,1.38E-08,mm,TRUE,TRUE
-0.21,1.38E-08,mm,TRUE,TRUE
-0.211,1.39E-08,mm,TRUE,TRUE
-0.212,1.39E-08,mm,TRUE,TRUE
-0.213,1.39E-08,mm,TRUE,TRUE
-0.214,1.40E-08,mm,TRUE,TRUE
-0.215,1.40E-08,mm,TRUE,TRUE
-0.216,1.40E-08,mm,TRUE,TRUE
-0.217,1.41E-08,mm,TRUE,TRUE
-0.218,1.41E-08,mm,TRUE,TRUE
-0.219,1.42E-08,mm,TRUE,TRUE
-0.22,1.42E-08,mm,TRUE,TRUE
-0.221,1.42E-08,mm,TRUE,TRUE
-0.222,1.43E-08,mm,TRUE,TRUE
-0.223,1.44E-08,mm,TRUE,TRUE
-0.224,1.44E-08,mm,TRUE,TRUE
-0.225,1.45E-08,mm,TRUE,TRUE
-0.226,1.45E-08,mm,TRUE,TRUE
-0.227,1.46E-08,mm,TRUE,TRUE
-0.228,1.46E-08,mm,TRUE,TRUE
-0.229,1.47E-08,mm,TRUE,TRUE
-0.23,1.47E-08,mm,TRUE,TRUE
-0.231,1.48E-08,mm,TRUE,TRUE
-0.232,1.49E-08,mm,TRUE,TRUE
-0.233,1.49E-08,mm,TRUE,TRUE
-0.234,1.50E-08,mm,TRUE,TRUE
-0.235,1.50E-08,mm,TRUE,TRUE
-0.236,1.51E-08,mm,TRUE,TRUE
-0.237,1.52E-08,mm,TRUE,TRUE
-0.238,1.52E-08,mm,TRUE,TRUE
-0.239,1.53E-08,mm,TRUE,TRUE
-0.24,1.54E-08,mm,TRUE,TRUE
-0.241,1.55E-08,mm,TRUE,TRUE
-0.242,1.56E-08,mm,TRUE,TRUE
-0.243,1.56E-08,mm,TRUE,TRUE
-0.244,1.57E-08,mm,TRUE,TRUE
-0.245,1.58E-08,mm,TRUE,TRUE
-0.246,1.58E-08,mm,TRUE,TRUE
-0.247,1.60E-08,mm,TRUE,TRUE
-0.248,1.60E-08,mm,TRUE,TRUE
-0.249,1.62E-08,mm,TRUE,TRUE
-0.25,1.62E-08,mm,TRUE,TRUE
-0.251,1.63E-08,mm,TRUE,TRUE
-0.252,1.65E-08,mm,TRUE,TRUE
-0.253,1.65E-08,mm,TRUE,TRUE
-0.254,1.67E-08,mm,TRUE,TRUE
-0.255,1.68E-08,mm,TRUE,TRUE
-0.256,1.69E-08,mm,TRUE,TRUE
-0.257,1.70E-08,mm,TRUE,TRUE
-0.258,1.70E-08,mm,TRUE,TRUE
-0.259,1.72E-08,mm,TRUE,TRUE
-0.26,1.73E-08,mm,TRUE,TRUE
-0.261,1.74E-08,mm,TRUE,TRUE
-0.262,1.76E-08,mm,TRUE,TRUE
-0.263,1.77E-08,mm,TRUE,TRUE
-0.264,1.79E-08,mm,TRUE,TRUE
-0.265,1.80E-08,mm,TRUE,TRUE
-0.266,1.81E-08,mm,TRUE,TRUE
-0.267,1.83E-08,mm,TRUE,TRUE
-0.268,1.84E-08,mm,TRUE,TRUE
-0.269,1.86E-08,mm,TRUE,TRUE
-0.27,1.87E-08,mm,TRUE,TRUE
-0.271,1.88E-08,mm,TRUE,TRUE
-0.272,1.90E-08,mm,TRUE,TRUE
-0.273,1.92E-08,mm,TRUE,TRUE
-0.274,1.94E-08,mm,TRUE,TRUE
-0.275,1.96E-08,mm,TRUE,TRUE
-0.276,1.97E-08,mm,TRUE,TRUE
-0.277,1.99E-08,mm,TRUE,TRUE
-0.278,2.01E-08,mm,TRUE,TRUE
-0.279,2.03E-08,mm,TRUE,TRUE
-0.28,2.05E-08,mm,TRUE,TRUE
-0.281,2.07E-08,mm,TRUE,TRUE
-0.282,2.09E-08,mm,TRUE,TRUE
-0.283,2.11E-08,mm,TRUE,TRUE
-0.284,2.13E-08,mm,TRUE,TRUE
-0.285,2.15E-08,mm,TRUE,TRUE
-0.286,2.18E-08,mm,TRUE,TRUE
-0.287,2.20E-08,mm,TRUE,TRUE
-0.288,2.22E-08,mm,TRUE,TRUE
-0.289,2.25E-08,mm,TRUE,TRUE
-0.29,2.27E-08,mm,TRUE,TRUE
-0.291,2.30E-08,mm,TRUE,TRUE
-0.292,2.33E-08,mm,TRUE,TRUE
-0.293,2.35E-08,mm,TRUE,TRUE
-0.294,2.38E-08,mm,TRUE,TRUE
-0.295,2.40E-08,mm,TRUE,TRUE
-0.296,2.43E-08,mm,TRUE,TRUE
-0.297,2.46E-08,mm,TRUE,TRUE
-0.298,2.49E-08,mm,TRUE,TRUE
-0.299,2.52E-08,mm,TRUE,TRUE
-0.3,2.55E-08,mm,TRUE,TRUE
-0.301,2.58E-08,mm,TRUE,TRUE
-0.302,2.61E-08,mm,TRUE,TRUE
-0.303,2.64E-08,mm,TRUE,TRUE
-0.304,2.68E-08,mm,TRUE,TRUE
-0.305,2.71E-08,mm,TRUE,TRUE
-0.306,2.75E-08,mm,TRUE,TRUE
-0.307,2.78E-08,mm,TRUE,TRUE
-0.308,2.81E-08,mm,TRUE,TRUE
-0.309,2.85E-08,mm,TRUE,TRUE
-0.31,2.88E-08,mm,TRUE,TRUE
-0.311,2.92E-08,mm,TRUE,TRUE
-0.312,2.96E-08,mm,TRUE,TRUE
-0.313,2.99E-08,mm,TRUE,TRUE
-0.314,3.04E-08,mm,TRUE,TRUE
-0.315,3.07E-08,mm,TRUE,TRUE
-0.316,3.11E-08,mm,TRUE,TRUE
-0.317,3.16E-08,mm,TRUE,TRUE
-0.318,3.19E-08,mm,TRUE,TRUE
-0.319,3.24E-08,mm,TRUE,TRUE
-0.32,3.28E-08,mm,TRUE,TRUE
-0.321,3.32E-08,mm,TRUE,TRUE
-0.322,3.37E-08,mm,TRUE,TRUE
-0.323,3.41E-08,mm,TRUE,TRUE
-0.324,3.46E-08,mm,TRUE,TRUE
-0.325,3.50E-08,mm,TRUE,TRUE
-0.326,3.55E-08,mm,TRUE,TRUE
-0.327,3.60E-08,mm,TRUE,TRUE
-0.328,3.65E-08,mm,TRUE,TRUE
-0.329,3.70E-08,mm,TRUE,TRUE
-0.33,3.75E-08,mm,TRUE,TRUE
-0.331,3.80E-08,mm,TRUE,TRUE
-0.332,3.85E-08,mm,TRUE,TRUE
-0.333,3.90E-08,mm,TRUE,TRUE
-0.334,3.96E-08,mm,TRUE,TRUE
-0.335,4.01E-08,mm,TRUE,TRUE
-0.336,4.06E-08,mm,TRUE,TRUE
-0.337,4.12E-08,mm,TRUE,TRUE
-0.338,4.18E-08,mm,TRUE,TRUE
-0.339,4.24E-08,mm,TRUE,TRUE
-0.34,4.30E-08,mm,TRUE,TRUE
-0.341,4.36E-08,mm,TRUE,TRUE
-0.342,4.42E-08,mm,TRUE,TRUE
-0.343,4.48E-08,mm,TRUE,TRUE
-0.344,4.55E-08,mm,TRUE,TRUE
-0.345,4.62E-08,mm,TRUE,TRUE
-0.346,4.68E-08,mm,TRUE,TRUE
-0.347,4.75E-08,mm,TRUE,TRUE
-0.348,4.81E-08,mm,TRUE,TRUE
-0.349,4.89E-08,mm,TRUE,TRUE
-0.35,4.96E-08,mm,TRUE,TRUE
-0.351,5.04E-08,mm,TRUE,TRUE
-0.352,5.12E-08,mm,TRUE,TRUE
-0.353,5.19E-08,mm,TRUE,TRUE
-0.354,5.27E-08,mm,TRUE,TRUE
-0.355,5.35E-08,mm,TRUE,TRUE
-0.356,5.43E-08,mm,TRUE,TRUE
-0.357,5.52E-08,mm,TRUE,TRUE
-0.358,5.60E-08,mm,TRUE,TRUE
-0.359,5.69E-08,mm,TRUE,TRUE
-0.36,5.77E-08,mm,TRUE,TRUE
-0.361,5.86E-08,mm,TRUE,TRUE
-0.362,5.96E-08,mm,TRUE,TRUE
-0.363,6.05E-08,mm,TRUE,TRUE
-0.364,6.15E-08,mm,TRUE,TRUE
-0.365,6.24E-08,mm,TRUE,TRUE
-0.366,6.34E-08,mm,TRUE,TRUE
-0.367,6.44E-08,mm,TRUE,TRUE
-0.368,6.54E-08,mm,TRUE,TRUE
-0.369,6.65E-08,mm,TRUE,TRUE
-0.37,6.75E-08,mm,TRUE,TRUE
-0.371,6.86E-08,mm,TRUE,TRUE
-0.372,6.98E-08,mm,TRUE,TRUE
-0.373,7.09E-08,mm,TRUE,TRUE
-0.374,7.21E-08,mm,TRUE,TRUE
-0.375,7.32E-08,mm,TRUE,TRUE
-0.376,7.44E-08,mm,TRUE,TRUE
-0.377,7.57E-08,mm,TRUE,TRUE
-0.378,7.69E-08,mm,TRUE,TRUE
-0.379,7.81E-08,mm,TRUE,TRUE
-0.38,7.94E-08,mm,TRUE,TRUE
-0.381,8.07E-08,mm,TRUE,TRUE
-0.382,8.21E-08,mm,TRUE,TRUE
-0.383,8.34E-08,mm,TRUE,TRUE
-0.384,8.48E-08,mm,TRUE,TRUE
-0.385,8.61E-08,mm,TRUE,TRUE
-0.386,8.76E-08,mm,TRUE,TRUE
-0.387,8.90E-08,mm,TRUE,TRUE
-0.388,9.05E-08,mm,TRUE,TRUE
-0.389,9.20E-08,mm,TRUE,TRUE
-0.39,9.35E-08,mm,TRUE,TRUE
-0.391,9.50E-08,mm,TRUE,TRUE
-0.392,9.66E-08,mm,TRUE,TRUE
-0.393,9.81E-08,mm,TRUE,TRUE
-0.394,9.97E-08,mm,TRUE,TRUE
-0.395,1.01E-07,mm,TRUE,TRUE
-0.396,1.03E-07,mm,TRUE,TRUE
-0.397,1.05E-07,mm,TRUE,TRUE
-0.398,1.06E-07,mm,TRUE,TRUE
-0.399,1.08E-07,mm,TRUE,TRUE
-0.4,1.10E-07,mm,TRUE,TRUE
-0.401,1.12E-07,mm,TRUE,TRUE
-0.402,1.13E-07,mm,TRUE,TRUE
-0.403,1.15E-07,mm,TRUE,TRUE
-0.404,1.17E-07,mm,TRUE,TRUE
-0.405,1.19E-07,mm,TRUE,TRUE
-0.406,1.21E-07,mm,TRUE,TRUE
-0.407,1.23E-07,mm,TRUE,TRUE
-0.408,1.25E-07,mm,TRUE,TRUE
-0.409,1.27E-07,mm,TRUE,TRUE
-0.41,1.29E-07,mm,TRUE,TRUE
-0.411,1.31E-07,mm,TRUE,TRUE
-0.412,1.33E-07,mm,TRUE,TRUE
-0.413,1.35E-07,mm,TRUE,TRUE
-0.414,1.37E-07,mm,TRUE,TRUE
-0.415,1.40E-07,mm,TRUE,TRUE
-0.416,1.42E-07,mm,TRUE,TRUE
-0.417,1.44E-07,mm,TRUE,TRUE
-0.418,1.46E-07,mm,TRUE,TRUE
-0.419,1.49E-07,mm,TRUE,TRUE
-0.42,1.51E-07,mm,TRUE,TRUE
-0.421,1.54E-07,mm,TRUE,TRUE
-0.422,1.56E-07,mm,TRUE,TRUE
-0.423,1.59E-07,mm,TRUE,TRUE
-0.424,1.61E-07,mm,TRUE,TRUE
-0.425,1.64E-07,mm,TRUE,TRUE
-0.426,1.66E-07,mm,TRUE,TRUE
-0.427,1.69E-07,mm,TRUE,TRUE
-0.428,1.72E-07,mm,TRUE,TRUE
-0.429,1.75E-07,mm,TRUE,TRUE
-0.43,1.77E-07,mm,TRUE,TRUE
-0.431,1.80E-07,mm,TRUE,TRUE
-0.432,1.83E-07,mm,TRUE,TRUE
-0.433,1.86E-07,mm,TRUE,TRUE
-0.434,1.89E-07,mm,TRUE,TRUE
-0.435,1.92E-07,mm,TRUE,TRUE
-0.436,1.95E-07,mm,TRUE,TRUE
-0.437,1.98E-07,mm,TRUE,TRUE
-0.438,2.01E-07,mm,TRUE,TRUE
-0.439,2.04E-07,mm,TRUE,TRUE
-0.44,2.08E-07,mm,TRUE,TRUE
-0.441,2.11E-07,mm,TRUE,TRUE
-0.442,2.14E-07,mm,TRUE,TRUE
-0.443,2.18E-07,mm,TRUE,TRUE
-0.444,2.21E-07,mm,TRUE,TRUE
-0.445,2.25E-07,mm,TRUE,TRUE
-0.446,2.28E-07,mm,TRUE,TRUE
-0.447,2.32E-07,mm,TRUE,TRUE
-0.448,2.35E-07,mm,TRUE,TRUE
-0.449,2.39E-07,mm,TRUE,TRUE
-0.45,2.29E-07,mm,TRUE,TRUE
-0.449,2.21E-07,mm,TRUE,TRUE
-0.448,2.14E-07,mm,TRUE,TRUE
-0.447,2.08E-07,mm,TRUE,TRUE
-0.446,2.04E-07,mm,TRUE,TRUE
-0.445,2.01E-07,mm,TRUE,TRUE
-0.444,1.98E-07,mm,TRUE,TRUE
-0.443,1.94E-07,mm,TRUE,TRUE
-0.442,1.91E-07,mm,TRUE,TRUE
-0.441,1.88E-07,mm,TRUE,TRUE
-0.44,1.84E-07,mm,TRUE,TRUE
-0.439,1.81E-07,mm,TRUE,TRUE
-0.438,1.78E-07,mm,TRUE,TRUE
-0.437,1.75E-07,mm,TRUE,TRUE
-0.436,1.72E-07,mm,TRUE,TRUE
-0.435,1.69E-07,mm,TRUE,TRUE
-0.434,1.66E-07,mm,TRUE,TRUE
-0.433,1.63E-07,mm,TRUE,TRUE
-0.432,1.60E-07,mm,TRUE,TRUE
-0.431,1.57E-07,mm,TRUE,TRUE
-0.43,1.54E-07,mm,TRUE,TRUE
-0.429,1.51E-07,mm,TRUE,TRUE
-0.428,1.48E-07,mm,TRUE,TRUE
-0.427,1.45E-07,mm,TRUE,TRUE
-0.426,1.43E-07,mm,TRUE,TRUE
-0.425,1.40E-07,mm,TRUE,TRUE
-0.424,1.38E-07,mm,TRUE,TRUE
-0.423,1.35E-07,mm,TRUE,TRUE
-0.422,1.32E-07,mm,TRUE,TRUE
-0.421,1.30E-07,mm,TRUE,TRUE
-0.42,1.27E-07,mm,TRUE,TRUE
-0.419,1.25E-07,mm,TRUE,TRUE
-0.418,1.23E-07,mm,TRUE,TRUE
-0.417,1.20E-07,mm,TRUE,TRUE
-0.416,1.18E-07,mm,TRUE,TRUE
-0.415,1.16E-07,mm,TRUE,TRUE
-0.414,1.14E-07,mm,TRUE,TRUE
-0.413,1.11E-07,mm,TRUE,TRUE
-0.412,1.09E-07,mm,TRUE,TRUE
-0.411,1.07E-07,mm,TRUE,TRUE
-0.41,1.05E-07,mm,TRUE,TRUE
-0.409,1.03E-07,mm,TRUE,TRUE
-0.408,1.01E-07,mm,TRUE,TRUE
-0.407,9.88E-08,mm,TRUE,TRUE
-0.406,9.69E-08,mm,TRUE,TRUE
-0.405,9.49E-08,mm,TRUE,TRUE
-0.404,9.30E-08,mm,TRUE,TRUE
-0.403,9.11E-08,mm,TRUE,TRUE
-0.402,8.92E-08,mm,TRUE,TRUE
-0.401,8.74E-08,mm,TRUE,TRUE
-0.4,8.56E-08,mm,TRUE,TRUE
-0.399,8.38E-08,mm,TRUE,TRUE
-0.398,8.21E-08,mm,TRUE,TRUE
-0.397,8.04E-08,mm,TRUE,TRUE
-0.396,7.87E-08,mm,TRUE,TRUE
-0.395,7.70E-08,mm,TRUE,TRUE
-0.394,7.54E-08,mm,TRUE,TRUE
-0.393,7.38E-08,mm,TRUE,TRUE
-0.392,7.22E-08,mm,TRUE,TRUE
-0.391,7.07E-08,mm,TRUE,TRUE
-0.39,6.91E-08,mm,TRUE,TRUE
-0.389,6.76E-08,mm,TRUE,TRUE
-0.388,6.62E-08,mm,TRUE,TRUE
-0.387,6.47E-08,mm,TRUE,TRUE
-0.386,6.33E-08,mm,TRUE,TRUE
-0.385,6.19E-08,mm,TRUE,TRUE
-0.384,6.05E-08,mm,TRUE,TRUE
-0.383,5.92E-08,mm,TRUE,TRUE
-0.382,5.79E-08,mm,TRUE,TRUE
-0.381,5.66E-08,mm,TRUE,TRUE
-0.38,5.53E-08,mm,TRUE,TRUE
-0.379,5.40E-08,mm,TRUE,TRUE
-0.378,5.28E-08,mm,TRUE,TRUE
-0.377,5.15E-08,mm,TRUE,TRUE
-0.376,5.04E-08,mm,TRUE,TRUE
-0.375,4.92E-08,mm,TRUE,TRUE
-0.374,4.80E-08,mm,TRUE,TRUE
-0.373,4.70E-08,mm,TRUE,TRUE
-0.372,4.58E-08,mm,TRUE,TRUE
-0.371,4.47E-08,mm,TRUE,TRUE
-0.37,4.36E-08,mm,TRUE,TRUE
-0.369,4.26E-08,mm,TRUE,TRUE
-0.368,4.16E-08,mm,TRUE,TRUE
-0.367,4.05E-08,mm,TRUE,TRUE
-0.366,3.95E-08,mm,TRUE,TRUE
-0.365,3.85E-08,mm,TRUE,TRUE
-0.364,3.76E-08,mm,TRUE,TRUE
-0.363,3.67E-08,mm,TRUE,TRUE
-0.362,3.57E-08,mm,TRUE,TRUE
-0.361,3.48E-08,mm,TRUE,TRUE
-0.36,3.39E-08,mm,TRUE,TRUE
-0.359,3.30E-08,mm,TRUE,TRUE
-0.358,3.22E-08,mm,TRUE,TRUE
-0.357,3.13E-08,mm,TRUE,TRUE
-0.356,3.05E-08,mm,TRUE,TRUE
-0.355,2.96E-08,mm,TRUE,TRUE
-0.354,2.88E-08,mm,TRUE,TRUE
-0.353,2.81E-08,mm,TRUE,TRUE
-0.352,2.73E-08,mm,TRUE,TRUE
-0.351,2.65E-08,mm,TRUE,TRUE
-0.35,2.58E-08,mm,TRUE,TRUE
-0.349,2.51E-08,mm,TRUE,TRUE
-0.348,2.44E-08,mm,TRUE,TRUE
-0.347,2.36E-08,mm,TRUE,TRUE
-0.346,2.30E-08,mm,TRUE,TRUE
-0.345,2.23E-08,mm,TRUE,TRUE
-0.344,2.16E-08,mm,TRUE,TRUE
-0.343,2.10E-08,mm,TRUE,TRUE
-0.342,2.03E-08,mm,TRUE,TRUE
-0.341,1.97E-08,mm,TRUE,TRUE
-0.34,1.90E-08,mm,TRUE,TRUE
-0.339,1.84E-08,mm,TRUE,TRUE
-0.338,1.79E-08,mm,TRUE,TRUE
-0.337,1.72E-08,mm,TRUE,TRUE
-0.336,1.67E-08,mm,TRUE,TRUE
-0.335,1.60E-08,mm,TRUE,TRUE
-0.334,1.55E-08,mm,TRUE,TRUE
-0.333,1.49E-08,mm,TRUE,TRUE
-0.332,1.43E-08,mm,TRUE,TRUE
-0.331,1.38E-08,mm,TRUE,TRUE
-0.33,1.33E-08,mm,TRUE,TRUE
-0.329,1.27E-08,mm,TRUE,TRUE
-0.328,1.22E-08,mm,TRUE,TRUE
-0.327,1.17E-08,mm,TRUE,TRUE
-0.326,1.12E-08,mm,TRUE,TRUE
-0.325,1.06E-08,mm,TRUE,TRUE
-0.324,1.01E-08,mm,TRUE,TRUE
-0.323,9.67E-09,mm,TRUE,TRUE
-0.322,9.13E-09,mm,TRUE,TRUE
-0.321,8.68E-09,mm,TRUE,TRUE
-0.32,8.18E-09,mm,TRUE,TRUE
-0.319,7.69E-09,mm,TRUE,TRUE
-0.318,7.26E-09,mm,TRUE,TRUE
-0.317,6.74E-09,mm,TRUE,TRUE
-0.316,6.30E-09,mm,TRUE,TRUE
-0.315,5.83E-09,mm,TRUE,TRUE
-0.314,5.35E-09,mm,TRUE,TRUE
-0.313,4.94E-09,mm,TRUE,TRUE
-0.312,4.45E-09,mm,TRUE,TRUE
-0.311,4.04E-09,mm,TRUE,TRUE
-0.31,3.59E-09,mm,TRUE,TRUE
-0.309,3.12E-09,mm,TRUE,TRUE
-0.308,2.72E-09,mm,TRUE,TRUE
-0.307,2.23E-09,mm,TRUE,TRUE
-0.306,1.85E-09,mm,TRUE,TRUE
-0.305,1.43E-09,mm,TRUE,TRUE
-0.304,1.02E-09,mm,TRUE,TRUE
-0.303,6.38E-10,mm,TRUE,TRUE
-0.302,1.73E-10,mm,TRUE,TRUE
-0.301,-2.11E-10,mm,TRUE,TRUE
-0.3,-6.32E-10,mm,TRUE,TRUE
-0.299,-1.04E-09,mm,TRUE,TRUE
-0.298,-1.39E-09,mm,TRUE,TRUE
-0.297,-1.83E-09,mm,TRUE,TRUE
-0.296,-2.18E-09,mm,TRUE,TRUE
-0.295,-2.57E-09,mm,TRUE,TRUE
-0.294,-2.98E-09,mm,TRUE,TRUE
-0.293,-3.32E-09,mm,TRUE,TRUE
-0.292,-3.74E-09,mm,TRUE,TRUE
-0.291,-4.08E-09,mm,TRUE,TRUE
-0.29,-4.47E-09,mm,TRUE,TRUE
-0.289,-4.87E-09,mm,TRUE,TRUE
-0.288,-5.20E-09,mm,TRUE,TRUE
-0.287,-5.62E-09,mm,TRUE,TRUE
-0.286,-5.94E-09,mm,TRUE,TRUE
-0.285,-6.30E-09,mm,TRUE,TRUE
-0.284,-6.67E-09,mm,TRUE,TRUE
-0.283,-6.98E-09,mm,TRUE,TRUE
-0.282,-7.38E-09,mm,TRUE,TRUE
-0.281,-7.70E-09,mm,TRUE,TRUE
-0.28,-8.06E-09,mm,TRUE,TRUE
-0.279,-8.42E-09,mm,TRUE,TRUE
-0.278,-8.71E-09,mm,TRUE,TRUE
-0.277,-9.10E-09,mm,TRUE,TRUE
-0.276,-9.41E-09,mm,TRUE,TRUE
-0.275,-9.75E-09,mm,TRUE,TRUE
-0.274,-1.01E-08,mm,TRUE,TRUE
-0.273,-1.04E-08,mm,TRUE,TRUE
-0.272,-1.07E-08,mm,TRUE,TRUE
-0.271,-1.10E-08,mm,TRUE,TRUE
-0.27,-1.13E-08,mm,TRUE,TRUE
-0.269,-1.17E-08,mm,TRUE,TRUE
-0.268,-1.19E-08,mm,TRUE,TRUE
-0.267,-1.23E-08,mm,TRUE,TRUE
-0.266,-1.25E-08,mm,TRUE,TRUE
-0.265,-1.28E-08,mm,TRUE,TRUE
-0.264,-1.32E-08,mm,TRUE,TRUE
-0.263,-1.34E-08,mm,TRUE,TRUE
-0.262,-1.37E-08,mm,TRUE,TRUE
-0.261,-1.40E-08,mm,TRUE,TRUE
-0.26,-1.43E-08,mm,TRUE,TRUE
-0.259,-1.45E-08,mm,TRUE,TRUE
-0.258,-1.48E-08,mm,TRUE,TRUE
-0.257,-1.51E-08,mm,TRUE,TRUE
-0.256,-1.53E-08,mm,TRUE,TRUE
-0.255,-1.56E-08,mm,TRUE,TRUE
-0.254,-1.58E-08,mm,TRUE,TRUE
-0.253,-1.60E-08,mm,TRUE,TRUE
-0.252,-1.63E-08,mm,TRUE,TRUE
-0.251,-1.65E-08,mm,TRUE,TRUE
-0.25,-1.67E-08,mm,TRUE,TRUE
-0.249,-1.69E-08,mm,TRUE,TRUE
-0.248,-1.71E-08,mm,TRUE,TRUE
-0.247,-1.73E-08,mm,TRUE,TRUE
-0.246,-1.75E-08,mm,TRUE,TRUE
-0.245,-1.76E-08,mm,TRUE,TRUE
-0.244,-1.78E-08,mm,TRUE,TRUE
-0.243,-1.80E-08,mm,TRUE,TRUE
-0.242,-1.82E-08,mm,TRUE,TRUE
-0.241,-1.83E-08,mm,TRUE,TRUE
-0.24,-1.84E-08,mm,TRUE,TRUE
-0.239,-1.85E-08,mm,TRUE,TRUE
-0.238,-1.86E-08,mm,TRUE,TRUE
-0.237,-1.88E-08,mm,TRUE,TRUE
-0.236,-1.88E-08,mm,TRUE,TRUE
-0.235,-1.89E-08,mm,TRUE,TRUE
-0.234,-1.89E-08,mm,TRUE,TRUE
-0.233,-1.90E-08,mm,TRUE,TRUE
-0.232,-1.90E-08,mm,TRUE,TRUE
-0.231,-1.91E-08,mm,TRUE,TRUE
-0.23,-1.91E-08,mm,TRUE,TRUE
-0.229,-1.91E-08,mm,TRUE,TRUE
-0.228,-1.91E-08,mm,TRUE,TRUE
-0.227,-1.91E-08,mm,TRUE,TRUE
-0.226,-1.90E-08,mm,TRUE,TRUE
-0.225,-1.90E-08,mm,TRUE,TRUE
-0.224,-1.90E-08,mm,TRUE,TRUE
-0.223,-1.89E-08,mm,TRUE,TRUE
-0.222,-1.89E-08,mm,TRUE,TRUE
-0.221,-1.88E-08,mm,TRUE,TRUE
-0.22,-1.87E-08,mm,TRUE,TRUE
-0.219,-1.86E-08,mm,TRUE,TRUE
-0.218,-1.85E-08,mm,TRUE,TRUE
-0.217,-1.84E-08,mm,TRUE,TRUE
-0.216,-1.82E-08,mm,TRUE,TRUE
-0.215,-1.81E-08,mm,TRUE,TRUE
-0.214,-1.80E-08,mm,TRUE,TRUE
-0.213,-1.78E-08,mm,TRUE,TRUE
-0.212,-1.77E-08,mm,TRUE,TRUE
-0.211,-1.76E-08,mm,TRUE,TRUE
-0.21,-1.74E-08,mm,TRUE,TRUE
-0.209,-1.73E-08,mm,TRUE,TRUE
-0.208,-1.71E-08,mm,TRUE,TRUE
-0.207,-1.70E-08,mm,TRUE,TRUE
-0.206,-1.69E-08,mm,TRUE,TRUE
-0.205,-1.67E-08,mm,TRUE,TRUE
-0.204,-1.66E-08,mm,TRUE,TRUE
-0.203,-1.64E-08,mm,TRUE,TRUE
-0.202,-1.63E-08,mm,TRUE,TRUE
-0.201,-1.61E-08,mm,TRUE,TRUE
-0.2,-1.60E-08,mm,TRUE,TRUE
-0.199,-1.59E-08,mm,TRUE,TRUE
-0.198,-1.58E-08,mm,TRUE,TRUE
-0.197,-1.57E-08,mm,TRUE,TRUE
-0.196,-1.56E-08,mm,TRUE,TRUE
-0.195,-1.55E-08,mm,TRUE,TRUE
-0.194,-1.54E-08,mm,TRUE,TRUE
-0.193,-1.53E-08,mm,TRUE,TRUE
-0.192,-1.52E-08,mm,TRUE,TRUE
-0.191,-1.51E-08,mm,TRUE,TRUE
-0.19,-1.51E-08,mm,TRUE,TRUE
-0.189,-1.50E-08,mm,TRUE,TRUE
-0.188,-1.49E-08,mm,TRUE,TRUE
-0.187,-1.49E-08,mm,TRUE,TRUE
-0.186,-1.49E-08,mm,TRUE,TRUE
-0.185,-1.49E-08,mm,TRUE,TRUE
-0.184,-1.48E-08,mm,TRUE,TRUE
-0.183,-1.47E-08,mm,TRUE,TRUE
-0.182,-1.48E-08,mm,TRUE,TRUE
-0.181,-1.47E-08,mm,TRUE,TRUE
-0.18,-1.47E-08,mm,TRUE,TRUE
-0.179,-1.47E-08,mm,TRUE,TRUE
-0.178,-1.46E-08,mm,TRUE,TRUE
-0.177,-1.46E-08,mm,TRUE,TRUE
-0.176,-1.46E-08,mm,TRUE,TRUE
-0.175,-1.46E-08,mm,TRUE,TRUE
-0.174,-1.46E-08,mm,TRUE,TRUE
-0.173,-1.46E-08,mm,TRUE,TRUE
-0.172,-1.46E-08,mm,TRUE,TRUE
-0.171,-1.46E-08,mm,TRUE,TRUE
-0.17,-1.46E-08,mm,TRUE,TRUE
-0.169,-1.46E-08,mm,TRUE,TRUE
-0.168,-1.46E-08,mm,TRUE,TRUE
-0.167,-1.46E-08,mm,TRUE,TRUE
-0.166,-1.46E-08,mm,TRUE,TRUE
-0.165,-1.46E-08,mm,TRUE,TRUE
-0.164,-1.46E-08,mm,TRUE,TRUE
-0.163,-1.46E-08,mm,TRUE,TRUE
-0.162,-1.47E-08,mm,TRUE,TRUE
-0.161,-1.46E-08,mm,TRUE,TRUE
-0.16,-1.47E-08,mm,TRUE,TRUE
-0.159,-1.47E-08,mm,TRUE,TRUE
-0.158,-1.46E-08,mm,TRUE,TRUE
-0.157,-1.47E-08,mm,TRUE,TRUE
-0.156,-1.47E-08,mm,TRUE,TRUE
-0.155,-1.47E-08,mm,TRUE,TRUE
-0.154,-1.47E-08,mm,TRUE,TRUE
-0.153,-1.47E-08,mm,TRUE,TRUE
-0.152,-1.47E-08,mm,TRUE,TRUE
-0.151,-1.47E-08,mm,TRUE,TRUE
-0.15,-1.47E-08,mm,TRUE,TRUE
-0.149,-1.48E-08,mm,TRUE,TRUE
-0.148,-1.47E-08,mm,TRUE,TRUE
-0.147,-1.48E-08,mm,TRUE,TRUE
-0.146,-1.48E-08,mm,TRUE,TRUE
-0.145,-1.48E-08,mm,TRUE,TRUE
-0.144,-1.48E-08,mm,TRUE,TRUE
-0.143,-1.48E-08,mm,TRUE,TRUE
-0.142,-1.48E-08,mm,TRUE,TRUE
-0.141,-1.48E-08,mm,TRUE,TRUE
-0.14,-1.49E-08,mm,TRUE,TRUE
-0.139,-1.49E-08,mm,TRUE,TRUE
-0.138,-1.48E-08,mm,TRUE,TRUE
-0.137,-1.49E-08,mm,TRUE,TRUE
-0.136,-1.49E-08,mm,TRUE,TRUE
-0.135,-1.49E-08,mm,TRUE,TRUE
-0.134,-1.49E-08,mm,TRUE,TRUE
-0.133,-1.49E-08,mm,TRUE,TRUE
-0.132,-1.50E-08,mm,TRUE,TRUE
-0.131,-1.49E-08,mm,TRUE,TRUE
-0.13,-1.50E-08,mm,TRUE,TRUE
-0.129,-1.50E-08,mm,TRUE,TRUE
-0.128,-1.50E-08,mm,TRUE,TRUE
-0.127,-1.50E-08,mm,TRUE,TRUE
-0.126,-1.50E-08,mm,TRUE,TRUE
-0.125,-1.50E-08,mm,TRUE,TRUE
-0.124,-1.50E-08,mm,TRUE,TRUE
-0.123,-1.50E-08,mm,TRUE,TRUE
-0.122,-1.51E-08,mm,TRUE,TRUE
-0.121,-1.51E-08,mm,TRUE,TRUE
-0.12,-1.51E-08,mm,TRUE,TRUE
-0.119,-1.51E-08,mm,TRUE,TRUE
-0.118,-1.51E-08,mm,TRUE,TRUE
-0.117,-1.51E-08,mm,TRUE,TRUE
-0.116,-1.51E-08,mm,TRUE,TRUE
-0.115,-1.51E-08,mm,TRUE,TRUE
-0.114,-1.52E-08,mm,TRUE,TRUE
-0.113,-1.51E-08,mm,TRUE,TRUE
-0.112,-1.52E-08,mm,TRUE,TRUE
-0.111,-1.52E-08,mm,TRUE,TRUE
-0.11,-1.52E-08,mm,TRUE,TRUE
-0.109,-1.52E-08,mm,TRUE,TRUE
-0.108,-1.52E-08,mm,TRUE,TRUE
-0.107,-1.52E-08,mm,TRUE,TRUE
-0.106,-1.52E-08,mm,TRUE,TRUE
-0.105,-1.52E-08,mm,TRUE,TRUE
-0.104,-1.53E-08,mm,TRUE,TRUE
-0.103,-1.53E-08,mm,TRUE,TRUE
-0.102,-1.53E-08,mm,TRUE,TRUE
-0.101,-1.53E-08,mm,TRUE,TRUE
-0.1,-1.53E-08,mm,TRUE,TRUE
-0.099,-1.53E-08,mm,TRUE,TRUE
-0.098,-1.53E-08,mm,TRUE,TRUE
-0.097,-1.53E-08,mm,TRUE,TRUE
-0.096,-1.53E-08,mm,TRUE,TRUE
-0.095,-1.54E-08,mm,TRUE,TRUE
-0.094,-1.54E-08,mm,TRUE,TRUE
-0.093,-1.53E-08,mm,TRUE,TRUE
-0.092,-1.54E-08,mm,TRUE,TRUE
-0.091,-1.54E-08,mm,TRUE,TRUE
-0.09,-1.54E-08,mm,TRUE,TRUE
-0.089,-1.54E-08,mm,TRUE,TRUE
-0.088,-1.54E-08,mm,TRUE,TRUE
-0.087,-1.55E-08,mm,TRUE,TRUE
-0.086,-1.54E-08,mm,TRUE,TRUE
-0.085,-1.55E-08,mm,TRUE,TRUE
-0.084,-1.55E-08,mm,TRUE,TRUE
-0.083,-1.55E-08,mm,TRUE,TRUE
-0.082,-1.55E-08,mm,TRUE,TRUE
-0.081,-1.55E-08,mm,TRUE,TRUE
-0.08,-1.55E-08,mm,TRUE,TRUE
-0.079,-1.55E-08,mm,TRUE,TRUE
-0.078,-1.55E-08,mm,TRUE,TRUE
-0.077,-1.56E-08,mm,TRUE,TRUE
-0.076,-1.56E-08,mm,TRUE,TRUE
-0.075,-1.56E-08,mm,TRUE,TRUE
-0.074,-1.56E-08,mm,TRUE,TRUE
-0.073,-1.56E-08,mm,TRUE,TRUE
-0.072,-1.56E-08,mm,TRUE,TRUE
-0.071,-1.56E-08,mm,TRUE,TRUE
-0.07,-1.56E-08,mm,TRUE,TRUE
-0.069,-1.57E-08,mm,TRUE,TRUE
-0.068,-1.56E-08,mm,TRUE,TRUE
-0.067,-1.57E-08,mm,TRUE,TRUE
-0.066,-1.57E-08,mm,TRUE,TRUE
-0.065,-1.57E-08,mm,TRUE,TRUE
-0.064,-1.57E-08,mm,TRUE,TRUE
-0.063,-1.57E-08,mm,TRUE,TRUE
-0.062,-1.58E-08,mm,TRUE,TRUE
-0.061,-1.57E-08,mm,TRUE,TRUE
-0.06,-1.58E-08,mm,TRUE,TRUE
-0.059,-1.58E-08,mm,TRUE,TRUE
-0.058,-1.58E-08,mm,TRUE,TRUE
-0.057,-1.58E-08,mm,TRUE,TRUE
-0.056,-1.59E-08,mm,TRUE,TRUE
-0.055,-1.58E-08,mm,TRUE,TRUE
-0.054,-1.57E-08,mm,TRUE,TRUE
-0.053,-1.57E-08,mm,TRUE,TRUE
-0.052,-1.58E-08,mm,TRUE,TRUE
-0.051,-1.59E-08,mm,TRUE,TRUE
-0.05,-3.26E-09,wm,FALSE,TRUE
-0.051,3.65E-09,wm,FALSE,TRUE
-0.052,8.80E-09,wm,FALSE,TRUE
-0.053,1.22E-08,wm,FALSE,TRUE
-0.054,1.30E-08,wm,FALSE,TRUE
-0.055,1.29E-08,wm,FALSE,TRUE
-0.056,1.26E-08,wm,FALSE,TRUE
-0.057,1.28E-08,wm,FALSE,TRUE
-0.058,1.30E-08,wm,FALSE,TRUE
-0.059,1.31E-08,wm,FALSE,TRUE
-0.06,1.32E-08,wm,FALSE,TRUE
-0.061,1.32E-08,wm,FALSE,TRUE
-0.062,1.32E-08,wm,FALSE,TRUE
-0.063,1.33E-08,wm,FALSE,TRUE
-0.064,1.33E-08,wm,FALSE,TRUE
-0.065,1.34E-08,wm,FALSE,TRUE
-0.066,1.35E-08,wm,FALSE,TRUE
-0.067,1.36E-08,wm,FALSE,TRUE
-0.068,1.37E-08,wm,FALSE,TRUE
-0.069,1.37E-08,wm,FALSE,TRUE
-0.07,1.37E-08,wm,FALSE,TRUE
-0.071,1.37E-08,wm,FALSE,TRUE
-0.072,1.38E-08,wm,FALSE,TRUE
-0.073,1.39E-08,wm,FALSE,TRUE
-0.074,1.40E-08,wm,FALSE,TRUE
-0.075,1.40E-08,wm,FALSE,TRUE
-0.076,1.40E-08,wm,FALSE,TRUE
-0.077,1.41E-08,wm,FALSE,TRUE
-0.078,1.41E-08,wm,FALSE,TRUE
-0.079,1.42E-08,wm,FALSE,TRUE
-0.08,1.43E-08,wm,FALSE,TRUE
-0.081,1.43E-08,wm,FALSE,TRUE
-0.082,1.43E-08,wm,FALSE,TRUE
-0.083,1.43E-08,wm,FALSE,TRUE
-0.084,1.43E-08,wm,FALSE,TRUE
-0.085,1.43E-08,wm,FALSE,TRUE
-0.086,1.44E-08,wm,FALSE,TRUE
-0.087,1.44E-08,wm,FALSE,TRUE
-0.088,1.45E-08,wm,FALSE,TRUE
-0.089,1.45E-08,wm,FALSE,TRUE
-0.09,1.46E-08,wm,FALSE,TRUE
-0.091,1.46E-08,wm,FALSE,TRUE
-0.092,1.46E-08,wm,FALSE,TRUE
-0.093,1.46E-08,wm,FALSE,TRUE
-0.094,1.46E-08,wm,FALSE,TRUE
-0.095,1.47E-08,wm,FALSE,TRUE
-0.096,1.47E-08,wm,FALSE,TRUE
-0.097,1.47E-08,wm,FALSE,TRUE
-0.098,1.47E-08,wm,FALSE,TRUE
-0.099,1.47E-08,wm,FALSE,TRUE
-0.1,1.48E-08,wm,FALSE,TRUE
-0.101,1.48E-08,wm,FALSE,TRUE
-0.102,1.48E-08,wm,FALSE,TRUE
-0.103,1.48E-08,wm,FALSE,TRUE
-0.104,1.48E-08,wm,FALSE,TRUE
-0.105,1.49E-08,wm,FALSE,TRUE
-0.106,1.49E-08,wm,FALSE,TRUE
-0.107,1.49E-08,wm,FALSE,TRUE
-0.108,1.49E-08,wm,FALSE,TRUE
-0.109,1.49E-08,wm,FALSE,TRUE
-0.11,1.50E-08,wm,FALSE,TRUE
-0.111,1.50E-08,wm,FALSE,TRUE
-0.112,1.50E-08,wm,FALSE,TRUE
-0.113,1.51E-08,wm,FALSE,TRUE
-0.114,1.51E-08,wm,FALSE,TRUE
-0.115,1.51E-08,wm,FALSE,TRUE
-0.116,1.51E-08,wm,FALSE,TRUE
-0.117,1.51E-08,wm,FALSE,TRUE
-0.118,1.50E-08,wm,FALSE,TRUE
-0.119,1.50E-08,wm,FALSE,TRUE
-0.12,1.51E-08,wm,FALSE,TRUE
-0.121,1.52E-08,wm,FALSE,TRUE
-0.122,1.52E-08,wm,FALSE,TRUE
-0.123,1.53E-08,wm,FALSE,TRUE
-0.124,1.52E-08,wm,FALSE,TRUE
-0.125,1.52E-08,wm,FALSE,TRUE
-0.126,1.52E-08,wm,FALSE,TRUE
-0.127,1.52E-08,wm,FALSE,TRUE
-0.128,1.53E-08,wm,FALSE,TRUE
-0.129,1.53E-08,wm,FALSE,TRUE
-0.13,1.54E-08,wm,FALSE,TRUE
-0.131,1.54E-08,wm,FALSE,TRUE
-0.132,1.54E-08,wm,FALSE,TRUE
-0.133,1.54E-08,wm,FALSE,TRUE
-0.134,1.54E-08,wm,FALSE,TRUE
-0.135,1.54E-08,wm,FALSE,TRUE
-0.136,1.53E-08,wm,FALSE,TRUE
-0.137,1.53E-08,wm,FALSE,TRUE
-0.138,1.53E-08,wm,FALSE,TRUE
-0.139,1.53E-08,wm,FALSE,TRUE
-0.14,1.54E-08,wm,FALSE,TRUE
-0.141,1.54E-08,wm,FALSE,TRUE
-0.142,1.54E-08,wm,FALSE,TRUE
-0.143,1.55E-08,wm,FALSE,TRUE
-0.144,1.55E-08,wm,FALSE,TRUE
-0.145,1.55E-08,wm,FALSE,TRUE
-0.146,1.55E-08,wm,FALSE,TRUE
-0.147,1.55E-08,wm,FALSE,TRUE
-0.148,1.55E-08,wm,FALSE,TRUE
-0.149,1.55E-08,wm,FALSE,TRUE
-0.15,1.56E-08,wm,FALSE,TRUE
-0.151,1.56E-08,wm,FALSE,TRUE
-0.152,1.57E-08,wm,FALSE,TRUE
-0.153,1.57E-08,wm,FALSE,TRUE
-0.154,1.57E-08,wm,FALSE,TRUE
-0.155,1.57E-08,wm,FALSE,TRUE
-0.156,1.57E-08,wm,FALSE,TRUE
-0.157,1.57E-08,wm,FALSE,TRUE
-0.158,1.57E-08,wm,FALSE,TRUE
-0.159,1.56E-08,wm,FALSE,TRUE
-0.16,1.56E-08,wm,FALSE,TRUE
-0.161,1.57E-08,wm,FALSE,TRUE
-0.162,1.57E-08,wm,FALSE,TRUE
-0.163,1.58E-08,wm,FALSE,TRUE
-0.164,1.59E-08,wm,FALSE,TRUE
-0.165,1.59E-08,wm,FALSE,TRUE
-0.166,1.59E-08,wm,FALSE,TRUE
-0.167,1.58E-08,wm,FALSE,TRUE
-0.168,1.58E-08,wm,FALSE,TRUE
-0.169,1.58E-08,wm,FALSE,TRUE
-0.17,1.59E-08,wm,FALSE,TRUE
-0.171,1.59E-08,wm,FALSE,TRUE
-0.172,1.59E-08,wm,FALSE,TRUE
-0.173,1.59E-08,wm,FALSE,TRUE
-0.174,1.59E-08,wm,FALSE,TRUE
-0.175,1.59E-08,wm,FALSE,TRUE
-0.176,1.59E-08,wm,FALSE,TRUE
-0.177,1.59E-08,wm,FALSE,TRUE
-0.178,1.60E-08,wm,FALSE,TRUE
-0.179,1.60E-08,wm,FALSE,TRUE
-0.18,1.61E-08,wm,FALSE,TRUE
-0.181,1.61E-08,wm,FALSE,TRUE
-0.182,1.61E-08,wm,FALSE,TRUE
-0.183,1.61E-08,wm,FALSE,TRUE
-0.184,1.61E-08,wm,FALSE,TRUE
-0.185,1.61E-08,wm,FALSE,TRUE
-0.186,1.61E-08,wm,FALSE,TRUE
-0.187,1.61E-08,wm,FALSE,TRUE
-0.188,1.61E-08,wm,FALSE,TRUE
-0.189,1.61E-08,wm,FALSE,TRUE
-0.19,1.62E-08,wm,FALSE,TRUE
-0.191,1.62E-08,wm,FALSE,TRUE
-0.192,1.62E-08,wm,FALSE,TRUE
-0.193,1.61E-08,wm,FALSE,TRUE
-0.194,1.61E-08,wm,FALSE,TRUE
-0.195,1.62E-08,wm,FALSE,TRUE
-0.196,1.63E-08,wm,FALSE,TRUE
-0.197,1.63E-08,wm,FALSE,TRUE
-0.198,1.63E-08,wm,FALSE,TRUE
-0.199,1.64E-08,wm,FALSE,TRUE
-0.2,1.63E-08,wm,FALSE,TRUE
-0.201,1.63E-08,wm,FALSE,TRUE
-0.202,1.64E-08,wm,FALSE,TRUE
-0.203,1.65E-08,wm,FALSE,TRUE
-0.204,1.67E-08,wm,FALSE,TRUE
-0.205,1.69E-08,wm,FALSE,TRUE
-0.206,1.68E-08,wm,FALSE,TRUE
-0.207,1.67E-08,wm,FALSE,TRUE
-0.208,1.65E-08,wm,FALSE,TRUE
-0.209,1.64E-08,wm,FALSE,TRUE
-0.21,1.64E-08,wm,FALSE,TRUE
-0.211,1.65E-08,wm,FALSE,TRUE
-0.212,1.65E-08,wm,FALSE,TRUE
-0.213,1.66E-08,wm,FALSE,TRUE
-0.214,1.66E-08,wm,FALSE,TRUE
-0.215,1.67E-08,wm,FALSE,TRUE
-0.216,1.66E-08,wm,FALSE,TRUE
-0.217,1.66E-08,wm,FALSE,TRUE
-0.218,1.66E-08,wm,FALSE,TRUE
-0.219,1.66E-08,wm,FALSE,TRUE
-0.22,1.67E-08,wm,FALSE,TRUE
-0.221,1.68E-08,wm,FALSE,TRUE
-0.222,1.68E-08,wm,FALSE,TRUE
-0.223,1.69E-08,wm,FALSE,TRUE
-0.224,1.68E-08,wm,FALSE,TRUE
-0.225,1.69E-08,wm,FALSE,TRUE
-0.226,1.69E-08,wm,FALSE,TRUE
-0.227,1.69E-08,wm,FALSE,TRUE
-0.228,1.69E-08,wm,FALSE,TRUE
-0.229,1.69E-08,wm,FALSE,TRUE
-0.23,1.70E-08,wm,FALSE,TRUE
-0.231,1.70E-08,wm,FALSE,TRUE
-0.232,1.70E-08,wm,FALSE,TRUE
-0.233,1.70E-08,wm,FALSE,TRUE
-0.234,1.70E-08,wm,FALSE,TRUE
-0.235,1.71E-08,wm,FALSE,TRUE
-0.236,1.72E-08,wm,FALSE,TRUE
-0.237,1.73E-08,wm,FALSE,TRUE
-0.238,1.73E-08,wm,FALSE,TRUE
-0.239,1.73E-08,wm,FALSE,TRUE
-0.24,1.73E-08,wm,FALSE,TRUE
-0.241,1.74E-08,wm,FALSE,TRUE
-0.242,1.74E-08,wm,FALSE,TRUE
-0.243,1.74E-08,wm,FALSE,TRUE
-0.244,1.75E-08,wm,FALSE,TRUE
-0.245,1.75E-08,wm,FALSE,TRUE
-0.246,1.75E-08,wm,FALSE,TRUE
-0.247,1.75E-08,wm,FALSE,TRUE
-0.248,1.75E-08,wm,FALSE,TRUE
-0.249,1.76E-08,wm,FALSE,TRUE
-0.25,1.77E-08,wm,FALSE,TRUE
-0.251,1.77E-08,wm,FALSE,TRUE
-0.252,1.78E-08,wm,FALSE,TRUE
-0.253,1.79E-08,wm,FALSE,TRUE
-0.254,1.79E-08,wm,FALSE,TRUE
-0.255,1.80E-08,wm,FALSE,TRUE
-0.256,1.81E-08,wm,FALSE,TRUE
-0.257,1.81E-08,wm,FALSE,TRUE
-0.258,1.81E-08,wm,FALSE,TRUE
-0.259,1.81E-08,wm,FALSE,TRUE
-0.26,1.82E-08,wm,FALSE,TRUE
-0.261,1.82E-08,wm,FALSE,TRUE
-0.262,1.83E-08,wm,FALSE,TRUE
-0.263,1.84E-08,wm,FALSE,TRUE
-0.264,1.84E-08,wm,FALSE,TRUE
-0.265,1.85E-08,wm,FALSE,TRUE
-0.266,1.85E-08,wm,FALSE,TRUE
-0.267,1.85E-08,wm,FALSE,TRUE
-0.268,1.86E-08,wm,FALSE,TRUE
-0.269,1.87E-08,wm,FALSE,TRUE
-0.27,1.88E-08,wm,FALSE,TRUE
-0.271,1.89E-08,wm,FALSE,TRUE
-0.272,1.89E-08,wm,FALSE,TRUE
-0.273,1.90E-08,wm,FALSE,TRUE
-0.274,1.91E-08,wm,FALSE,TRUE
-0.275,1.91E-08,wm,FALSE,TRUE
-0.276,1.92E-08,wm,FALSE,TRUE
-0.277,1.93E-08,wm,FALSE,TRUE
-0.278,1.94E-08,wm,FALSE,TRUE
-0.279,1.95E-08,wm,FALSE,TRUE
-0.28,1.96E-08,wm,FALSE,TRUE
-0.281,1.96E-08,wm,FALSE,TRUE
-0.282,1.97E-08,wm,FALSE,TRUE
-0.283,1.98E-08,wm,FALSE,TRUE
-0.284,2.00E-08,wm,FALSE,TRUE
-0.285,2.01E-08,wm,FALSE,TRUE
-0.286,2.02E-08,wm,FALSE,TRUE
-0.287,2.02E-08,wm,FALSE,TRUE
-0.288,2.03E-08,wm,FALSE,TRUE
-0.289,2.04E-08,wm,FALSE,TRUE
-0.29,2.05E-08,wm,FALSE,TRUE
-0.291,2.06E-08,wm,FALSE,TRUE
-0.292,2.07E-08,wm,FALSE,TRUE
-0.293,2.08E-08,wm,FALSE,TRUE
-0.294,2.09E-08,wm,FALSE,TRUE
-0.295,2.11E-08,wm,FALSE,TRUE
-0.296,2.12E-08,wm,FALSE,TRUE
-0.297,2.14E-08,wm,FALSE,TRUE
-0.298,2.15E-08,wm,FALSE,TRUE
-0.299,2.17E-08,wm,FALSE,TRUE
-0.3,2.18E-08,wm,FALSE,TRUE
-0.301,2.19E-08,wm,FALSE,TRUE
-0.302,2.20E-08,wm,FALSE,TRUE
-0.303,2.22E-08,wm,FALSE,TRUE
-0.304,2.23E-08,wm,FALSE,TRUE
-0.305,2.26E-08,wm,FALSE,TRUE
-0.306,2.27E-08,wm,FALSE,TRUE
-0.307,2.28E-08,wm,FALSE,TRUE
-0.308,2.29E-08,wm,FALSE,TRUE
-0.309,2.31E-08,wm,FALSE,TRUE
-0.31,2.33E-08,wm,FALSE,TRUE
-0.311,2.34E-08,wm,FALSE,TRUE
-0.312,2.36E-08,wm,FALSE,TRUE
-0.313,2.38E-08,wm,FALSE,TRUE
-0.314,2.39E-08,wm,FALSE,TRUE
-0.315,2.41E-08,wm,FALSE,TRUE
-0.316,2.43E-08,wm,FALSE,TRUE
-0.317,2.45E-08,wm,FALSE,TRUE
-0.318,2.48E-08,wm,FALSE,TRUE
-0.319,2.50E-08,wm,FALSE,TRUE
-0.32,2.53E-08,wm,FALSE,TRUE
-0.321,2.55E-08,wm,FALSE,TRUE
-0.322,2.57E-08,wm,FALSE,TRUE
-0.323,2.60E-08,wm,FALSE,TRUE
-0.324,2.62E-08,wm,FALSE,TRUE
-0.325,2.65E-08,wm,FALSE,TRUE
-0.326,2.67E-08,wm,FALSE,TRUE
-0.327,2.68E-08,wm,FALSE,TRUE
-0.328,2.70E-08,wm,FALSE,TRUE
-0.329,2.73E-08,wm,FALSE,TRUE
-0.33,2.76E-08,wm,FALSE,TRUE
-0.331,2.79E-08,wm,FALSE,TRUE
-0.332,2.83E-08,wm,FALSE,TRUE
-0.333,2.87E-08,wm,FALSE,TRUE
-0.334,2.91E-08,wm,FALSE,TRUE
-0.335,2.94E-08,wm,FALSE,TRUE
-0.336,2.97E-08,wm,FALSE,TRUE
-0.337,2.99E-08,wm,FALSE,TRUE
-0.338,3.02E-08,wm,FALSE,TRUE
-0.339,3.05E-08,wm,FALSE,TRUE
-0.34,3.10E-08,wm,FALSE,TRUE
-0.341,3.14E-08,wm,FALSE,TRUE
-0.342,3.18E-08,wm,FALSE,TRUE
-0.343,3.22E-08,wm,FALSE,TRUE
-0.344,3.25E-08,wm,FALSE,TRUE
-0.345,3.29E-08,wm,FALSE,TRUE
-0.346,3.32E-08,wm,FALSE,TRUE
-0.347,3.36E-08,wm,FALSE,TRUE
-0.348,3.41E-08,wm,FALSE,TRUE
-0.349,3.46E-08,wm,FALSE,TRUE
-0.35,3.51E-08,wm,FALSE,TRUE
-0.351,3.55E-08,wm,FALSE,TRUE
-0.352,3.60E-08,wm,FALSE,TRUE
-0.353,3.64E-08,wm,FALSE,TRUE
-0.354,3.68E-08,wm,FALSE,TRUE
-0.355,3.73E-08,wm,FALSE,TRUE
-0.356,3.78E-08,wm,FALSE,TRUE
-0.357,3.83E-08,wm,FALSE,TRUE
-0.358,3.87E-08,wm,FALSE,TRUE
-0.359,3.92E-08,wm,FALSE,TRUE
-0.36,3.96E-08,wm,FALSE,TRUE
-0.361,4.01E-08,wm,FALSE,TRUE
-0.362,4.05E-08,wm,FALSE,TRUE
-0.363,4.10E-08,wm,FALSE,TRUE
-0.364,4.14E-08,wm,FALSE,TRUE
-0.365,4.19E-08,wm,FALSE,TRUE
-0.366,4.24E-08,wm,FALSE,TRUE
-0.367,4.28E-08,wm,FALSE,TRUE
-0.368,4.32E-08,wm,FALSE,TRUE
-0.369,4.36E-08,wm,FALSE,TRUE
-0.37,4.41E-08,wm,FALSE,TRUE
-0.371,4.44E-08,wm,FALSE,TRUE
-0.372,4.48E-08,wm,FALSE,TRUE
-0.373,4.53E-08,wm,FALSE,TRUE
-0.374,4.57E-08,wm,FALSE,TRUE
-0.375,4.61E-08,wm,FALSE,TRUE
-0.376,4.64E-08,wm,FALSE,TRUE
-0.377,4.67E-08,wm,FALSE,TRUE
-0.378,4.70E-08,wm,FALSE,TRUE
-0.379,4.72E-08,wm,FALSE,TRUE
-0.38,4.75E-08,wm,FALSE,TRUE
-0.381,4.77E-08,wm,FALSE,TRUE
-0.382,4.80E-08,wm,FALSE,TRUE
-0.383,4.82E-08,wm,FALSE,TRUE
-0.384,4.84E-08,wm,FALSE,TRUE
-0.385,4.87E-08,wm,FALSE,TRUE
-0.386,4.89E-08,wm,FALSE,TRUE
-0.387,4.91E-08,wm,FALSE,TRUE
-0.388,4.92E-08,wm,FALSE,TRUE
-0.389,4.93E-08,wm,FALSE,TRUE
-0.39,4.94E-08,wm,FALSE,TRUE
-0.391,4.95E-08,wm,FALSE,TRUE
-0.392,4.96E-08,wm,FALSE,TRUE
-0.393,4.97E-08,wm,FALSE,TRUE
-0.394,4.98E-08,wm,FALSE,TRUE
-0.395,4.99E-08,wm,FALSE,TRUE
-0.396,4.99E-08,wm,FALSE,TRUE
-0.397,5.00E-08,wm,FALSE,TRUE
-0.398,5.01E-08,wm,FALSE,TRUE
-0.399,5.02E-08,wm,FALSE,TRUE
-0.4,5.02E-08,wm,FALSE,TRUE
-0.401,5.02E-08,wm,FALSE,TRUE
-0.402,5.02E-08,wm,FALSE,TRUE
-0.403,5.03E-08,wm,FALSE,TRUE
-0.404,5.04E-08,wm,FALSE,TRUE
-0.405,5.05E-08,wm,FALSE,TRUE
-0.406,5.05E-08,wm,FALSE,TRUE
-0.407,5.06E-08,wm,FALSE,TRUE
-0.408,5.06E-08,wm,FALSE,TRUE
-0.409,5.06E-08,wm,FALSE,TRUE
-0.41,5.07E-08,wm,FALSE,TRUE
-0.411,5.08E-08,wm,FALSE,TRUE
-0.412,5.10E-08,wm,FALSE,TRUE
-0.413,5.11E-08,wm,FALSE,TRUE
-0.414,5.13E-08,wm,FALSE,TRUE
-0.415,5.15E-08,wm,FALSE,TRUE
-0.416,5.16E-08,wm,FALSE,TRUE
-0.417,5.18E-08,wm,FALSE,TRUE
-0.418,5.20E-08,wm,FALSE,TRUE
-0.419,5.21E-08,wm,FALSE,TRUE
-0.42,5.23E-08,wm,FALSE,TRUE
-0.421,5.26E-08,wm,FALSE,TRUE
-0.422,5.28E-08,wm,FALSE,TRUE
-0.423,5.30E-08,wm,FALSE,TRUE
-0.424,5.32E-08,wm,FALSE,TRUE
-0.425,5.34E-08,wm,FALSE,TRUE
-0.426,5.37E-08,wm,FALSE,TRUE
-0.427,5.40E-08,wm,FALSE,TRUE
-0.428,5.44E-08,wm,FALSE,TRUE
-0.429,5.47E-08,wm,FALSE,TRUE
-0.43,5.51E-08,wm,FALSE,TRUE
-0.431,5.55E-08,wm,FALSE,TRUE
-0.432,5.58E-08,wm,FALSE,TRUE
-0.433,5.61E-08,wm,FALSE,TRUE
-0.434,5.65E-08,wm,FALSE,TRUE
-0.435,5.68E-08,wm,FALSE,TRUE
-0.436,5.72E-08,wm,FALSE,TRUE
-0.437,5.76E-08,wm,FALSE,TRUE
-0.438,5.81E-08,wm,FALSE,TRUE
-0.439,5.85E-08,wm,FALSE,TRUE
-0.44,5.90E-08,wm,FALSE,TRUE
-0.441,5.94E-08,wm,FALSE,TRUE
-0.442,5.99E-08,wm,FALSE,TRUE
-0.443,6.04E-08,wm,FALSE,TRUE
-0.444,6.10E-08,wm,FALSE,TRUE
-0.445,6.15E-08,wm,FALSE,TRUE
-0.446,6.21E-08,wm,FALSE,TRUE
-0.447,6.25E-08,wm,FALSE,TRUE
-0.448,6.29E-08,wm,FALSE,TRUE
-0.449,6.32E-08,wm,FALSE,TRUE
-0.45,5.00E-08,wm,FALSE,TRUE
-0.449,4.19E-08,wm,FALSE,TRUE
-0.448,3.57E-08,wm,FALSE,TRUE
-0.447,3.14E-08,wm,FALSE,TRUE
-0.446,2.97E-08,wm,FALSE,TRUE
-0.445,2.92E-08,wm,FALSE,TRUE
-0.444,2.89E-08,wm,FALSE,TRUE
-0.443,2.81E-08,wm,FALSE,TRUE
-0.442,2.74E-08,wm,FALSE,TRUE
-0.441,2.66E-08,wm,FALSE,TRUE
-0.44,2.59E-08,wm,FALSE,TRUE
-0.439,2.52E-08,wm,FALSE,TRUE
-0.438,2.46E-08,wm,FALSE,TRUE
-0.437,2.40E-08,wm,FALSE,TRUE
-0.436,2.34E-08,wm,FALSE,TRUE
-0.435,2.28E-08,wm,FALSE,TRUE
-0.434,2.22E-08,wm,FALSE,TRUE
-0.433,2.15E-08,wm,FALSE,TRUE
-0.432,2.09E-08,wm,FALSE,TRUE
-0.431,2.03E-08,wm,FALSE,TRUE
-0.43,1.97E-08,wm,FALSE,TRUE
-0.429,1.91E-08,wm,FALSE,TRUE
-0.428,1.86E-08,wm,FALSE,TRUE
-0.427,1.81E-08,wm,FALSE,TRUE
-0.426,1.76E-08,wm,FALSE,TRUE
-0.425,1.72E-08,wm,FALSE,TRUE
-0.424,1.68E-08,wm,FALSE,TRUE
-0.423,1.63E-08,wm,FALSE,TRUE
-0.422,1.59E-08,wm,FALSE,TRUE
-0.421,1.53E-08,wm,FALSE,TRUE
-0.42,1.49E-08,wm,FALSE,TRUE
-0.419,1.44E-08,wm,FALSE,TRUE
-0.418,1.40E-08,wm,FALSE,TRUE
-0.417,1.35E-08,wm,FALSE,TRUE
-0.416,1.31E-08,wm,FALSE,TRUE
-0.415,1.26E-08,wm,FALSE,TRUE
-0.414,1.22E-08,wm,FALSE,TRUE
-0.413,1.17E-08,wm,FALSE,TRUE
-0.412,1.14E-08,wm,FALSE,TRUE
-0.411,1.10E-08,wm,FALSE,TRUE
-0.41,1.07E-08,wm,FALSE,TRUE
-0.409,1.03E-08,wm,FALSE,TRUE
-0.408,9.83E-09,wm,FALSE,TRUE
-0.407,9.41E-09,wm,FALSE,TRUE
-0.406,8.99E-09,wm,FALSE,TRUE
-0.405,8.62E-09,wm,FALSE,TRUE
-0.404,8.25E-09,wm,FALSE,TRUE
-0.403,7.91E-09,wm,FALSE,TRUE
-0.402,7.60E-09,wm,FALSE,TRUE
-0.401,7.28E-09,wm,FALSE,TRUE
-0.4,6.96E-09,wm,FALSE,TRUE
-0.399,6.57E-09,wm,FALSE,TRUE
-0.398,6.18E-09,wm,FALSE,TRUE
-0.397,5.81E-09,wm,FALSE,TRUE
-0.396,5.47E-09,wm,FALSE,TRUE
-0.395,5.17E-09,wm,FALSE,TRUE
-0.394,4.85E-09,wm,FALSE,TRUE
-0.393,4.53E-09,wm,FALSE,TRUE
-0.392,4.20E-09,wm,FALSE,TRUE
-0.391,3.87E-09,wm,FALSE,TRUE
-0.39,3.60E-09,wm,FALSE,TRUE
-0.389,3.30E-09,wm,FALSE,TRUE
-0.388,3.01E-09,wm,FALSE,TRUE
-0.387,2.73E-09,wm,FALSE,TRUE
-0.386,2.41E-09,wm,FALSE,TRUE
-0.385,2.11E-09,wm,FALSE,TRUE
-0.384,1.76E-09,wm,FALSE,TRUE
-0.383,1.45E-09,wm,FALSE,TRUE
-0.382,1.17E-09,wm,FALSE,TRUE
-0.381,9.40E-10,wm,FALSE,TRUE
-0.38,7.60E-10,wm,FALSE,TRUE
-0.379,5.20E-10,wm,FALSE,TRUE
-0.378,2.59E-10,wm,FALSE,TRUE
-0.377,-1.57E-11,wm,FALSE,TRUE
-0.376,-3.14E-10,wm,FALSE,TRUE
-0.375,-5.80E-10,wm,FALSE,TRUE
-0.374,-8.62E-10,wm,FALSE,TRUE
-0.373,-1.17E-09,wm,FALSE,TRUE
-0.372,-1.43E-09,wm,FALSE,TRUE
-0.371,-1.63E-09,wm,FALSE,TRUE
-0.37,-1.78E-09,wm,FALSE,TRUE
-0.369,-1.98E-09,wm,FALSE,TRUE
-0.368,-2.23E-09,wm,FALSE,TRUE
-0.367,-2.57E-09,wm,FALSE,TRUE
-0.366,-2.88E-09,wm,FALSE,TRUE
-0.365,-3.07E-09,wm,FALSE,TRUE
-0.364,-3.22E-09,wm,FALSE,TRUE
-0.363,-3.38E-09,wm,FALSE,TRUE
-0.362,-3.60E-09,wm,FALSE,TRUE
-0.361,-3.91E-09,wm,FALSE,TRUE
-0.36,-4.21E-09,wm,FALSE,TRUE
-0.359,-4.47E-09,wm,FALSE,TRUE
-0.358,-4.62E-09,wm,FALSE,TRUE
-0.357,-4.77E-09,wm,FALSE,TRUE
-0.356,-4.95E-09,wm,FALSE,TRUE
-0.355,-5.12E-09,wm,FALSE,TRUE
-0.354,-5.38E-09,wm,FALSE,TRUE
-0.353,-5.64E-09,wm,FALSE,TRUE
-0.352,-5.83E-09,wm,FALSE,TRUE
-0.351,-6.05E-09,wm,FALSE,TRUE
-0.35,-6.21E-09,wm,FALSE,TRUE
-0.349,-6.38E-09,wm,FALSE,TRUE
-0.348,-6.55E-09,wm,FALSE,TRUE
-0.347,-6.75E-09,wm,FALSE,TRUE
-0.346,-6.96E-09,wm,FALSE,TRUE
-0.345,-7.19E-09,wm,FALSE,TRUE
-0.344,-7.42E-09,wm,FALSE,TRUE
-0.343,-7.60E-09,wm,FALSE,TRUE
-0.342,-7.72E-09,wm,FALSE,TRUE
-0.341,-7.88E-09,wm,FALSE,TRUE
-0.34,-8.03E-09,wm,FALSE,TRUE
-0.339,-8.25E-09,wm,FALSE,TRUE
-0.338,-8.46E-09,wm,FALSE,TRUE
-0.337,-8.65E-09,wm,FALSE,TRUE
-0.336,-8.83E-09,wm,FALSE,TRUE
-0.335,-9.00E-09,wm,FALSE,TRUE
-0.334,-9.22E-09,wm,FALSE,TRUE
-0.333,-9.44E-09,wm,FALSE,TRUE
-0.332,-9.65E-09,wm,FALSE,TRUE
-0.331,-9.85E-09,wm,FALSE,TRUE
-0.33,-1.00E-08,wm,FALSE,TRUE
-0.329,-1.02E-08,wm,FALSE,TRUE
-0.328,-1.04E-08,wm,FALSE,TRUE
-0.327,-1.05E-08,wm,FALSE,TRUE
-0.326,-1.07E-08,wm,FALSE,TRUE
-0.325,-1.09E-08,wm,FALSE,TRUE
-0.324,-1.11E-08,wm,FALSE,TRUE
-0.323,-1.12E-08,wm,FALSE,TRUE
-0.322,-1.14E-08,wm,FALSE,TRUE
-0.321,-1.16E-08,wm,FALSE,TRUE
-0.32,-1.17E-08,wm,FALSE,TRUE
-0.319,-1.19E-08,wm,FALSE,TRUE
-0.318,-1.21E-08,wm,FALSE,TRUE
-0.317,-1.23E-08,wm,FALSE,TRUE
-0.316,-1.25E-08,wm,FALSE,TRUE
-0.315,-1.27E-08,wm,FALSE,TRUE
-0.314,-1.29E-08,wm,FALSE,TRUE
-0.313,-1.30E-08,wm,FALSE,TRUE
-0.312,-1.33E-08,wm,FALSE,TRUE
-0.311,-1.35E-08,wm,FALSE,TRUE
-0.31,-1.37E-08,wm,FALSE,TRUE
-0.309,-1.40E-08,wm,FALSE,TRUE
-0.308,-1.41E-08,wm,FALSE,TRUE
-0.307,-1.42E-08,wm,FALSE,TRUE
-0.306,-1.44E-08,wm,FALSE,TRUE
-0.305,-1.46E-08,wm,FALSE,TRUE
-0.304,-1.49E-08,wm,FALSE,TRUE
-0.303,-1.52E-08,wm,FALSE,TRUE
-0.302,-1.54E-08,wm,FALSE,TRUE
-0.301,-1.56E-08,wm,FALSE,TRUE
-0.3,-1.58E-08,wm,FALSE,TRUE
-0.299,-1.61E-08,wm,FALSE,TRUE
-0.298,-1.63E-08,wm,FALSE,TRUE
-0.297,-1.65E-08,wm,FALSE,TRUE
-0.296,-1.68E-08,wm,FALSE,TRUE
-0.295,-1.70E-08,wm,FALSE,TRUE
-0.294,-1.73E-08,wm,FALSE,TRUE
-0.293,-1.76E-08,wm,FALSE,TRUE
-0.292,-1.79E-08,wm,FALSE,TRUE
-0.291,-1.81E-08,wm,FALSE,TRUE
-0.29,-1.83E-08,wm,FALSE,TRUE
-0.289,-1.86E-08,wm,FALSE,TRUE
-0.288,-1.89E-08,wm,FALSE,TRUE
-0.287,-1.93E-08,wm,FALSE,TRUE
-0.286,-1.96E-08,wm,FALSE,TRUE
-0.285,-1.98E-08,wm,FALSE,TRUE
-0.284,-2.01E-08,wm,FALSE,TRUE
-0.283,-2.04E-08,wm,FALSE,TRUE
-0.282,-2.08E-08,wm,FALSE,TRUE
-0.281,-2.11E-08,wm,FALSE,TRUE
-0.28,-2.14E-08,wm,FALSE,TRUE
-0.279,-2.18E-08,wm,FALSE,TRUE
-0.278,-2.21E-08,wm,FALSE,TRUE
-0.277,-2.24E-08,wm,FALSE,TRUE
-0.276,-2.28E-08,wm,FALSE,TRUE
-0.275,-2.31E-08,wm,FALSE,TRUE
-0.274,-2.35E-08,wm,FALSE,TRUE
-0.273,-2.39E-08,wm,FALSE,TRUE
-0.272,-2.42E-08,wm,FALSE,TRUE
-0.271,-2.46E-08,wm,FALSE,TRUE
-0.27,-2.50E-08,wm,FALSE,TRUE
-0.269,-2.54E-08,wm,FALSE,TRUE
-0.268,-2.58E-08,wm,FALSE,TRUE
-0.267,-2.62E-08,wm,FALSE,TRUE
-0.266,-2.65E-08,wm,FALSE,TRUE
-0.265,-2.69E-08,wm,FALSE,TRUE
-0.264,-2.73E-08,wm,FALSE,TRUE
-0.263,-2.77E-08,wm,FALSE,TRUE
-0.262,-2.82E-08,wm,FALSE,TRUE
-0.261,-2.86E-08,wm,FALSE,TRUE
-0.26,-2.91E-08,wm,FALSE,TRUE
-0.259,-2.95E-08,wm,FALSE,TRUE
-0.258,-2.99E-08,wm,FALSE,TRUE
-0.257,-3.03E-08,wm,FALSE,TRUE
-0.256,-3.07E-08,wm,FALSE,TRUE
-0.255,-3.10E-08,wm,FALSE,TRUE
-0.254,-3.14E-08,wm,FALSE,TRUE
-0.253,-3.18E-08,wm,FALSE,TRUE
-0.252,-3.21E-08,wm,FALSE,TRUE
-0.251,-3.26E-08,wm,FALSE,TRUE
-0.25,-3.29E-08,wm,FALSE,TRUE
-0.249,-3.33E-08,wm,FALSE,TRUE
-0.248,-3.37E-08,wm,FALSE,TRUE
-0.247,-3.40E-08,wm,FALSE,TRUE
-0.246,-3.43E-08,wm,FALSE,TRUE
-0.245,-3.46E-08,wm,FALSE,TRUE
-0.244,-3.49E-08,wm,FALSE,TRUE
-0.243,-3.52E-08,wm,FALSE,TRUE
-0.242,-3.56E-08,wm,FALSE,TRUE
-0.241,-3.58E-08,wm,FALSE,TRUE
-0.24,-3.60E-08,wm,FALSE,TRUE
-0.239,-3.61E-08,wm,FALSE,TRUE
-0.238,-3.63E-08,wm,FALSE,TRUE
-0.237,-3.65E-08,wm,FALSE,TRUE
-0.236,-3.67E-08,wm,FALSE,TRUE
-0.235,-3.68E-08,wm,FALSE,TRUE
-0.234,-3.69E-08,wm,FALSE,TRUE
-0.233,-3.70E-08,wm,FALSE,TRUE
-0.232,-3.71E-08,wm,FALSE,TRUE
-0.231,-3.72E-08,wm,FALSE,TRUE
-0.23,-3.72E-08,wm,FALSE,TRUE
-0.229,-3.72E-08,wm,FALSE,TRUE
-0.228,-3.71E-08,wm,FALSE,TRUE
-0.227,-3.70E-08,wm,FALSE,TRUE
-0.226,-3.69E-08,wm,FALSE,TRUE
-0.225,-3.67E-08,wm,FALSE,TRUE
-0.224,-3.66E-08,wm,FALSE,TRUE
-0.223,-3.64E-08,wm,FALSE,TRUE
-0.222,-3.62E-08,wm,FALSE,TRUE
-0.221,-3.59E-08,wm,FALSE,TRUE
-0.22,-3.55E-08,wm,FALSE,TRUE
-0.219,-3.53E-08,wm,FALSE,TRUE
-0.218,-3.50E-08,wm,FALSE,TRUE
-0.217,-3.47E-08,wm,FALSE,TRUE
-0.216,-3.43E-08,wm,FALSE,TRUE
-0.215,-3.39E-08,wm,FALSE,TRUE
-0.214,-3.34E-08,wm,FALSE,TRUE
-0.213,-3.30E-08,wm,FALSE,TRUE
-0.212,-3.26E-08,wm,FALSE,TRUE
-0.211,-3.22E-08,wm,FALSE,TRUE
-0.21,-3.17E-08,wm,FALSE,TRUE
-0.209,-3.12E-08,wm,FALSE,TRUE
-0.208,-3.07E-08,wm,FALSE,TRUE
-0.207,-3.03E-08,wm,FALSE,TRUE
-0.206,-3.00E-08,wm,FALSE,TRUE
-0.205,-2.97E-08,wm,FALSE,TRUE
-0.204,-2.92E-08,wm,FALSE,TRUE
-0.203,-2.86E-08,wm,FALSE,TRUE
-0.202,-2.79E-08,wm,FALSE,TRUE
-0.201,-2.73E-08,wm,FALSE,TRUE
-0.2,-2.67E-08,wm,FALSE,TRUE
-0.199,-2.63E-08,wm,FALSE,TRUE
-0.198,-2.58E-08,wm,FALSE,TRUE
-0.197,-2.54E-08,wm,FALSE,TRUE
-0.196,-2.50E-08,wm,FALSE,TRUE
-0.195,-2.44E-08,wm,FALSE,TRUE
-0.194,-2.39E-08,wm,FALSE,TRUE
-0.193,-2.35E-08,wm,FALSE,TRUE
-0.192,-2.32E-08,wm,FALSE,TRUE
-0.191,-2.29E-08,wm,FALSE,TRUE
-0.19,-2.26E-08,wm,FALSE,TRUE
-0.189,-2.22E-08,wm,FALSE,TRUE
-0.188,-2.18E-08,wm,FALSE,TRUE
-0.187,-2.15E-08,wm,FALSE,TRUE
-0.186,-2.12E-08,wm,FALSE,TRUE
-0.185,-2.09E-08,wm,FALSE,TRUE
-0.184,-2.07E-08,wm,FALSE,TRUE
-0.183,-2.04E-08,wm,FALSE,TRUE
-0.182,-2.02E-08,wm,FALSE,TRUE
-0.181,-2.00E-08,wm,FALSE,TRUE
-0.18,-1.98E-08,wm,FALSE,TRUE
-0.179,-1.97E-08,wm,FALSE,TRUE
-0.178,-1.95E-08,wm,FALSE,TRUE
-0.177,-1.93E-08,wm,FALSE,TRUE
-0.176,-1.91E-08,wm,FALSE,TRUE
-0.175,-1.89E-08,wm,FALSE,TRUE
-0.174,-1.88E-08,wm,FALSE,TRUE
-0.173,-1.87E-08,wm,FALSE,TRUE
-0.172,-1.87E-08,wm,FALSE,TRUE
-0.171,-1.86E-08,wm,FALSE,TRUE
-0.17,-1.85E-08,wm,FALSE,TRUE
-0.169,-1.85E-08,wm,FALSE,TRUE
-0.168,-1.84E-08,wm,FALSE,TRUE
-0.167,-1.83E-08,wm,FALSE,TRUE
-0.166,-1.82E-08,wm,FALSE,TRUE
-0.165,-1.80E-08,wm,FALSE,TRUE
-0.164,-1.80E-08,wm,FALSE,TRUE
-0.163,-1.80E-08,wm,FALSE,TRUE
-0.162,-1.80E-08,wm,FALSE,TRUE
-0.161,-1.80E-08,wm,FALSE,TRUE
-0.16,-1.79E-08,wm,FALSE,TRUE
-0.159,-1.78E-08,wm,FALSE,TRUE
-0.158,-1.77E-08,wm,FALSE,TRUE
-0.157,-1.77E-08,wm,FALSE,TRUE
-0.156,-1.77E-08,wm,FALSE,TRUE
-0.155,-1.78E-08,wm,FALSE,TRUE
-0.154,-1.77E-08,wm,FALSE,TRUE
-0.153,-1.77E-08,wm,FALSE,TRUE
-0.152,-1.76E-08,wm,FALSE,TRUE
-0.151,-1.76E-08,wm,FALSE,TRUE
-0.15,-1.75E-08,wm,FALSE,TRUE
-0.149,-1.75E-08,wm,FALSE,TRUE
-0.148,-1.75E-08,wm,FALSE,TRUE
-0.147,-1.75E-08,wm,FALSE,TRUE
-0.146,-1.76E-08,wm,FALSE,TRUE
-0.145,-1.76E-08,wm,FALSE,TRUE
-0.144,-1.76E-08,wm,FALSE,TRUE
-0.143,-1.76E-08,wm,FALSE,TRUE
-0.142,-1.75E-08,wm,FALSE,TRUE
-0.141,-1.75E-08,wm,FALSE,TRUE
-0.14,-1.74E-08,wm,FALSE,TRUE
-0.139,-1.74E-08,wm,FALSE,TRUE
-0.138,-1.74E-08,wm,FALSE,TRUE
-0.137,-1.75E-08,wm,FALSE,TRUE
-0.136,-1.75E-08,wm,FALSE,TRUE
-0.135,-1.75E-08,wm,FALSE,TRUE
-0.134,-1.74E-08,wm,FALSE,TRUE
-0.133,-1.73E-08,wm,FALSE,TRUE
-0.132,-1.73E-08,wm,FALSE,TRUE
-0.131,-1.74E-08,wm,FALSE,TRUE
-0.13,-1.74E-08,wm,FALSE,TRUE
-0.129,-1.75E-08,wm,FALSE,TRUE
-0.128,-1.75E-08,wm,FALSE,TRUE
-0.127,-1.75E-08,wm,FALSE,TRUE
-0.126,-1.74E-08,wm,FALSE,TRUE
-0.125,-1.73E-08,wm,FALSE,TRUE
-0.124,-1.73E-08,wm,FALSE,TRUE
-0.123,-1.73E-08,wm,FALSE,TRUE
-0.122,-1.73E-08,wm,FALSE,TRUE
-0.121,-1.73E-08,wm,FALSE,TRUE
-0.12,-1.72E-08,wm,FALSE,TRUE
-0.119,-1.73E-08,wm,FALSE,TRUE
-0.118,-1.73E-08,wm,FALSE,TRUE
-0.117,-1.74E-08,wm,FALSE,TRUE
-0.116,-1.74E-08,wm,FALSE,TRUE
-0.115,-1.73E-08,wm,FALSE,TRUE
-0.114,-1.74E-08,wm,FALSE,TRUE
-0.113,-1.74E-08,wm,FALSE,TRUE
-0.112,-1.75E-08,wm,FALSE,TRUE
-0.111,-1.74E-08,wm,FALSE,TRUE
-0.11,-1.73E-08,wm,FALSE,TRUE
-0.109,-1.73E-08,wm,FALSE,TRUE
-0.108,-1.73E-08,wm,FALSE,TRUE
-0.107,-1.73E-08,wm,FALSE,TRUE
-0.106,-1.74E-08,wm,FALSE,TRUE
-0.105,-1.73E-08,wm,FALSE,TRUE
-0.104,-1.73E-08,wm,FALSE,TRUE
-0.103,-1.73E-08,wm,FALSE,TRUE
-0.102,-1.73E-08,wm,FALSE,TRUE
-0.101,-1.74E-08,wm,FALSE,TRUE
-0.1,-1.74E-08,wm,FALSE,TRUE
-0.099,-1.74E-08,wm,FALSE,TRUE
-0.098,-1.74E-08,wm,FALSE,TRUE
-0.097,-1.75E-08,wm,FALSE,TRUE
-0.096,-1.75E-08,wm,FALSE,TRUE
-0.095,-1.75E-08,wm,FALSE,TRUE
-0.094,-1.74E-08,wm,FALSE,TRUE
-0.093,-1.74E-08,wm,FALSE,TRUE
-0.092,-1.73E-08,wm,FALSE,TRUE
-0.091,-1.74E-08,wm,FALSE,TRUE
-0.09,-1.74E-08,wm,FALSE,TRUE
-0.089,-1.74E-08,wm,FALSE,TRUE
-0.088,-1.75E-08,wm,FALSE,TRUE
-0.087,-1.75E-08,wm,FALSE,TRUE
-0.086,-1.75E-08,wm,FALSE,TRUE
-0.085,-1.75E-08,wm,FALSE,TRUE
-0.084,-1.74E-08,wm,FALSE,TRUE
-0.083,-1.74E-08,wm,FALSE,TRUE
-0.082,-1.75E-08,wm,FALSE,TRUE
-0.081,-1.75E-08,wm,FALSE,TRUE
-0.08,-1.75E-08,wm,FALSE,TRUE
-0.079,-1.75E-08,wm,FALSE,TRUE
-0.078,-1.75E-08,wm,FALSE,TRUE
-0.077,-1.75E-08,wm,FALSE,TRUE
-0.076,-1.75E-08,wm,FALSE,TRUE
-0.075,-1.75E-08,wm,FALSE,TRUE
-0.074,-1.75E-08,wm,FALSE,TRUE
-0.073,-1.75E-08,wm,FALSE,TRUE
-0.072,-1.75E-08,wm,FALSE,TRUE
-0.071,-1.75E-08,wm,FALSE,TRUE
-0.07,-1.75E-08,wm,FALSE,TRUE
-0.069,-1.75E-08,wm,FALSE,TRUE
-0.068,-1.76E-08,wm,FALSE,TRUE
-0.067,-1.76E-08,wm,FALSE,TRUE
-0.066,-1.76E-08,wm,FALSE,TRUE
-0.065,-1.76E-08,wm,FALSE,TRUE
-0.064,-1.76E-08,wm,FALSE,TRUE
-0.063,-1.75E-08,wm,FALSE,TRUE
-0.062,-1.75E-08,wm,FALSE,TRUE
-0.061,-1.76E-08,wm,FALSE,TRUE
-0.06,-1.76E-08,wm,FALSE,TRUE
-0.059,-1.76E-08,wm,FALSE,TRUE
-0.058,-1.76E-08,wm,FALSE,TRUE
-0.057,-1.77E-08,wm,FALSE,TRUE
-0.056,-1.77E-08,wm,FALSE,TRUE
-0.055,-1.78E-08,wm,FALSE,TRUE
-0.054,-1.78E-08,wm,FALSE,TRUE
-0.053,-1.78E-08,wm,FALSE,TRUE
-0.052,-1.79E-08,wm,FALSE,TRUE
-0.051,-1.80E-08,wm,FALSE,TRUE
-0.05,-3.44E-09,wm,TRUE,FALSE
-0.051,-2.94E-09,wm,TRUE,FALSE
-0.052,-2.45E-09,wm,TRUE,FALSE
-0.053,-1.97E-09,wm,TRUE,FALSE
-0.054,-1.50E-09,wm,TRUE,FALSE
-0.055,-1.05E-09,wm,TRUE,FALSE
-0.056,-6.07E-10,wm,TRUE,FALSE
-0.057,-1.76E-10,wm,TRUE,FALSE
-0.058,2.44E-10,wm,TRUE,FALSE
-0.059,6.53E-10,wm,TRUE,FALSE
-0.06,1.05E-09,wm,TRUE,FALSE
-0.061,1.44E-09,wm,TRUE,FALSE
-0.062,1.81E-09,wm,TRUE,FALSE
-0.063,2.17E-09,wm,TRUE,FALSE
-0.064,2.52E-09,wm,TRUE,FALSE
-0.065,2.86E-09,wm,TRUE,FALSE
-0.066,3.19E-09,wm,TRUE,FALSE
-0.067,3.51E-09,wm,TRUE,FALSE
-0.068,3.81E-09,wm,TRUE,FALSE
-0.069,4.11E-09,wm,TRUE,FALSE
-0.07,4.39E-09,wm,TRUE,FALSE
-0.071,4.66E-09,wm,TRUE,FALSE
-0.072,4.92E-09,wm,TRUE,FALSE
-0.073,5.17E-09,wm,TRUE,FALSE
-0.074,5.41E-09,wm,TRUE,FALSE
-0.075,5.60E-09,wm,TRUE,FALSE
-0.076,5.78E-09,wm,TRUE,FALSE
-0.077,5.96E-09,wm,TRUE,FALSE
-0.078,6.12E-09,wm,TRUE,FALSE
-0.079,6.27E-09,wm,TRUE,FALSE
-0.08,6.41E-09,wm,TRUE,FALSE
-0.081,6.55E-09,wm,TRUE,FALSE
-0.082,6.67E-09,wm,TRUE,FALSE
-0.083,6.79E-09,wm,TRUE,FALSE
-0.084,6.91E-09,wm,TRUE,FALSE
-0.085,7.02E-09,wm,TRUE,FALSE
-0.086,7.11E-09,wm,TRUE,FALSE
-0.087,7.22E-09,wm,TRUE,FALSE
-0.088,7.31E-09,wm,TRUE,FALSE
-0.089,7.40E-09,wm,TRUE,FALSE
-0.09,7.49E-09,wm,TRUE,FALSE
-0.091,7.58E-09,wm,TRUE,FALSE
-0.092,7.67E-09,wm,TRUE,FALSE
-0.093,7.75E-09,wm,TRUE,FALSE
-0.094,7.84E-09,wm,TRUE,FALSE
-0.095,7.93E-09,wm,TRUE,FALSE
-0.096,8.01E-09,wm,TRUE,FALSE
-0.097,8.11E-09,wm,TRUE,FALSE
-0.098,8.20E-09,wm,TRUE,FALSE
-0.099,8.29E-09,wm,TRUE,FALSE
-0.1,8.38E-09,wm,TRUE,FALSE
-0.101,8.46E-09,wm,TRUE,FALSE
-0.102,8.55E-09,wm,TRUE,FALSE
-0.103,8.63E-09,wm,TRUE,FALSE
-0.104,8.70E-09,wm,TRUE,FALSE
-0.105,8.79E-09,wm,TRUE,FALSE
-0.106,8.86E-09,wm,TRUE,FALSE
-0.107,8.93E-09,wm,TRUE,FALSE
-0.108,9.01E-09,wm,TRUE,FALSE
-0.109,9.07E-09,wm,TRUE,FALSE
-0.11,9.15E-09,wm,TRUE,FALSE
-0.111,9.22E-09,wm,TRUE,FALSE
-0.112,9.29E-09,wm,TRUE,FALSE
-0.113,9.36E-09,wm,TRUE,FALSE
-0.114,9.42E-09,wm,TRUE,FALSE
-0.115,9.49E-09,wm,TRUE,FALSE
-0.116,9.55E-09,wm,TRUE,FALSE
-0.117,9.62E-09,wm,TRUE,FALSE
-0.118,9.68E-09,wm,TRUE,FALSE
-0.119,9.74E-09,wm,TRUE,FALSE
-0.12,9.81E-09,wm,TRUE,FALSE
-0.121,9.86E-09,wm,TRUE,FALSE
-0.122,9.92E-09,wm,TRUE,FALSE
-0.123,9.98E-09,wm,TRUE,FALSE
-0.124,1.00E-08,wm,TRUE,FALSE
-0.125,1.01E-08,wm,TRUE,FALSE
-0.126,1.02E-08,wm,TRUE,FALSE
-0.127,1.02E-08,wm,TRUE,FALSE
-0.128,1.03E-08,wm,TRUE,FALSE
-0.129,1.03E-08,wm,TRUE,FALSE
-0.13,1.04E-08,wm,TRUE,FALSE
-0.131,1.04E-08,wm,TRUE,FALSE
-0.132,1.05E-08,wm,TRUE,FALSE
-0.133,1.05E-08,wm,TRUE,FALSE
-0.134,1.06E-08,wm,TRUE,FALSE
-0.135,1.06E-08,wm,TRUE,FALSE
-0.136,1.07E-08,wm,TRUE,FALSE
-0.137,1.07E-08,wm,TRUE,FALSE
-0.138,1.08E-08,wm,TRUE,FALSE
-0.139,1.08E-08,wm,TRUE,FALSE
-0.14,1.09E-08,wm,TRUE,FALSE
-0.141,1.09E-08,wm,TRUE,FALSE
-0.142,1.10E-08,wm,TRUE,FALSE
-0.143,1.11E-08,wm,TRUE,FALSE
-0.144,1.11E-08,wm,TRUE,FALSE
-0.145,1.12E-08,wm,TRUE,FALSE
-0.146,1.12E-08,wm,TRUE,FALSE
-0.147,1.13E-08,wm,TRUE,FALSE
-0.148,1.13E-08,wm,TRUE,FALSE
-0.149,1.14E-08,wm,TRUE,FALSE
-0.15,1.14E-08,wm,TRUE,FALSE
-0.151,1.15E-08,wm,TRUE,FALSE
-0.152,1.15E-08,wm,TRUE,FALSE
-0.153,1.16E-08,wm,TRUE,FALSE
-0.154,1.16E-08,wm,TRUE,FALSE
-0.155,1.17E-08,wm,TRUE,FALSE
-0.156,1.17E-08,wm,TRUE,FALSE
-0.157,1.18E-08,wm,TRUE,FALSE
-0.158,1.18E-08,wm,TRUE,FALSE
-0.159,1.19E-08,wm,TRUE,FALSE
-0.16,1.19E-08,wm,TRUE,FALSE
-0.161,1.20E-08,wm,TRUE,FALSE
-0.162,1.20E-08,wm,TRUE,FALSE
-0.163,1.21E-08,wm,TRUE,FALSE
-0.164,1.22E-08,wm,TRUE,FALSE
-0.165,1.22E-08,wm,TRUE,FALSE
-0.166,1.23E-08,wm,TRUE,FALSE
-0.167,1.23E-08,wm,TRUE,FALSE
-0.168,1.24E-08,wm,TRUE,FALSE
-0.169,1.25E-08,wm,TRUE,FALSE
-0.17,1.25E-08,wm,TRUE,FALSE
-0.171,1.26E-08,wm,TRUE,FALSE
-0.172,1.27E-08,wm,TRUE,FALSE
-0.173,1.27E-08,wm,TRUE,FALSE
-0.174,1.28E-08,wm,TRUE,FALSE
-0.175,1.29E-08,wm,TRUE,FALSE
-0.176,1.29E-08,wm,TRUE,FALSE
-0.177,1.30E-08,wm,TRUE,FALSE
-0.178,1.31E-08,wm,TRUE,FALSE
-0.179,1.31E-08,wm,TRUE,FALSE
-0.18,1.32E-08,wm,TRUE,FALSE
-0.181,1.33E-08,wm,TRUE,FALSE
-0.182,1.34E-08,wm,TRUE,FALSE
-0.183,1.35E-08,wm,TRUE,FALSE
-0.184,1.35E-08,wm,TRUE,FALSE
-0.185,1.36E-08,wm,TRUE,FALSE
-0.186,1.37E-08,wm,TRUE,FALSE
-0.187,1.38E-08,wm,TRUE,FALSE
-0.188,1.39E-08,wm,TRUE,FALSE
-0.189,1.40E-08,wm,TRUE,FALSE
-0.19,1.41E-08,wm,TRUE,FALSE
-0.191,1.41E-08,wm,TRUE,FALSE
-0.192,1.42E-08,wm,TRUE,FALSE
-0.193,1.43E-08,wm,TRUE,FALSE
-0.194,1.44E-08,wm,TRUE,FALSE
-0.195,1.45E-08,wm,TRUE,FALSE
-0.196,1.46E-08,wm,TRUE,FALSE
-0.197,1.47E-08,wm,TRUE,FALSE
-0.198,1.48E-08,wm,TRUE,FALSE
-0.199,1.49E-08,wm,TRUE,FALSE
-0.2,1.50E-08,wm,TRUE,FALSE
-0.201,1.51E-08,wm,TRUE,FALSE
-0.202,1.52E-08,wm,TRUE,FALSE
-0.203,1.52E-08,wm,TRUE,FALSE
-0.204,1.53E-08,wm,TRUE,FALSE
-0.205,1.54E-08,wm,TRUE,FALSE
-0.206,1.55E-08,wm,TRUE,FALSE
-0.207,1.56E-08,wm,TRUE,FALSE
-0.208,1.57E-08,wm,TRUE,FALSE
-0.209,1.58E-08,wm,TRUE,FALSE
-0.21,1.59E-08,wm,TRUE,FALSE
-0.211,1.59E-08,wm,TRUE,FALSE
-0.212,1.60E-08,wm,TRUE,FALSE
-0.213,1.61E-08,wm,TRUE,FALSE
-0.214,1.62E-08,wm,TRUE,FALSE
-0.215,1.62E-08,wm,TRUE,FALSE
-0.216,1.63E-08,wm,TRUE,FALSE
-0.217,1.64E-08,wm,TRUE,FALSE
-0.218,1.65E-08,wm,TRUE,FALSE
-0.219,1.65E-08,wm,TRUE,FALSE
-0.22,1.66E-08,wm,TRUE,FALSE
-0.221,1.66E-08,wm,TRUE,FALSE
-0.222,1.67E-08,wm,TRUE,FALSE
-0.223,1.68E-08,wm,TRUE,FALSE
-0.224,1.68E-08,wm,TRUE,FALSE
-0.225,1.69E-08,wm,TRUE,FALSE
-0.226,1.69E-08,wm,TRUE,FALSE
-0.227,1.70E-08,wm,TRUE,FALSE
-0.228,1.70E-08,wm,TRUE,FALSE
-0.229,1.70E-08,wm,TRUE,FALSE
-0.23,1.71E-08,wm,TRUE,FALSE
-0.231,1.71E-08,wm,TRUE,FALSE
-0.232,1.72E-08,wm,TRUE,FALSE
-0.233,1.72E-08,wm,TRUE,FALSE
-0.234,1.72E-08,wm,TRUE,FALSE
-0.235,1.73E-08,wm,TRUE,FALSE
-0.236,1.73E-08,wm,TRUE,FALSE
-0.237,1.73E-08,wm,TRUE,FALSE
-0.238,1.73E-08,wm,TRUE,FALSE
-0.239,1.74E-08,wm,TRUE,FALSE
-0.24,1.74E-08,wm,TRUE,FALSE
-0.241,1.74E-08,wm,TRUE,FALSE
-0.242,1.74E-08,wm,TRUE,FALSE
-0.243,1.75E-08,wm,TRUE,FALSE
-0.244,1.75E-08,wm,TRUE,FALSE
-0.245,1.75E-08,wm,TRUE,FALSE
-0.246,1.75E-08,wm,TRUE,FALSE
-0.247,1.75E-08,wm,TRUE,FALSE
-0.248,1.75E-08,wm,TRUE,FALSE
-0.249,1.76E-08,wm,TRUE,FALSE
-0.25,1.76E-08,wm,TRUE,FALSE
-0.251,1.76E-08,wm,TRUE,FALSE
-0.252,1.76E-08,wm,TRUE,FALSE
-0.253,1.76E-08,wm,TRUE,FALSE
-0.254,1.76E-08,wm,TRUE,FALSE
-0.255,1.77E-08,wm,TRUE,FALSE
-0.256,1.77E-08,wm,TRUE,FALSE
-0.257,1.77E-08,wm,TRUE,FALSE
-0.258,1.77E-08,wm,TRUE,FALSE
-0.259,1.77E-08,wm,TRUE,FALSE
-0.26,1.77E-08,wm,TRUE,FALSE
-0.261,1.78E-08,wm,TRUE,FALSE
-0.262,1.78E-08,wm,TRUE,FALSE
-0.263,1.78E-08,wm,TRUE,FALSE
-0.264,1.78E-08,wm,TRUE,FALSE
-0.265,1.78E-08,wm,TRUE,FALSE
-0.266,1.78E-08,wm,TRUE,FALSE
-0.267,1.79E-08,wm,TRUE,FALSE
-0.268,1.79E-08,wm,TRUE,FALSE
-0.269,1.79E-08,wm,TRUE,FALSE
-0.27,1.79E-08,wm,TRUE,FALSE
-0.271,1.80E-08,wm,TRUE,FALSE
-0.272,1.80E-08,wm,TRUE,FALSE
-0.273,1.80E-08,wm,TRUE,FALSE
-0.274,1.80E-08,wm,TRUE,FALSE
-0.275,1.81E-08,wm,TRUE,FALSE
-0.276,1.81E-08,wm,TRUE,FALSE
-0.277,1.81E-08,wm,TRUE,FALSE
-0.278,1.81E-08,wm,TRUE,FALSE
-0.279,1.82E-08,wm,TRUE,FALSE
-0.28,1.82E-08,wm,TRUE,FALSE
-0.281,1.82E-08,wm,TRUE,FALSE
-0.282,1.83E-08,wm,TRUE,FALSE
-0.283,1.83E-08,wm,TRUE,FALSE
-0.284,1.83E-08,wm,TRUE,FALSE
-0.285,1.84E-08,wm,TRUE,FALSE
-0.286,1.84E-08,wm,TRUE,FALSE
-0.287,1.84E-08,wm,TRUE,FALSE
-0.288,1.85E-08,wm,TRUE,FALSE
-0.289,1.85E-08,wm,TRUE,FALSE
-0.29,1.85E-08,wm,TRUE,FALSE
-0.291,1.86E-08,wm,TRUE,FALSE
-0.292,1.86E-08,wm,TRUE,FALSE
-0.293,1.87E-08,wm,TRUE,FALSE
-0.294,1.87E-08,wm,TRUE,FALSE
-0.295,1.87E-08,wm,TRUE,FALSE
-0.296,1.88E-08,wm,TRUE,FALSE
-0.297,1.88E-08,wm,TRUE,FALSE
-0.298,1.89E-08,wm,TRUE,FALSE
-0.299,1.89E-08,wm,TRUE,FALSE
-0.3,1.90E-08,wm,TRUE,FALSE
-0.301,1.90E-08,wm,TRUE,FALSE
-0.302,1.91E-08,wm,TRUE,FALSE
-0.303,1.91E-08,wm,TRUE,FALSE
-0.304,1.92E-08,wm,TRUE,FALSE
-0.305,1.92E-08,wm,TRUE,FALSE
-0.306,1.93E-08,wm,TRUE,FALSE
-0.307,1.93E-08,wm,TRUE,FALSE
-0.308,1.94E-08,wm,TRUE,FALSE
-0.309,1.94E-08,wm,TRUE,FALSE
-0.31,1.95E-08,wm,TRUE,FALSE
-0.311,1.95E-08,wm,TRUE,FALSE
-0.312,1.96E-08,wm,TRUE,FALSE
-0.313,1.97E-08,wm,TRUE,FALSE
-0.314,1.97E-08,wm,TRUE,FALSE
-0.315,1.98E-08,wm,TRUE,FALSE
-0.316,1.99E-08,wm,TRUE,FALSE
-0.317,1.99E-08,wm,TRUE,FALSE
-0.318,2.00E-08,wm,TRUE,FALSE
-0.319,2.01E-08,wm,TRUE,FALSE
-0.32,2.01E-08,wm,TRUE,FALSE
-0.321,2.02E-08,wm,TRUE,FALSE
-0.322,2.03E-08,wm,TRUE,FALSE
-0.323,2.03E-08,wm,TRUE,FALSE
-0.324,2.04E-08,wm,TRUE,FALSE
-0.325,2.05E-08,wm,TRUE,FALSE
-0.326,2.06E-08,wm,TRUE,FALSE
-0.327,2.06E-08,wm,TRUE,FALSE
-0.328,2.07E-08,wm,TRUE,FALSE
-0.329,2.08E-08,wm,TRUE,FALSE
-0.33,2.09E-08,wm,TRUE,FALSE
-0.331,2.10E-08,wm,TRUE,FALSE
-0.332,2.10E-08,wm,TRUE,FALSE
-0.333,2.11E-08,wm,TRUE,FALSE
-0.334,2.12E-08,wm,TRUE,FALSE
-0.335,2.13E-08,wm,TRUE,FALSE
-0.336,2.14E-08,wm,TRUE,FALSE
-0.337,2.15E-08,wm,TRUE,FALSE
-0.338,2.16E-08,wm,TRUE,FALSE
-0.339,2.17E-08,wm,TRUE,FALSE
-0.34,2.18E-08,wm,TRUE,FALSE
-0.341,2.18E-08,wm,TRUE,FALSE
-0.342,2.19E-08,wm,TRUE,FALSE
-0.343,2.20E-08,wm,TRUE,FALSE
-0.344,2.21E-08,wm,TRUE,FALSE
-0.345,2.22E-08,wm,TRUE,FALSE
-0.346,2.23E-08,wm,TRUE,FALSE
-0.347,2.24E-08,wm,TRUE,FALSE
-0.348,2.25E-08,wm,TRUE,FALSE
-0.349,2.26E-08,wm,TRUE,FALSE
-0.35,2.28E-08,wm,TRUE,FALSE
-0.351,2.29E-08,wm,TRUE,FALSE
-0.352,2.30E-08,wm,TRUE,FALSE
-0.353,2.31E-08,wm,TRUE,FALSE
-0.354,2.32E-08,wm,TRUE,FALSE
-0.355,2.33E-08,wm,TRUE,FALSE
-0.356,2.34E-08,wm,TRUE,FALSE
-0.357,2.35E-08,wm,TRUE,FALSE
-0.358,2.37E-08,wm,TRUE,FALSE
-0.359,2.38E-08,wm,TRUE,FALSE
-0.36,2.39E-08,wm,TRUE,FALSE
-0.361,2.40E-08,wm,TRUE,FALSE
-0.362,2.42E-08,wm,TRUE,FALSE
-0.363,2.43E-08,wm,TRUE,FALSE
-0.364,2.44E-08,wm,TRUE,FALSE
-0.365,2.46E-08,wm,TRUE,FALSE
-0.366,2.47E-08,wm,TRUE,FALSE
-0.367,2.49E-08,wm,TRUE,FALSE
-0.368,2.50E-08,wm,TRUE,FALSE
-0.369,2.51E-08,wm,TRUE,FALSE
-0.37,2.53E-08,wm,TRUE,FALSE
-0.371,2.54E-08,wm,TRUE,FALSE
-0.372,2.56E-08,wm,TRUE,FALSE
-0.373,2.57E-08,wm,TRUE,FALSE
-0.374,2.59E-08,wm,TRUE,FALSE
-0.375,2.60E-08,wm,TRUE,FALSE
-0.376,2.62E-08,wm,TRUE,FALSE
-0.377,2.64E-08,wm,TRUE,FALSE
-0.378,2.65E-08,wm,TRUE,FALSE
-0.379,2.67E-08,wm,TRUE,FALSE
-0.38,2.69E-08,wm,TRUE,FALSE
-0.381,2.70E-08,wm,TRUE,FALSE
-0.382,2.72E-08,wm,TRUE,FALSE
-0.383,2.74E-08,wm,TRUE,FALSE
-0.384,2.75E-08,wm,TRUE,FALSE
-0.385,2.77E-08,wm,TRUE,FALSE
-0.386,2.79E-08,wm,TRUE,FALSE
-0.387,2.81E-08,wm,TRUE,FALSE
-0.388,2.82E-08,wm,TRUE,FALSE
-0.389,2.84E-08,wm,TRUE,FALSE
-0.39,2.86E-08,wm,TRUE,FALSE
-0.391,2.88E-08,wm,TRUE,FALSE
-0.392,2.90E-08,wm,TRUE,FALSE
-0.393,2.92E-08,wm,TRUE,FALSE
-0.394,2.93E-08,wm,TRUE,FALSE
-0.395,2.95E-08,wm,TRUE,FALSE
-0.396,2.97E-08,wm,TRUE,FALSE
-0.397,2.99E-08,wm,TRUE,FALSE
-0.398,3.01E-08,wm,TRUE,FALSE
-0.399,3.03E-08,wm,TRUE,FALSE
-0.4,3.05E-08,wm,TRUE,FALSE
-0.401,3.07E-08,wm,TRUE,FALSE
-0.402,3.09E-08,wm,TRUE,FALSE
-0.403,3.11E-08,wm,TRUE,FALSE
-0.404,3.14E-08,wm,TRUE,FALSE
-0.405,3.16E-08,wm,TRUE,FALSE
-0.406,3.18E-08,wm,TRUE,FALSE
-0.407,3.20E-08,wm,TRUE,FALSE
-0.408,3.22E-08,wm,TRUE,FALSE
-0.409,3.25E-08,wm,TRUE,FALSE
-0.41,3.27E-08,wm,TRUE,FALSE
-0.411,3.29E-08,wm,TRUE,FALSE
-0.412,3.32E-08,wm,TRUE,FALSE
-0.413,3.34E-08,wm,TRUE,FALSE
-0.414,3.36E-08,wm,TRUE,FALSE
-0.415,3.39E-08,wm,TRUE,FALSE
-0.416,3.41E-08,wm,TRUE,FALSE
-0.417,3.44E-08,wm,TRUE,FALSE
-0.418,3.46E-08,wm,TRUE,FALSE
-0.419,3.49E-08,wm,TRUE,FALSE
-0.42,3.52E-08,wm,TRUE,FALSE
-0.421,3.54E-08,wm,TRUE,FALSE
-0.422,3.57E-08,wm,TRUE,FALSE
-0.423,3.60E-08,wm,TRUE,FALSE
-0.424,3.62E-08,wm,TRUE,FALSE
-0.425,3.65E-08,wm,TRUE,FALSE
-0.426,3.68E-08,wm,TRUE,FALSE
-0.427,3.70E-08,wm,TRUE,FALSE
-0.428,3.73E-08,wm,TRUE,FALSE
-0.429,3.76E-08,wm,TRUE,FALSE
-0.43,3.79E-08,wm,TRUE,FALSE
-0.431,3.81E-08,wm,TRUE,FALSE
-0.432,3.84E-08,wm,TRUE,FALSE
-0.433,3.87E-08,wm,TRUE,FALSE
-0.434,3.90E-08,wm,TRUE,FALSE
-0.435,3.93E-08,wm,TRUE,FALSE
-0.436,3.96E-08,wm,TRUE,FALSE
-0.437,3.99E-08,wm,TRUE,FALSE
-0.438,4.02E-08,wm,TRUE,FALSE
-0.439,4.05E-08,wm,TRUE,FALSE
-0.44,4.08E-08,wm,TRUE,FALSE
-0.441,4.11E-08,wm,TRUE,FALSE
-0.442,4.14E-08,wm,TRUE,FALSE
-0.443,4.17E-08,wm,TRUE,FALSE
-0.444,4.20E-08,wm,TRUE,FALSE
-0.445,4.23E-08,wm,TRUE,FALSE
-0.446,4.26E-08,wm,TRUE,FALSE
-0.447,4.29E-08,wm,TRUE,FALSE
-0.448,4.33E-08,wm,TRUE,FALSE
-0.449,4.36E-08,wm,TRUE,FALSE
-0.45,2.58E-08,wm,TRUE,FALSE
-0.449,2.49E-08,wm,TRUE,FALSE
-0.448,2.40E-08,wm,TRUE,FALSE
-0.447,2.31E-08,wm,TRUE,FALSE
-0.446,2.22E-08,wm,TRUE,FALSE
-0.445,2.14E-08,wm,TRUE,FALSE
-0.444,2.05E-08,wm,TRUE,FALSE
-0.443,1.97E-08,wm,TRUE,FALSE
-0.442,1.89E-08,wm,TRUE,FALSE
-0.441,1.81E-08,wm,TRUE,FALSE
-0.44,1.74E-08,wm,TRUE,FALSE
-0.439,1.66E-08,wm,TRUE,FALSE
-0.438,1.59E-08,wm,TRUE,FALSE
-0.437,1.52E-08,wm,TRUE,FALSE
-0.436,1.45E-08,wm,TRUE,FALSE
-0.435,1.38E-08,wm,TRUE,FALSE
-0.434,1.32E-08,wm,TRUE,FALSE
-0.433,1.25E-08,wm,TRUE,FALSE
-0.432,1.19E-08,wm,TRUE,FALSE
-0.431,1.13E-08,wm,TRUE,FALSE
-0.43,1.07E-08,wm,TRUE,FALSE
-0.429,1.02E-08,wm,TRUE,FALSE
-0.428,9.64E-09,wm,TRUE,FALSE
-0.427,9.12E-09,wm,TRUE,FALSE
-0.426,8.61E-09,wm,TRUE,FALSE
-0.425,8.17E-09,wm,TRUE,FALSE
-0.424,7.74E-09,wm,TRUE,FALSE
-0.423,7.34E-09,wm,TRUE,FALSE
-0.422,6.95E-09,wm,TRUE,FALSE
-0.421,6.57E-09,wm,TRUE,FALSE
-0.42,6.21E-09,wm,TRUE,FALSE
-0.419,5.86E-09,wm,TRUE,FALSE
-0.418,5.52E-09,wm,TRUE,FALSE
-0.417,5.20E-09,wm,TRUE,FALSE
-0.416,4.88E-09,wm,TRUE,FALSE
-0.415,4.58E-09,wm,TRUE,FALSE
-0.414,4.28E-09,wm,TRUE,FALSE
-0.413,3.99E-09,wm,TRUE,FALSE
-0.412,3.70E-09,wm,TRUE,FALSE
-0.411,3.42E-09,wm,TRUE,FALSE
-0.41,3.15E-09,wm,TRUE,FALSE
-0.409,2.87E-09,wm,TRUE,FALSE
-0.408,2.60E-09,wm,TRUE,FALSE
-0.407,2.33E-09,wm,TRUE,FALSE
-0.406,2.06E-09,wm,TRUE,FALSE
-0.405,1.80E-09,wm,TRUE,FALSE
-0.404,1.53E-09,wm,TRUE,FALSE
-0.403,1.26E-09,wm,TRUE,FALSE
-0.402,9.94E-10,wm,TRUE,FALSE
-0.401,7.19E-10,wm,TRUE,FALSE
-0.4,4.70E-10,wm,TRUE,FALSE
-0.399,2.18E-10,wm,TRUE,FALSE
-0.398,-2.77E-11,wm,TRUE,FALSE
-0.397,-2.63E-10,wm,TRUE,FALSE
-0.396,-5.06E-10,wm,TRUE,FALSE
-0.395,-7.32E-10,wm,TRUE,FALSE
-0.394,-9.63E-10,wm,TRUE,FALSE
-0.393,-1.19E-09,wm,TRUE,FALSE
-0.392,-1.40E-09,wm,TRUE,FALSE
-0.391,-1.63E-09,wm,TRUE,FALSE
-0.39,-1.84E-09,wm,TRUE,FALSE
-0.389,-2.05E-09,wm,TRUE,FALSE
-0.388,-2.26E-09,wm,TRUE,FALSE
-0.387,-2.45E-09,wm,TRUE,FALSE
-0.386,-2.66E-09,wm,TRUE,FALSE
-0.385,-2.85E-09,wm,TRUE,FALSE
-0.384,-3.05E-09,wm,TRUE,FALSE
-0.383,-3.24E-09,wm,TRUE,FALSE
-0.382,-3.42E-09,wm,TRUE,FALSE
-0.381,-3.62E-09,wm,TRUE,FALSE
-0.38,-3.79E-09,wm,TRUE,FALSE
-0.379,-3.98E-09,wm,TRUE,FALSE
-0.378,-4.15E-09,wm,TRUE,FALSE
-0.377,-4.32E-09,wm,TRUE,FALSE
-0.376,-4.50E-09,wm,TRUE,FALSE
-0.375,-4.67E-09,wm,TRUE,FALSE
-0.374,-4.84E-09,wm,TRUE,FALSE
-0.373,-5.00E-09,wm,TRUE,FALSE
-0.372,-5.16E-09,wm,TRUE,FALSE
-0.371,-5.33E-09,wm,TRUE,FALSE
-0.37,-5.48E-09,wm,TRUE,FALSE
-0.369,-5.64E-09,wm,TRUE,FALSE
-0.368,-5.80E-09,wm,TRUE,FALSE
-0.367,-5.94E-09,wm,TRUE,FALSE
-0.366,-6.10E-09,wm,TRUE,FALSE
-0.365,-6.24E-09,wm,TRUE,FALSE
-0.364,-6.39E-09,wm,TRUE,FALSE
-0.363,-6.54E-09,wm,TRUE,FALSE
-0.362,-6.68E-09,wm,TRUE,FALSE
-0.361,-6.82E-09,wm,TRUE,FALSE
-0.36,-6.96E-09,wm,TRUE,FALSE
-0.359,-7.09E-09,wm,TRUE,FALSE
-0.358,-7.23E-09,wm,TRUE,FALSE
-0.357,-7.36E-09,wm,TRUE,FALSE
-0.356,-7.50E-09,wm,TRUE,FALSE
-0.355,-7.62E-09,wm,TRUE,FALSE
-0.354,-7.75E-09,wm,TRUE,FALSE
-0.353,-7.88E-09,wm,TRUE,FALSE
-0.352,-7.99E-09,wm,TRUE,FALSE
-0.351,-8.12E-09,wm,TRUE,FALSE
-0.35,-8.24E-09,wm,TRUE,FALSE
-0.349,-8.36E-09,wm,TRUE,FALSE
-0.348,-8.48E-09,wm,TRUE,FALSE
-0.347,-8.59E-09,wm,TRUE,FALSE
-0.346,-8.71E-09,wm,TRUE,FALSE
-0.345,-8.81E-09,wm,TRUE,FALSE
-0.344,-8.93E-09,wm,TRUE,FALSE
-0.343,-9.04E-09,wm,TRUE,FALSE
-0.342,-9.14E-09,wm,TRUE,FALSE
-0.341,-9.25E-09,wm,TRUE,FALSE
-0.34,-9.35E-09,wm,TRUE,FALSE
-0.339,-9.46E-09,wm,TRUE,FALSE
-0.338,-9.56E-09,wm,TRUE,FALSE
-0.337,-9.66E-09,wm,TRUE,FALSE
-0.336,-9.76E-09,wm,TRUE,FALSE
-0.335,-9.85E-09,wm,TRUE,FALSE
-0.334,-9.95E-09,wm,TRUE,FALSE
-0.333,-1.00E-08,wm,TRUE,FALSE
-0.332,-1.01E-08,wm,TRUE,FALSE
-0.331,-1.02E-08,wm,TRUE,FALSE
-0.33,-1.03E-08,wm,TRUE,FALSE
-0.329,-1.04E-08,wm,TRUE,FALSE
-0.328,-1.05E-08,wm,TRUE,FALSE
-0.327,-1.06E-08,wm,TRUE,FALSE
-0.326,-1.07E-08,wm,TRUE,FALSE
-0.325,-1.08E-08,wm,TRUE,FALSE
-0.324,-1.09E-08,wm,TRUE,FALSE
-0.323,-1.09E-08,wm,TRUE,FALSE
-0.322,-1.10E-08,wm,TRUE,FALSE
-0.321,-1.11E-08,wm,TRUE,FALSE
-0.32,-1.12E-08,wm,TRUE,FALSE
-0.319,-1.13E-08,wm,TRUE,FALSE
-0.318,-1.13E-08,wm,TRUE,FALSE
-0.317,-1.14E-08,wm,TRUE,FALSE
-0.316,-1.15E-08,wm,TRUE,FALSE
-0.315,-1.16E-08,wm,TRUE,FALSE
-0.314,-1.17E-08,wm,TRUE,FALSE
-0.313,-1.17E-08,wm,TRUE,FALSE
-0.312,-1.18E-08,wm,TRUE,FALSE
-0.311,-1.19E-08,wm,TRUE,FALSE
-0.31,-1.19E-08,wm,TRUE,FALSE
-0.309,-1.20E-08,wm,TRUE,FALSE
-0.308,-1.21E-08,wm,TRUE,FALSE
-0.307,-1.22E-08,wm,TRUE,FALSE
-0.306,-1.22E-08,wm,TRUE,FALSE
-0.305,-1.23E-08,wm,TRUE,FALSE
-0.304,-1.24E-08,wm,TRUE,FALSE
-0.303,-1.24E-08,wm,TRUE,FALSE
-0.302,-1.25E-08,wm,TRUE,FALSE
-0.301,-1.26E-08,wm,TRUE,FALSE
-0.3,-1.26E-08,wm,TRUE,FALSE
-0.299,-1.27E-08,wm,TRUE,FALSE
-0.298,-1.28E-08,wm,TRUE,FALSE
-0.297,-1.28E-08,wm,TRUE,FALSE
-0.296,-1.29E-08,wm,TRUE,FALSE
-0.295,-1.30E-08,wm,TRUE,FALSE
-0.294,-1.30E-08,wm,TRUE,FALSE
-0.293,-1.31E-08,wm,TRUE,FALSE
-0.292,-1.32E-08,wm,TRUE,FALSE
-0.291,-1.32E-08,wm,TRUE,FALSE
-0.29,-1.33E-08,wm,TRUE,FALSE
-0.289,-1.33E-08,wm,TRUE,FALSE
-0.288,-1.34E-08,wm,TRUE,FALSE
-0.287,-1.35E-08,wm,TRUE,FALSE
-0.286,-1.35E-08,wm,TRUE,FALSE
-0.285,-1.36E-08,wm,TRUE,FALSE
-0.284,-1.36E-08,wm,TRUE,FALSE
-0.283,-1.37E-08,wm,TRUE,FALSE
-0.282,-1.38E-08,wm,TRUE,FALSE
-0.281,-1.38E-08,wm,TRUE,FALSE
-0.28,-1.39E-08,wm,TRUE,FALSE
-0.279,-1.39E-08,wm,TRUE,FALSE
-0.278,-1.40E-08,wm,TRUE,FALSE
-0.277,-1.40E-08,wm,TRUE,FALSE
-0.276,-1.41E-08,wm,TRUE,FALSE
-0.275,-1.42E-08,wm,TRUE,FALSE
-0.274,-1.42E-08,wm,TRUE,FALSE
-0.273,-1.43E-08,wm,TRUE,FALSE
-0.272,-1.43E-08,wm,TRUE,FALSE
-0.271,-1.44E-08,wm,TRUE,FALSE
-0.27,-1.45E-08,wm,TRUE,FALSE
-0.269,-1.45E-08,wm,TRUE,FALSE
-0.268,-1.46E-08,wm,TRUE,FALSE
-0.267,-1.46E-08,wm,TRUE,FALSE
-0.266,-1.47E-08,wm,TRUE,FALSE
-0.265,-1.48E-08,wm,TRUE,FALSE
-0.264,-1.48E-08,wm,TRUE,FALSE
-0.263,-1.49E-08,wm,TRUE,FALSE
-0.262,-1.49E-08,wm,TRUE,FALSE
-0.261,-1.50E-08,wm,TRUE,FALSE
-0.26,-1.50E-08,wm,TRUE,FALSE
-0.259,-1.51E-08,wm,TRUE,FALSE
-0.258,-1.52E-08,wm,TRUE,FALSE
-0.257,-1.52E-08,wm,TRUE,FALSE
-0.256,-1.53E-08,wm,TRUE,FALSE
-0.255,-1.54E-08,wm,TRUE,FALSE
-0.254,-1.54E-08,wm,TRUE,FALSE
-0.253,-1.55E-08,wm,TRUE,FALSE
-0.252,-1.55E-08,wm,TRUE,FALSE
-0.251,-1.56E-08,wm,TRUE,FALSE
-0.25,-1.57E-08,wm,TRUE,FALSE
-0.249,-1.57E-08,wm,TRUE,FALSE
-0.248,-1.58E-08,wm,TRUE,FALSE
-0.247,-1.59E-08,wm,TRUE,FALSE
-0.246,-1.59E-08,wm,TRUE,FALSE
-0.245,-1.60E-08,wm,TRUE,FALSE
-0.244,-1.61E-08,wm,TRUE,FALSE
-0.243,-1.62E-08,wm,TRUE,FALSE
-0.242,-1.62E-08,wm,TRUE,FALSE
-0.241,-1.63E-08,wm,TRUE,FALSE
-0.24,-1.64E-08,wm,TRUE,FALSE
-0.239,-1.64E-08,wm,TRUE,FALSE
-0.238,-1.65E-08,wm,TRUE,FALSE
-0.237,-1.66E-08,wm,TRUE,FALSE
-0.236,-1.67E-08,wm,TRUE,FALSE
-0.235,-1.67E-08,wm,TRUE,FALSE
-0.234,-1.68E-08,wm,TRUE,FALSE
-0.233,-1.69E-08,wm,TRUE,FALSE
-0.232,-1.70E-08,wm,TRUE,FALSE
-0.231,-1.71E-08,wm,TRUE,FALSE
-0.23,-1.71E-08,wm,TRUE,FALSE
-0.229,-1.72E-08,wm,TRUE,FALSE
-0.228,-1.73E-08,wm,TRUE,FALSE
-0.227,-1.74E-08,wm,TRUE,FALSE
-0.226,-1.75E-08,wm,TRUE,FALSE
-0.225,-1.75E-08,wm,TRUE,FALSE
-0.224,-1.76E-08,wm,TRUE,FALSE
-0.223,-1.77E-08,wm,TRUE,FALSE
-0.222,-1.78E-08,wm,TRUE,FALSE
-0.221,-1.79E-08,wm,TRUE,FALSE
-0.22,-1.80E-08,wm,TRUE,FALSE
-0.219,-1.80E-08,wm,TRUE,FALSE
-0.218,-1.81E-08,wm,TRUE,FALSE
-0.217,-1.82E-08,wm,TRUE,FALSE
-0.216,-1.83E-08,wm,TRUE,FALSE
-0.215,-1.84E-08,wm,TRUE,FALSE
-0.214,-1.85E-08,wm,TRUE,FALSE
-0.213,-1.86E-08,wm,TRUE,FALSE
-0.212,-1.86E-08,wm,TRUE,FALSE
-0.211,-1.87E-08,wm,TRUE,FALSE
-0.21,-1.88E-08,wm,TRUE,FALSE
-0.209,-1.89E-08,wm,TRUE,FALSE
-0.208,-1.90E-08,wm,TRUE,FALSE
-0.207,-1.90E-08,wm,TRUE,FALSE
-0.206,-1.91E-08,wm,TRUE,FALSE
-0.205,-1.92E-08,wm,TRUE,FALSE
-0.204,-1.92E-08,wm,TRUE,FALSE
-0.203,-1.93E-08,wm,TRUE,FALSE
-0.202,-1.94E-08,wm,TRUE,FALSE
-0.201,-1.94E-08,wm,TRUE,FALSE
-0.2,-1.95E-08,wm,TRUE,FALSE
-0.199,-1.96E-08,wm,TRUE,FALSE
-0.198,-1.96E-08,wm,TRUE,FALSE
-0.197,-1.97E-08,wm,TRUE,FALSE
-0.196,-1.97E-08,wm,TRUE,FALSE
-0.195,-1.98E-08,wm,TRUE,FALSE
-0.194,-1.98E-08,wm,TRUE,FALSE
-0.193,-1.99E-08,wm,TRUE,FALSE
-0.192,-1.99E-08,wm,TRUE,FALSE
-0.191,-1.99E-08,wm,TRUE,FALSE
-0.19,-2.00E-08,wm,TRUE,FALSE
-0.189,-2.00E-08,wm,TRUE,FALSE
-0.188,-2.00E-08,wm,TRUE,FALSE
-0.187,-2.00E-08,wm,TRUE,FALSE
-0.186,-2.01E-08,wm,TRUE,FALSE
-0.185,-2.01E-08,wm,TRUE,FALSE
-0.184,-2.01E-08,wm,TRUE,FALSE
-0.183,-2.01E-08,wm,TRUE,FALSE
-0.182,-2.02E-08,wm,TRUE,FALSE
-0.181,-2.02E-08,wm,TRUE,FALSE
-0.18,-2.02E-08,wm,TRUE,FALSE
-0.179,-2.02E-08,wm,TRUE,FALSE
-0.178,-2.02E-08,wm,TRUE,FALSE
-0.177,-2.02E-08,wm,TRUE,FALSE
-0.176,-2.02E-08,wm,TRUE,FALSE
-0.175,-2.02E-08,wm,TRUE,FALSE
-0.174,-2.02E-08,wm,TRUE,FALSE
-0.173,-2.03E-08,wm,TRUE,FALSE
-0.172,-2.03E-08,wm,TRUE,FALSE
-0.171,-2.03E-08,wm,TRUE,FALSE
-0.17,-2.03E-08,wm,TRUE,FALSE
-0.169,-2.03E-08,wm,TRUE,FALSE
-0.168,-2.03E-08,wm,TRUE,FALSE
-0.167,-2.03E-08,wm,TRUE,FALSE
-0.166,-2.03E-08,wm,TRUE,FALSE
-0.165,-2.03E-08,wm,TRUE,FALSE
-0.164,-2.03E-08,wm,TRUE,FALSE
-0.163,-2.03E-08,wm,TRUE,FALSE
-0.162,-2.03E-08,wm,TRUE,FALSE
-0.161,-2.03E-08,wm,TRUE,FALSE
-0.16,-2.03E-08,wm,TRUE,FALSE
-0.159,-2.03E-08,wm,TRUE,FALSE
-0.158,-2.03E-08,wm,TRUE,FALSE
-0.157,-2.03E-08,wm,TRUE,FALSE
-0.156,-2.03E-08,wm,TRUE,FALSE
-0.155,-2.03E-08,wm,TRUE,FALSE
-0.154,-2.04E-08,wm,TRUE,FALSE
-0.153,-2.04E-08,wm,TRUE,FALSE
-0.152,-2.04E-08,wm,TRUE,FALSE
-0.151,-2.04E-08,wm,TRUE,FALSE
-0.15,-2.04E-08,wm,TRUE,FALSE
-0.149,-2.04E-08,wm,TRUE,FALSE
-0.148,-2.04E-08,wm,TRUE,FALSE
-0.147,-2.04E-08,wm,TRUE,FALSE
-0.146,-2.04E-08,wm,TRUE,FALSE
-0.145,-2.05E-08,wm,TRUE,FALSE
-0.144,-2.05E-08,wm,TRUE,FALSE
-0.143,-2.05E-08,wm,TRUE,FALSE
-0.142,-2.05E-08,wm,TRUE,FALSE
-0.141,-2.05E-08,wm,TRUE,FALSE
-0.14,-2.05E-08,wm,TRUE,FALSE
-0.139,-2.05E-08,wm,TRUE,FALSE
-0.138,-2.06E-08,wm,TRUE,FALSE
-0.137,-2.06E-08,wm,TRUE,FALSE
-0.136,-2.06E-08,wm,TRUE,FALSE
-0.135,-2.06E-08,wm,TRUE,FALSE
-0.134,-2.06E-08,wm,TRUE,FALSE
-0.133,-2.06E-08,wm,TRUE,FALSE
-0.132,-2.06E-08,wm,TRUE,FALSE
-0.131,-2.07E-08,wm,TRUE,FALSE
-0.13,-2.07E-08,wm,TRUE,FALSE
-0.129,-2.07E-08,wm,TRUE,FALSE
-0.128,-2.07E-08,wm,TRUE,FALSE
-0.127,-2.07E-08,wm,TRUE,FALSE
-0.126,-2.07E-08,wm,TRUE,FALSE
-0.125,-2.08E-08,wm,TRUE,FALSE
-0.124,-2.08E-08,wm,TRUE,FALSE
-0.123,-2.08E-08,wm,TRUE,FALSE
-0.122,-2.08E-08,wm,TRUE,FALSE
-0.121,-2.08E-08,wm,TRUE,FALSE
-0.12,-2.08E-08,wm,TRUE,FALSE
-0.119,-2.09E-08,wm,TRUE,FALSE
-0.118,-2.09E-08,wm,TRUE,FALSE
-0.117,-2.09E-08,wm,TRUE,FALSE
-0.116,-2.09E-08,wm,TRUE,FALSE
-0.115,-2.09E-08,wm,TRUE,FALSE
-0.114,-2.10E-08,wm,TRUE,FALSE
-0.113,-2.10E-08,wm,TRUE,FALSE
-0.112,-2.10E-08,wm,TRUE,FALSE
-0.111,-2.10E-08,wm,TRUE,FALSE
-0.11,-2.10E-08,wm,TRUE,FALSE
-0.109,-2.10E-08,wm,TRUE,FALSE
-0.108,-2.11E-08,wm,TRUE,FALSE
-0.107,-2.11E-08,wm,TRUE,FALSE
-0.106,-2.11E-08,wm,TRUE,FALSE
-0.105,-2.11E-08,wm,TRUE,FALSE
-0.104,-2.11E-08,wm,TRUE,FALSE
-0.103,-2.11E-08,wm,TRUE,FALSE
-0.102,-2.12E-08,wm,TRUE,FALSE
-0.101,-2.12E-08,wm,TRUE,FALSE
-0.1,-2.12E-08,wm,TRUE,FALSE
-0.099,-2.12E-08,wm,TRUE,FALSE
-0.098,-2.12E-08,wm,TRUE,FALSE
-0.097,-2.12E-08,wm,TRUE,FALSE
-0.096,-2.13E-08,wm,TRUE,FALSE
-0.095,-2.13E-08,wm,TRUE,FALSE
-0.094,-2.13E-08,wm,TRUE,FALSE
-0.093,-2.13E-08,wm,TRUE,FALSE
-0.092,-2.13E-08,wm,TRUE,FALSE
-0.091,-2.13E-08,wm,TRUE,FALSE
-0.09,-2.14E-08,wm,TRUE,FALSE
-0.089,-2.14E-08,wm,TRUE,FALSE
-0.088,-2.14E-08,wm,TRUE,FALSE
-0.087,-2.14E-08,wm,TRUE,FALSE
-0.086,-2.14E-08,wm,TRUE,FALSE
-0.085,-2.14E-08,wm,TRUE,FALSE
-0.084,-2.15E-08,wm,TRUE,FALSE
-0.083,-2.15E-08,wm,TRUE,FALSE
-0.082,-2.15E-08,wm,TRUE,FALSE
-0.081,-2.15E-08,wm,TRUE,FALSE
-0.08,-2.15E-08,wm,TRUE,FALSE
-0.079,-2.15E-08,wm,TRUE,FALSE
-0.078,-2.15E-08,wm,TRUE,FALSE
-0.077,-2.16E-08,wm,TRUE,FALSE
-0.076,-2.16E-08,wm,TRUE,FALSE
-0.075,-2.16E-08,wm,TRUE,FALSE
-0.074,-2.16E-08,wm,TRUE,FALSE
-0.073,-2.16E-08,wm,TRUE,FALSE
-0.072,-2.17E-08,wm,TRUE,FALSE
-0.071,-2.17E-08,wm,TRUE,FALSE
-0.07,-2.17E-08,wm,TRUE,FALSE
-0.069,-2.17E-08,wm,TRUE,FALSE
-0.068,-2.17E-08,wm,TRUE,FALSE
-0.067,-2.17E-08,wm,TRUE,FALSE
-0.066,-2.18E-08,wm,TRUE,FALSE
-0.065,-2.18E-08,wm,TRUE,FALSE
-0.064,-2.18E-08,wm,TRUE,FALSE
-0.063,-2.18E-08,wm,TRUE,FALSE
-0.062,-2.18E-08,wm,TRUE,FALSE
-0.061,-2.19E-08,wm,TRUE,FALSE
-0.06,-2.19E-08,wm,TRUE,FALSE
-0.059,-2.19E-08,wm,TRUE,FALSE
-0.058,-2.19E-08,wm,TRUE,FALSE
-0.057,-2.20E-08,wm,TRUE,FALSE
-0.056,-2.20E-08,wm,TRUE,FALSE
-0.055,-2.20E-08,wm,TRUE,FALSE
-0.054,-2.20E-08,wm,TRUE,FALSE
-0.053,-2.20E-08,wm,TRUE,FALSE
-0.052,-2.21E-08,wm,TRUE,FALSE
-0.051,-2.21E-08,wm,TRUE,FALSE