treatment,run,rep,reactor,electrode_from_swv,signal_from_swv,electrode_from_gc,signal_from_gc,echem_from_swv,minutes_from_swv,exp_id
control,1,0,soak,i1,5.8089343e-6,NA,NA,SWV,902.6666666666666,1
control,1,1,soak,i1,5.72514496e-6,NA,NA,SWV,903.5,1
control,2,0,soak,i1,5.07074041e-6,NA,NA,SWV,1094,1
control,3,0,soak,i1,4.4451123300000005e-6,NA,NA,SWV,1155.4666666666667,1
control,3,0,soak,i1,4.4451123300000005e-6,NA,NA,SWV,1155.4666666666667,1
control,1,0,transfer,i1,4.42439979e-6,NA,NA,SWV,908.9166666666666,1
control,1,9,transfer,i1,6.794540700000001e-7,i2,5.2912532000000005e-9,SWV,945.2166666666667,1
control,1,10,transfer,i1,6.6337558e-7,i2,4.0340824e-9,SWV,949.2,1
control,1,1,transfer,i1,1.2887067300000001e-6,i2,6.07934577e-8,SWV,913.2166666666667,1
control,1,2,transfer,i1,1.06263438e-6,i2,2.8445952400000003e-8,SWV,917.3833333333333,1
control,1,3,transfer,i1,9.9017378e-7,i2,1.566535e-8,SWV,921.55,1
control,1,4,transfer,i1,9.392170200000001e-7,i2,1.5022145900000002e-8,SWV,925.3333333333334,1
control,1,5,transfer,i1,8.8027906e-7,i2,1.0926714399999999e-8,SWV,929.1666666666666,1
control,1,6,transfer,i1,8.0010074e-7,i2,7.959926300000001e-9,SWV,933.2833333333333,1
control,1,7,transfer,i1,7.8555587e-7,i2,7.0365788e-9,SWV,937.0666666666667,1
control,1,7,transfer,i1,7.8555587e-7,i2,7.0365788e-9,SWV,937.0666666666667,1
control,1,8,transfer,i1,7.1464543e-7,i2,5.9636933999999995e-9,SWV,940.9166666666666,1
control,2,0,transfer,i1,3.26290316e-6,NA,NA,SWV,1097.0166666666667,1
control,2,9,transfer,i1,5.408158699999999e-7,i2,3.4875347e-9,SWV,1124.9,1
control,2,10,transfer,i1,5.2866213e-7,i2,3.371067399999999e-9,SWV,1127.6166666666666,1
control,2,11,transfer,i1,5.27145e-7,i2,3.092762e-9,SWV,1130.2666666666667,1
control,2,12,transfer,i1,5.2633695e-7,i2,3.0225460000000005e-9,SWV,1132.95,1
control,2,13,transfer,i1,5.128145e-7,i2,2.538226e-9,SWV,1136.4333333333334,1
control,2,14,transfer,i1,5.1240221e-7,i2,2.4076206e-9,SWV,1139.2833333333333,1
control,2,15,transfer,i1,5.1563442e-7,i2,2.2577632999999997e-9,SWV,1142.05,1
control,2,1,transfer,i1,9.1370588e-7,i2,4.65714018e-8,SWV,1100.6833333333334,1
control,2,2,transfer,i1,7.2234664e-7,i2,2.00473161e-8,SWV,1103.9,1
control,2,3,transfer,i1,6.5836228e-7,i2,1.3721120699999998e-8,SWV,1107.4166666666667,1
control,2,4,transfer,i1,6.2378106e-7,i2,9.824194199999998e-9,SWV,1110.4166666666667,1
control,2,5,transfer,i1,5.89876e-7,i2,6.9252248000000005e-9,SWV,1113.3166666666666,1
control,2,6,transfer,i1,5.6596437e-7,i2,5.7752539e-9,SWV,1116.3833333333334,1
control,2,7,transfer,i1,5.4853352e-7,i2,4.8303388000000005e-9,SWV,1119.3,1
control,2,8,transfer,i1,5.517822499999999e-7,i2,4.0201038e-9,SWV,1122.1166666666666,1
control,3,0,transfer,i1,2.42823764e-6,NA,NA,SWV,1159.2,1
control,3,9,transfer,i1,4.767490800000001e-7,i2,2.0075753000000004e-9,SWV,1184.1,1
control,3,10,transfer,i1,4.734839e-7,i2,1.8772091999999997e-9,SWV,1186.85,1
control,3,11,transfer,i1,4.796679600000001e-7,i2,1.6259027e-9,SWV,1189.5833333333333,1
control,3,12,transfer,i1,4.6462833000000003e-7,i2,1.5048027e-9,SWV,1192.3166666666666,1
control,3,13,transfer,i1,4.7064748000000007e-7,i2,1.4116612e-9,SWV,1195.4,1
control,3,14,transfer,i1,4.6047271e-7,i2,1.4153359000000001e-9,SWV,1198.0833333333333,1
control,3,15,transfer,i1,4.6949319e-7,i2,1.2635615000000002e-9,SWV,1200.8,1
control,3,1,transfer,i1,6.9220142e-7,i2,3.3444517399999994e-8,SWV,1162.1166666666666,1
control,3,2,transfer,i1,5.5399202e-7,i2,1.24939057e-8,SWV,1164.9333333333334,1
control,3,3,transfer,i1,5.1052222e-7,i2,7.9381979e-9,SWV,1167.8,1
control,3,4,transfer,i1,5.3298277e-7,i2,5.5633289000000005e-9,SWV,1170.4666666666667,1
control,3,5,transfer,i1,5.1037382e-7,i2,3.871364300000001e-9,SWV,1173.1166666666666,1
control,3,6,transfer,i1,4.927121700000001e-7,i2,3.3610031999999997e-09,SWV,1175.8,1
control,3,7,transfer,i1,4.9107956e-7,i2,2.8105414999999997e-9,SWV,1178.6,1
control,3,8,transfer,i1,4.7727683e-7,i2,2.2937101e-9,SWV,1181.3833333333334,1
control,1,0,soak,i2,5.67796492e-6,NA,NA,SWV,902.6666666666666,1
control,1,1,soak,i2,6.2019928399999995e-6,NA,NA,SWV,903.5,1
control,2,0,soak,i2,4.187954929999999e-6,NA,NA,SWV,1094,1
control,3,0,soak,i2,3.26961479e-6,NA,NA,SWV,1155.4666666666667,1
control,1,0,transfer,i2,5.09940162e-6,NA,NA,SWV,908.9166666666666,1
control,1,9,transfer,i2,2.17676924e-6,i2,5.2912532000000005e-9,SWV,945.2166666666667,1
control,1,10,transfer,i2,2.1174025600000002e-6,i2,4.0340824e-9,SWV,949.2,1
control,1,1,transfer,i2,2.77855176e-6,i2,6.07934577e-8,SWV,913.2166666666667,1
control,1,2,transfer,i2,2.9061575499999998e-6,i2,2.8445952400000003e-8,SWV,917.3833333333333,1
control,1,3,transfer,i2,3.00582788e-6,i2,1.566535e-8,SWV,921.55,1
control,1,4,transfer,i2,2.91878947e-6,i2,1.5022145900000002e-8,SWV,925.3333333333334,1
control,1,5,transfer,i2,2.76712373e-6,i2,1.0926714399999999e-8,SWV,929.1666666666666,1
control,1,6,transfer,i2,2.76372657e-6,i2,7.959926300000001e-9,SWV,933.2833333333333,1
control,1,7,transfer,i2,2.56814558e-6,i2,7.0365788e-9,SWV,937.0666666666667,1
control,1,8,transfer,i2,2.40196788e-6,i2,5.9636933999999995e-9,SWV,940.9166666666666,1
control,2,0,transfer,i2,2.94131585e-6,NA,NA,SWV,1097.0166666666667,1
control,2,9,transfer,i2,1.30551088e-6,i2,3.4875347e-9,SWV,1124.9,1
control,2,10,transfer,i2,1.23349555e-6,i2,3.371067399999999e-9,SWV,1127.6166666666666,1
control,2,11,transfer,i2,1.20509834e-6,i2,3.092762e-9,SWV,1130.2666666666667,1
control,2,12,transfer,i2,1.1843364200000002e-6,i2,3.0225460000000005e-9,SWV,1132.95,1
control,2,13,transfer,i2,1.10077765e-6,i2,2.538226e-9,SWV,1136.4333333333334,1
control,2,14,transfer,i2,1.08552355e-6,i2,2.4076206e-9,SWV,1139.2833333333333,1
control,2,15,transfer,i2,1.0351771300000001e-6,i2,2.2577632999999997e-9,SWV,1142.05,1
control,2,1,transfer,i2,2.2700579999999998e-6,i2,4.65714018e-8,SWV,1100.6833333333334,1
control,2,2,transfer,i2,2.0731741e-6,i2,2.00473161e-8,SWV,1103.9,1
control,2,3,transfer,i2,1.99828956e-6,i2,1.3721120699999998e-8,SWV,1107.4166666666667,1
control,2,4,transfer,i2,1.8214256500000001e-6,i2,9.824194199999998e-9,SWV,1110.4166666666667,1
control,2,5,transfer,i2,1.6082324600000001e-6,i2,6.9252248000000005e-9,SWV,1113.3166666666666,1
control,2,6,transfer,i2,1.53352908e-6,i2,5.7752539e-9,SWV,1116.3833333333334,1
control,2,7,transfer,i2,1.5288129100000001e-6,i2,4.8303388000000005e-9,SWV,1119.3,1
control,2,8,transfer,i2,1.4238983300000001e-6,i2,4.0201038e-9,SWV,1122.1166666666666,1
control,3,0,transfer,i2,1.85424235e-6,NA,NA,SWV,1159.2,1
control,3,9,transfer,i2,7.8906854e-7,i2,2.0075753000000004e-9,SWV,1184.1,1
control,3,10,transfer,i2,7.923499999999999e-7,i2,1.8772091999999997e-9,SWV,1186.85,1
control,3,11,transfer,i2,7.5701036e-7,i2,1.6259027e-9,SWV,1189.5833333333333,1
control,3,12,transfer,i2,7.3976087e-7,i2,1.5048027e-9,SWV,1192.3166666666666,1
control,3,13,transfer,i2,7.391836199999999e-7,i2,1.4116612e-9,SWV,1195.4,1
control,3,14,transfer,i2,7.382436400000001e-7,i2,1.4153359000000001e-9,SWV,1198.0833333333333,1
control,3,15,transfer,i2,7.3046017e-7,i2,1.2635615000000002e-9,SWV,1200.8,1
control,3,1,transfer,i2,1.14357131e-6,i2,3.3444517399999994e-8,SWV,1162.1166666666666,1
control,3,2,transfer,i2,1.05565865e-6,i2,1.24939057e-8,SWV,1164.9333333333334,1
control,3,3,transfer,i2,1.0342041900000001e-6,i2,7.9381979e-9,SWV,1167.8,1
control,3,4,transfer,i2,9.216050600000001e-7,i2,5.5633289000000005e-9,SWV,1170.4666666666667,1
control,3,5,transfer,i2,9.1215584e-7,i2,3.871364300000001e-9,SWV,1173.1166666666666,1
control,3,6,transfer,i2,8.533330399999999e-7,i2,3.3610031999999997e-09,SWV,1175.8,1
control,3,7,transfer,i2,8.7355084e-7,i2,2.8105414999999997e-9,SWV,1178.6,1
control,3,8,transfer,i2,8.455163400000001e-7,i2,2.2937101e-9,SWV,1181.3833333333334,1
psoralen,1,0,soak,i1,7.692171239999999e-6,NA,NA,SWV,929.9833333333333,1
psoralen,1,1,soak,i1,7.361123830000001e-6,NA,NA,SWV,938.4166666666666,1
psoralen,2,0,soak,i1,5.98035982e-6,NA,NA,SWV,1111.7166666666667,1
psoralen,3,0,soak,i1,5.15115326e-6,NA,NA,SWV,1173.8666666666666,1
psoralen,1,0,transfer,i1,5.899201470000001e-6,NA,NA,SWV,952.2166666666667,1
psoralen,1,9,transfer,i1,5.1757453e-7,i2,9.830863700000002e-9,SWV,987.3833333333333,1
psoralen,1,10,transfer,i1,4.5920461e-7,i2,7.361771399999999e-9,SWV,991.1666666666666,1
psoralen,1,1,transfer,i1,1.71799946e-6,i2,1.51036348e-7,SWV,956.2333333333333,1
psoralen,1,2,transfer,i1,1.17094241e-6,i2,6.4206171e-8,SWV,960.1833333333333,1
psoralen,1,3,transfer,i1,9.5699782e-7,i2,4.0113862e-8,SWV,964.0833333333334,1
psoralen,1,4,transfer,i1,7.813007700000001e-7,i2,2.5803013000000004e-8,SWV,968.1,1
psoralen,1,5,transfer,i1,6.6939427e-7,i2,1.936142e-8,SWV,971.9166666666666,1
psoralen,1,6,transfer,i1,6.325253600000001e-7,i2,1.72761922e-8,SWV,975.75,1
psoralen,1,7,transfer,i1,5.709609699999999e-7,i2,1.3125111199999999e-8,SWV,979.5666666666667,1
psoralen,1,8,transfer,i1,6.452843500000001e-7,i2,1.1304257199999999e-8,SWV,983.5666666666667,1
psoralen,2,0,transfer,i1,7.628659660000001e-6,NA,NA,SWV,1114.8666666666666,1
psoralen,2,9,transfer,i1,3.1029986000000004e-7,i2,4.2959724999999996e-9,SWV,1140.45,1
psoralen,2,10,transfer,i1,2.9850588999999996e-7,i2,4.2789541e-9,SWV,1143.45,1
psoralen,2,11,transfer,i1,2.8996101e-7,i2,3.7830557e-9,SWV,1146.1166666666666,1
psoralen,2,12,transfer,i1,2.7194647999999993e-7,i2,3.7263268000000005e-9,SWV,1149.3,1
psoralen,2,13,transfer,i1,2.692095799999999e-7,i2,3.0471265999999997e-9,SWV,1152.0166666666667,1
psoralen,2,14,transfer,i1,2.613508e-7,i2,2.2320142e-9,SWV,1154.7,1
psoralen,2,15,transfer,i1,2.4627133000000005e-7,i2,2.1985693000000004e-9,SWV,1157.4166666666667,1
psoralen,2,1,transfer,i1,1.3374971500000001e-6,i2,9.027712400000001e-8,SWV,1118.0666666666666,1
psoralen,2,2,transfer,i1,8.680746299999999e-7,i2,3.8720362e-8,SWV,1120.8333333333333,1
psoralen,2,3,transfer,i1,6.512519799999999e-7,i2,2.21355449e-8,SWV,1123.55,1
psoralen,2,4,transfer,i1,5.495796399999999e-7,i2,1.6241494600000002e-8,SWV,1126.25,1
psoralen,2,5,transfer,i1,4.5357706e-7,i2,1.0614064899999999e-8,SWV,1129.5666666666666,1
psoralen,2,6,transfer,i1,3.9203246000000003e-7,i2,7.6455311e-9,SWV,1132.2666666666667,1
psoralen,2,7,transfer,i1,3.5465866000000004e-7,i2,6.126045399999999e-9,SWV,1135,1
psoralen,2,8,transfer,i1,3.3853740000000006e-7,i2,5.9907241e-9,SWV,1137.7166666666667,1
psoralen,3,0,transfer,i1,7.0559646899999995e-6,NA,NA,SWV,1176.7333333333333,1
psoralen,3,9,transfer,i1,2.9258189e-7,i2,4.0373877e-9,SWV,1201.1166666666666,1
psoralen,3,10,transfer,i1,2.8607445000000007e-7,i2,3.5873432999999995e-9,SWV,1203.7833333333333,1
psoralen,3,11,transfer,i1,2.6754691e-7,i2,2.9431253000000005e-9,SWV,1206.4333333333334,1
psoralen,3,12,transfer,i1,2.5556874999999997e-7,i2,2.1113489000000002e-9,SWV,1209.15,1
psoralen,3,13,transfer,i1,2.5217456999999997e-7,i2,2.632893000000001e-9,SWV,1211.9,1
psoralen,3,14,transfer,i1,2.3933586000000004e-7,i2,1.9302927999999996e-9,SWV,1214.5,1
psoralen,3,15,transfer,i1,2.3132639999999996e-7,i2,2.0332299999999996e-9,SWV,1217.3,1
psoralen,3,1,transfer,i1,1.04294729e-6,i2,6.4637421e-8,SWV,1179.6,1
psoralen,3,1,transfer,i1,1.04294729e-6,i2,6.4637421e-8,SWV,1179.6,1
psoralen,3,2,transfer,i1,6.627532899999999e-7,i2,2.8995980900000003e-8,SWV,1182.3833333333334,1
psoralen,3,3,transfer,i1,5.4841523e-7,i2,1.85854272e-8,SWV,1185.05,1
psoralen,3,3,transfer,i1,5.4841523e-7,i2,1.85854272e-8,SWV,1185.05,1
psoralen,3,4,transfer,i1,4.6350659000000007e-7,i2,1.1872127900000001e-8,SWV,1187.75,1
psoralen,3,5,transfer,i1,4.0306287e-7,i2,9.9177283e-9,SWV,1190.4166666666667,1
psoralen,3,6,transfer,i1,3.4929280999999995e-7,i2,6.8989642e-9,SWV,1193.0666666666666,1
psoralen,3,7,transfer,i1,3.1831468e-7,i2,5.0899306e-9,SWV,1195.75,1
psoralen,3,7,transfer,i1,3.1831468e-7,i2,5.0899306e-9,SWV,1195.75,1
psoralen,3,8,transfer,i1,3.047707100000001e-7,i2,4.8501351e-9,SWV,1198.4833333333333,1
psoralen,1,0,soak,i2,7.157537e-6,NA,NA,SWV,929.9833333333333,1
psoralen,1,1,soak,i2,4.9461012700000005e-6,NA,NA,SWV,938.4166666666666,1
psoralen,2,0,soak,i2,4.73130111e-6,NA,NA,SWV,1111.7166666666667,1
psoralen,3,0,soak,i2,3.89688007e-6,NA,NA,SWV,1173.8666666666666,1
psoralen,1,0,transfer,i2,6.00183012e-6,NA,NA,SWV,952.2166666666667,1
psoralen,1,9,transfer,i2,9.776662430000001e-6,i2,9.830863700000002e-9,SWV,987.3833333333333,1
psoralen,1,10,transfer,i2,9.36375416e-6,i2,7.361771399999999e-9,SWV,991.1666666666666,1
psoralen,1,1,transfer,i2,1.022860356e-5,i2,1.51036348e-7,SWV,956.2333333333333,1
psoralen,1,2,transfer,i2,1.231024473e-5,i2,6.4206171e-8,SWV,960.1833333333333,1
psoralen,1,3,transfer,i2,1.19060896e-5,i2,4.0113862e-8,SWV,964.0833333333334,1
psoralen,1,4,transfer,i2,1.144132187e-5,i2,2.5803013000000004e-8,SWV,968.1,1
psoralen,1,5,transfer,i2,1.0673148090000001e-5,i2,1.936142e-8,SWV,971.9166666666666,1
psoralen,1,6,transfer,i2,1.019097324e-5,i2,1.72761922e-8,SWV,975.75,1
psoralen,1,7,transfer,i2,9.903506199999999e-6,i2,1.3125111199999999e-8,SWV,979.5666666666667,1
psoralen,1,8,transfer,i2,1.5999194499999997e-6,i2,1.1304257199999999e-8,SWV,983.5666666666667,1
psoralen,2,0,transfer,i2,5.93392055e-6,NA,NA,SWV,1114.8666666666666,1
psoralen,2,9,transfer,i2,4.56576081e-6,i2,4.2959724999999996e-9,SWV,1140.45,1
psoralen,2,10,transfer,i2,4.5293477e-6,i2,4.2789541e-9,SWV,1143.45,1
psoralen,2,11,transfer,i2,4.29772017e-6,i2,3.7830557e-9,SWV,1146.1166666666666,1
psoralen,2,12,transfer,i2,4.4135594599999995e-6,i2,3.7263268000000005e-9,SWV,1149.3,1
psoralen,2,13,transfer,i2,4.20196287e-6,i2,3.0471265999999997e-9,SWV,1152.0166666666667,1
psoralen,2,14,transfer,i2,3.95077835e-6,i2,2.2320142e-9,SWV,1154.7,1
psoralen,2,15,transfer,i2,3.83512205e-6,i2,2.1985693000000004e-9,SWV,1157.4166666666667,1
psoralen,2,1,transfer,i2,7.00298958e-6,i2,9.027712400000001e-8,SWV,1118.0666666666666,1
psoralen,2,2,transfer,i2,7.101438e-6,i2,3.8720362e-8,SWV,1120.8333333333333,1
psoralen,2,3,transfer,i2,6.4043571199999995e-6,i2,2.21355449e-8,SWV,1123.55,1
psoralen,2,4,transfer,i2,5.97784566e-6,i2,1.6241494600000002e-8,SWV,1126.25,1
psoralen,2,5,transfer,i2,5.36504762e-6,i2,1.0614064899999999e-8,SWV,1129.5666666666666,1
psoralen,2,6,transfer,i2,5.08267148e-6,i2,7.6455311e-9,SWV,1132.2666666666667,1
psoralen,2,7,transfer,i2,4.82025599e-6,i2,6.126045399999999e-9,SWV,1135,1
psoralen,2,8,transfer,i2,4.62547707e-6,i2,5.9907241e-9,SWV,1137.7166666666667,1
psoralen,3,0,transfer,i2,5.08002285e-6,NA,NA,SWV,1176.7333333333333,1
psoralen,3,9,transfer,i2,4.06191059e-6,i2,4.0373877e-9,SWV,1201.1166666666666,1
psoralen,3,10,transfer,i2,4.00212045e-6,i2,3.5873432999999995e-9,SWV,1203.7833333333333,1
psoralen,3,11,transfer,i2,3.89168411e-6,i2,2.9431253000000005e-9,SWV,1206.4333333333334,1
psoralen,3,12,transfer,i2,3.7235774599999998e-6,i2,2.1113489000000002e-9,SWV,1209.15,1
psoralen,3,13,transfer,i2,3.71373391e-6,i2,2.632893000000001e-9,SWV,1211.9,1
psoralen,3,14,transfer,i2,3.53832972e-6,i2,1.9302927999999996e-9,SWV,1214.5,1
psoralen,3,15,transfer,i2,3.4874930299999996e-6,i2,2.0332299999999996e-9,SWV,1217.3,1
psoralen,3,1,transfer,i2,5.88872316e-6,i2,6.4637421e-8,SWV,1179.6,1
psoralen,3,1,transfer,i2,5.88872316e-6,i2,6.4637421e-8,SWV,1179.6,1
psoralen,3,2,transfer,i2,5.8066249000000006e-6,i2,2.8995980900000003e-8,SWV,1182.3833333333334,1
psoralen,3,3,transfer,i2,5.34503003e-6,i2,1.85854272e-8,SWV,1185.05,1
psoralen,3,3,transfer,i2,5.34503003e-6,i2,1.85854272e-8,SWV,1185.05,1
psoralen,3,4,transfer,i2,5.0580216300000004e-6,i2,1.1872127900000001e-8,SWV,1187.75,1
psoralen,3,5,transfer,i2,4.82583937e-6,i2,9.9177283e-9,SWV,1190.4166666666667,1
psoralen,3,6,transfer,i2,4.53655212e-6,i2,6.8989642e-9,SWV,1193.0666666666666,1
psoralen,3,7,transfer,i2,4.31703034e-6,i2,5.0899306e-9,SWV,1195.75,1
psoralen,3,7,transfer,i2,4.31703034e-6,i2,5.0899306e-9,SWV,1195.75,1
psoralen,3,8,transfer,i2,4.13459153e-6,i2,4.8501351e-9,SWV,1198.4833333333333,1
control,1,0,soak,i1,3.41704256e-6,NA,NA,SWV,941.1833333333333,2
control,1,0,transfer,i1,3.6689726400000002e-6,NA,NA,SWV,951.75,2
control,1,9,transfer,i1,1.6782688500000002e-7,i2,1.9993316200000004e-8,SWV,977.2833333333333,2
control,1,10,transfer,i1,1.6738164200000003e-7,i2,1.7600871099999997e-8,SWV,980.0666666666667,2
control,1,11,transfer,i1,1.42282633e-7,i2,1.3229051499999999e-8,SWV,983.5166666666667,2
control,1,12,transfer,i1,1.49060359e-7,i2,1.3198696500000002e-8,SWV,986.2166666666667,2
control,1,13,transfer,i1,1.32932361e-7,i2,1.11678757e-8,SWV,988.9666666666667,2
control,1,14,transfer,i1,1.20597242e-7,i2,8.669670799999999e-9,SWV,991.7833333333333,2
control,1,15,transfer,i1,1.20630219e-7,i2,8.438095899999998e-9,SWV,994.5666666666667,2
control,1,1,transfer,i1,1.16604802e-6,i2,3.0470970800000003e-7,SWV,954.6666666666666,2
control,1,2,transfer,i1,7.457471e-7,i2,1.72977646e-7,SWV,957.35,2
control,1,3,transfer,i1,5.3280135e-7,i2,1.1316615900000002e-7,SWV,960.0833333333334,2
control,1,4,transfer,i1,3.78909173e-7,i2,7.7454923e-8,SWV,963.0166666666667,2
control,1,5,transfer,i1,3.12022477e-7,i2,5.6319952e-8,SWV,965.75,2
control,1,6,transfer,i1,2.66656272e-7,i2,4.2720567e-8,SWV,968.45,2
control,1,7,transfer,i1,2.0946619099999998e-7,i2,3.1824764e-8,SWV,971.6666666666666,2
control,1,8,transfer,i1,1.9269500999999998e-7,i2,2.3839755999999995e-8,SWV,974.4,2
control,2,0,soak,i1,3.4892064960000003e-6,NA,NA,SWV,1009.4,2
control,2,0,transfer,i1,2.4038642360000003e-6,NA,NA,SWV,1017.4666666666667,2
control,2,9,transfer,i1,1.3695611e-7,i2,7.087142199999999e-9,SWV,1042.5833333333333,2
control,2,10,transfer,i1,1.1965726100000002e-7,i2,5.4437473999999995e-9,SWV,1045.3833333333334,2
control,2,11,transfer,i1,1.15699482e-7,i2,5.0941075999999995e-9,SWV,1048.2333333333333,2
control,2,12,transfer,i1,1.19921112e-7,i2,4.6331125999999995e-9,SWV,1050.9666666666667,2
control,2,13,transfer,i1,1.21025997e-7,i2,4.4136783e-9,SWV,1053.9333333333334,2
control,2,14,transfer,i1,1.04799048e-7,i2,3.638510399999999e-9,SWV,1056.6833333333334,2
control,2,15,transfer,i1,1.07421084e-7,i2,3.0031350999999997e-9,SWV,1059.5,2
control,2,1,transfer,i1,7.23088694e-7,i2,1.39638474e-7,SWV,1020.4,2
control,2,2,transfer,i1,4.5486583900000004e-7,i2,6.920639399999999e-8,SWV,1023.1333333333333,2
control,2,3,transfer,i1,3.3975999000000004e-7,i2,3.9524839399999997e-8,SWV,1025.8666666666666,2
control,2,4,transfer,i1,2.5791615300000004e-7,i2,2.47715729e-8,SWV,1028.55,2
control,2,5,transfer,i1,2.0155058699999996e-7,i2,1.83086187e-8,SWV,1031.2666666666667,2
control,2,6,transfer,i1,1.8557100900000002e-7,i2,1.3050597000000001e-8,SWV,1034.4,2
control,2,7,transfer,i1,1.5191329100000002e-7,i2,1.0358920600000001e-8,SWV,1037.1,2
control,2,8,transfer,i1,1.38044512e-7,i2,7.8377886e-9,SWV,1039.8333333333333,2
control,3,0,soak,i1,3.76443773e-6,NA,NA,SWV,1102.15,2
control,3,0,transfer,i1,2.674247462e-6,NA,NA,SWV,1108.9833333333333,2
control,3,9,transfer,i1,1.8662641099999998e-7,i2,1.32978288e-8,SWV,1134.0833333333333,2
control,3,10,transfer,i1,1.7127346999999996e-7,i2,1.1602750500000001e-8,SWV,1136.8166666666666,2
control,3,11,transfer,i1,1.6132951999999998e-7,i2,9.844084399999999e-9,SWV,1139.6333333333334,2
control,3,12,transfer,i1,1.5199571100000002e-7,i2,8.678057000000002e-9,SWV,1142.4,2
control,3,13,transfer,i1,1.45003622e-7,i2,7.405231100000001e-9,SWV,1145.1666666666667,2
control,3,14,transfer,i1,1.3179447699999998e-7,i2,6.470938900000001e-9,SWV,1148,2
control,3,15,transfer,i1,1.3032681e-7,i2,6.3015114000000005e-9,SWV,1150.7666666666667,2
control,3,1,transfer,i1,1.032621052e-6,i2,2.16585909e-7,SWV,1111.8833333333334,2
control,3,2,transfer,i1,6.79684925e-7,i2,1.12767789e-7,SWV,1114.5666666666666,2
control,3,3,transfer,i1,5.12831006e-7,i2,7.491039e-8,SWV,1117.2833333333333,2
control,3,4,transfer,i1,4.0193030599999995e-7,i2,5.0082103e-8,SWV,1120.05,2
control,3,5,transfer,i1,3.15518509e-7,i2,3.6417217e-8,SWV,1122.8666666666666,2
control,3,6,transfer,i1,2.61890433e-7,i2,2.7501113100000004e-8,SWV,1125.8333333333333,2
control,3,7,transfer,i1,2.20613937e-7,i2,2.0454469200000003e-8,SWV,1128.6333333333334,2
control,3,8,transfer,i1,2.0242458899999998e-7,i2,1.66024381e-8,SWV,1131.3833333333334,2
control,1,0,soak,i2,3.3386289309999997e-6,NA,NA,SWV,941.1833333333333,2
control,1,0,transfer,i2,3.5004366629999997e-6,NA,NA,SWV,951.75,2
control,1,9,transfer,i2,1.9383617269999997e-6,i2,1.9993316200000004e-8,SWV,977.2833333333333,2
control,1,10,transfer,i2,1.958216823e-6,i2,1.7600871099999997e-8,SWV,980.0666666666667,2
control,1,11,transfer,i2,2.1428313829999996e-6,i2,1.3229051499999999e-8,SWV,983.5166666666667,2
control,1,12,transfer,i2,1.995354118e-6,i2,1.3198696500000002e-8,SWV,986.2166666666667,2
control,1,13,transfer,i2,1.957557274e-6,i2,1.11678757e-8,SWV,988.9666666666667,2
control,1,14,transfer,i2,1.939862539e-6,i2,8.669670799999999e-9,SWV,991.7833333333333,2
control,1,15,transfer,i2,1.922481127e-6,i2,8.438095899999998e-9,SWV,994.5666666666667,2
control,1,1,transfer,i2,1.262123557e-6,i2,3.0470970800000003e-7,SWV,954.6666666666666,2
control,1,2,transfer,i2,1.635326939e-6,i2,1.72977646e-7,SWV,957.35,2
control,1,3,transfer,i2,1.89657415e-6,i2,1.1316615900000002e-7,SWV,960.0833333333334,2
control,1,4,transfer,i2,1.757589698e-6,i2,7.7454923e-8,SWV,963.0166666666667,2
control,1,5,transfer,i2,1.995782965e-6,i2,5.6319952e-8,SWV,965.75,2
control,1,6,transfer,i2,2.016264501e-6,i2,4.2720567e-8,SWV,968.45,2
control,1,7,transfer,i2,1.694462947e-6,i2,3.1824764e-8,SWV,971.6666666666666,2
control,1,8,transfer,i2,1.9724978690000004e-6,i2,2.3839755999999995e-8,SWV,974.4,2
control,2,0,soak,i2,2.7445476399999997e-6,NA,NA,SWV,1009.4,2
control,2,0,transfer,i2,1.381780812e-6,NA,NA,SWV,1017.4666666666667,2
control,2,9,transfer,i2,2.0007795999999997e-6,i2,7.087142199999999e-9,SWV,1042.5833333333333,2
control,2,10,transfer,i2,1.979984637e-6,i2,5.4437473999999995e-9,SWV,1045.3833333333334,2
control,2,11,transfer,i2,1.917600003e-6,i2,5.0941075999999995e-9,SWV,1048.2333333333333,2
control,2,12,transfer,i2,1.893210006e-6,i2,4.6331125999999995e-9,SWV,1050.9666666666667,2
control,2,13,transfer,i2,1.82897842e-6,i2,4.4136783e-9,SWV,1053.9333333333334,2
control,2,14,transfer,i2,1.844529304e-6,i2,3.638510399999999e-9,SWV,1056.6833333333334,2
control,2,15,transfer,i2,1.796062848e-6,i2,3.0031350999999997e-9,SWV,1059.5,2
control,2,1,transfer,i2,1.885492261e-6,i2,1.39638474e-7,SWV,1020.4,2
control,2,2,transfer,i2,2.1724981040000003e-6,i2,6.920639399999999e-8,SWV,1023.1333333333333,2
control,2,3,transfer,i2,2.235080856e-6,i2,3.9524839399999997e-8,SWV,1025.8666666666666,2
control,2,4,transfer,i2,2.168441592e-6,i2,2.47715729e-8,SWV,1028.55,2
control,2,5,transfer,i2,2.1374553880000002e-6,i2,1.83086187e-8,SWV,1031.2666666666667,2
control,2,6,transfer,i2,2.1484876259999996e-6,i2,1.3050597000000001e-8,SWV,1034.4,2
control,2,7,transfer,i2,2.0800509769999997e-6,i2,1.0358920600000001e-8,SWV,1037.1,2
control,2,8,transfer,i2,2.0456510250000003e-6,i2,7.8377886e-9,SWV,1039.8333333333333,2
control,3,0,soak,i2,3.547946783e-6,NA,NA,SWV,1102.15,2
control,3,0,transfer,i2,2.2628351050000004e-6,NA,NA,SWV,1108.9833333333333,2
control,3,9,transfer,i2,2.334866883e-6,i2,1.32978288e-8,SWV,1134.0833333333333,2
control,3,10,transfer,i2,2.364319167e-6,i2,1.1602750500000001e-8,SWV,1136.8166666666666,2
control,3,11,transfer,i2,2.3229275180000003e-6,i2,9.844084399999999e-9,SWV,1139.6333333333334,2
control,3,12,transfer,i2,2.31120233e-6,i2,8.678057000000002e-9,SWV,1142.4,2
control,3,13,transfer,i2,2.238692397e-6,i2,7.405231100000001e-9,SWV,1145.1666666666667,2
control,3,14,transfer,i2,2.229474032e-6,i2,6.470938900000001e-9,SWV,1148,2
control,3,15,transfer,i2,2.183283148e-6,i2,6.3015114000000005e-9,SWV,1150.7666666666667,2
control,3,1,transfer,i2,2.028451019e-6,i2,2.16585909e-7,SWV,1111.8833333333334,2
control,3,2,transfer,i2,2.66326455e-6,i2,1.12767789e-7,SWV,1114.5666666666666,2
control,3,3,transfer,i2,2.525137537e-6,i2,7.491039e-8,SWV,1117.2833333333333,2
control,3,4,transfer,i2,2.438907107e-6,i2,5.0082103e-8,SWV,1120.05,2
control,3,5,transfer,i2,2.319134742e-6,i2,3.6417217e-8,SWV,1122.8666666666666,2
control,3,6,transfer,i2,2.27338919e-6,i2,2.7501113100000004e-8,SWV,1125.8333333333333,2
control,3,7,transfer,i2,2.3487354949999998e-6,i2,2.0454469200000003e-8,SWV,1128.6333333333334,2
control,3,8,transfer,i2,2.3494445630000003e-6,i2,1.66024381e-8,SWV,1131.3833333333334,2
psoralen,4,0,soak,i1,2.27855944e-6,NA,NA,SWVslow,1193.9,2
psoralen,4,0,transfer,i1,5.9077268e-7,NA,NA,SWVslow,1199.5166666666667,2
psoralen,4,9,transfer,i1,3.657666999999999e-8,i2,7.8478609e-9,SWVslow,1227.7333333333333,2
psoralen,4,10,transfer,i1,3.3999640000000004e-8,i2,6.414057999999999e-9,SWVslow,1231.1666666666667,2
psoralen,4,11,transfer,i1,3.387800999999999e-8,i2,6.669925700000001e-9,SWVslow,1234.2666666666667,2
psoralen,4,12,transfer,i1,3.49173e-8,i2,5.8998408e-9,SWVslow,1238.0333333333333,2
psoralen,4,13,transfer,i1,2.406948999999998e-8,i2,5.0444287e-9,SWVslow,1241.5833333333333,2
psoralen,4,1,transfer,i1,2.4561985999999997e-7,i2,1.230601758e-7,SWVslow,1202.7333333333333,2
psoralen,4,2,transfer,i1,1.0789407000000002e-7,i2,4.40601338e-8,SWVslow,1205.7666666666667,2
psoralen,4,3,transfer,i1,6.715128999999998e-8,i2,2.52987269e-8,SWVslow,1208.9666666666667,2
psoralen,4,4,transfer,i1,5.1522650000000005e-8,i2,1.81098585e-8,SWVslow,1211.9833333333333,2
psoralen,4,5,transfer,i1,3.445672000000002e-8,i2,1.42225647e-8,SWVslow,1215.3333333333333,2
psoralen,4,6,transfer,i1,4.396875000000001e-8,i2,1.21439524e-8,SWVslow,1218.3,2
psoralen,4,7,transfer,i1,3.803052000000001e-8,i2,9.6457871e-9,SWVslow,1221.6666666666667,2
psoralen,4,8,transfer,i1,3.8213579999999986e-8,i2,8.8238206e-9,SWVslow,1224.7166666666667,2
psoralen,5,0,soak,i1,2.1100019700000003e-6,NA,NA,SWVslow,1277.7333333333333,2
psoralen,5,0,transfer,i1,5.5123814e-7,NA,NA,SWVslow,1282.6,2
psoralen,5,9,transfer,i1,4.1074059999999994e-8,i2,9.2405368e-9,SWVslow,1310.3,2
psoralen,5,10,transfer,i1,4.091580999999999e-8,i2,7.882725e-9,SWVslow,1313.2833333333333,2
psoralen,5,11,transfer,i1,4.289283999999999e-8,i2,8.925813e-9,SWVslow,1316.2333333333333,2
psoralen,5,1,transfer,i1,1.7218726999999998e-7,i2,9.43117816e-8,SWVslow,1285.9666666666667,2
psoralen,5,1,transfer,i1,1.7218726999999998e-7,i2,9.43117816e-8,SWVslow,1285.9666666666667,2
psoralen,5,2,transfer,i1,7.585671000000002e-8,i2,4.0316784300000005e-8,SWVslow,1289.1,2
psoralen,5,3,transfer,i1,6.512582e-8,i2,2.3588374200000003e-8,SWVslow,1292.0833333333333,2
psoralen,5,4,transfer,i1,5.545906999999998e-8,i2,2.04789656e-8,SWVslow,1295,2
psoralen,5,5,transfer,i1,5.7499890000000003e-8,i2,1.8473272300000002e-8,SWVslow,1297.9833333333333,2
psoralen,5,6,transfer,i1,4.872953e-8,i2,1.3968115199999998e-8,SWVslow,1300.9,2
psoralen,5,7,transfer,i1,4.214644000000002e-8,i2,1.24483943e-8,SWVslow,1304.2,2
psoralen,5,8,transfer,i1,4.246649000000001e-8,i2,1.2831189699999998e-8,SWVslow,1307.2,2
psoralen,4,0,soak,i2,2.30887058e-6,NA,NA,SWVslow,1193.9,2
psoralen,4,0,transfer,i2,5.9344631e-7,NA,NA,SWVslow,1199.5166666666667,2
psoralen,4,9,transfer,i2,5.570981000000001e-8,i2,7.8478609e-9,SWVslow,1227.7333333333333,2
psoralen,4,10,transfer,i2,5.416851000000001e-8,i2,6.414057999999999e-9,SWVslow,1231.1666666666667,2
psoralen,4,11,transfer,i2,5.746883999999997e-8,i2,6.669925700000001e-9,SWVslow,1234.2666666666667,2
psoralen,4,12,transfer,i2,4.5432419999999994e-8,i2,5.8998408e-9,SWVslow,1238.0333333333333,2
psoralen,4,13,transfer,i2,6.936753e-8,i2,5.0444287e-9,SWVslow,1241.5833333333333,2
psoralen,4,1,transfer,i2,2.7437027999999994e-7,i2,1.230601758e-7,SWVslow,1202.7333333333333,2
psoralen,4,2,transfer,i2,1.3236229e-7,i2,4.40601338e-8,SWVslow,1205.7666666666667,2
psoralen,4,3,transfer,i2,1.0271032e-7,i2,2.52987269e-8,SWVslow,1208.9666666666667,2
psoralen,4,4,transfer,i2,8.467392999999999e-8,i2,1.81098585e-8,SWVslow,1211.9833333333333,2
psoralen,4,5,transfer,i2,8.447928000000003e-8,i2,1.42225647e-8,SWVslow,1215.3333333333333,2
psoralen,4,6,transfer,i2,6.689700000000002e-8,i2,1.21439524e-8,SWVslow,1218.3,2
psoralen,4,7,transfer,i2,5.723577999999999e-8,i2,9.6457871e-9,SWVslow,1221.6666666666667,2
psoralen,4,8,transfer,i2,5.898944999999999e-8,i2,8.8238206e-9,SWVslow,1224.7166666666667,2
psoralen,5,0,soak,i2,2.1362672499999998e-6,NA,NA,SWVslow,1277.7333333333333,2
psoralen,5,0,transfer,i2,5.559345199999999e-7,NA,NA,SWVslow,1282.6,2
psoralen,5,9,transfer,i2,6.843348000000001e-8,i2,9.2405368e-9,SWVslow,1310.3,2
psoralen,5,10,transfer,i2,6.327906e-8,i2,7.882725e-9,SWVslow,1313.2833333333333,2
psoralen,5,11,transfer,i2,6.126060000000001e-8,i2,8.925813e-9,SWVslow,1316.2333333333333,2
psoralen,5,1,transfer,i2,2.1385918e-7,i2,9.43117816e-8,SWVslow,1285.9666666666667,2
psoralen,5,2,transfer,i2,1.1835948999999999e-7,i2,4.0316784300000005e-8,SWVslow,1289.1,2
psoralen,5,3,transfer,i2,9.555773000000001e-8,i2,2.3588374200000003e-8,SWVslow,1292.0833333333333,2
psoralen,5,4,transfer,i2,8.004193000000003e-8,i2,2.04789656e-8,SWVslow,1295,2
psoralen,5,5,transfer,i2,8.496636000000003e-8,i2,1.8473272300000002e-8,SWVslow,1297.9833333333333,2
psoralen,5,6,transfer,i2,7.065390000000003e-8,i2,1.3968115199999998e-8,SWVslow,1300.9,2
psoralen,5,7,transfer,i2,7.109340999999997e-8,i2,1.24483943e-8,SWVslow,1304.2,2
psoralen,5,8,transfer,i2,6.579635000000001e-8,i2,1.2831189699999998e-8,SWVslow,1307.2,2
control,1,0,soak,i1,6.628396e-6,NA,NA,SWV,919.7833333333333,3
control,1,0,transfer,i1,2.9294864e-6,NA,NA,SWV,922.9166666666666,3
control,1,9,transfer,i1,3.459555000000001e-7,i2,2.3286416600000005e-8,SWV,948.4833333333333,3
control,1,10,transfer,i1,3.1318320000000007e-7,i2,1.91412434e-8,SWV,951.2,3
control,1,11,transfer,i1,2.9369299999999985e-7,i2,1.7986711399999998e-8,SWV,953.8833333333333,3
control,1,12,transfer,i1,2.8923579999999997e-7,i2,1.57497317e-8,SWV,956.6,3
control,1,13,transfer,i1,2.5902949999999984e-7,i2,1.3406152299999998e-8,SWV,959.3333333333334,3
control,1,14,transfer,i1,2.5686690000000003e-7,i2,1.3352378e-8,SWV,962.0833333333334,3
control,1,15,transfer,i1,2.435026e-7,i2,1.20566123e-8,SWV,964.8333333333334,3
control,1,1,transfer,i1,1.0355485e-6,i2,1.35401481e-7,SWV,925.8,3
control,1,2,transfer,i1,7.302329000000001e-7,i2,7.715330299999999e-8,SWV,928.6166666666667,3
control,1,3,transfer,i1,6.241685e-7,i2,6.406931799999999e-8,SWV,931.45,3
control,1,4,transfer,i1,5.195735000000001e-7,i2,4.8246313999999995e-8,SWV,934.5166666666667,3
control,1,5,transfer,i1,4.992134999999999e-7,i2,4.2594777e-8,SWV,937.6333333333333,3
control,1,6,transfer,i1,3.841893e-7,i2,3.1182497100000005e-8,SWV,940.3333333333334,3
control,1,7,transfer,i1,4.079170999999999e-7,i2,3.2911758199999996e-8,SWV,943.0666666666667,3
control,1,8,transfer,i1,3.6604549999999985e-7,i2,2.6024491899999998e-8,SWV,945.7833333333333,3
control,2,0,soak,i1,6.6433216e-6,NA,NA,SWV,987.4833333333333,3
control,2,0,transfer,i1,5.607605e-6,NA,NA,SWV,991.1666666666666,3
control,2,9,transfer,i1,2.9472140000000003e-7,i2,1.1484724600000001e-8,SWV,1016.6166666666667,3
control,2,10,transfer,i1,2.767231999999999e-7,i2,6.8889192e-9,SWV,1019.7166666666667,3
control,2,11,transfer,i1,2.425539000000001e-7,i2,5.9027969e-9,SWV,1022.4666666666667,3
control,2,12,transfer,i1,2.3921680000000014e-7,i2,4.895873e-9,SWV,1025.2166666666667,3
control,2,13,transfer,i1,2.2916410000000007e-7,i2,7.3953356000000005e-9,SWV,1027.9666666666667,3
control,2,14,transfer,i1,2.3049850000000002e-7,i2,7.268879e-9,SWV,1030.5833333333333,3
control,2,15,transfer,i1,2.0340070000000003e-7,i2,5.1689945e-9,SWV,1033.3666666666666,3
control,2,1,transfer,i1,1.5430255999999998e-6,i2,1.4893929e-7,SWV,994.1166666666667,3
control,2,2,transfer,i1,9.886744999999998e-7,i2,7.18838478e-8,SWV,997.3666666666667,3
control,2,3,transfer,i1,5.834412e-7,i2,3.61004698e-8,SWV,1000.2666666666667,3
control,2,4,transfer,i1,4.816195999999999e-7,i2,2.6007946699999998e-8,SWV,1002.9666666666667,3
control,2,5,transfer,i1,4.063727000000001e-7,i2,1.80316202e-8,SWV,1005.7166666666667,3
control,2,6,transfer,i1,3.5715890000000014e-7,i2,1.56498663e-8,SWV,1008.4166666666666,3
control,2,7,transfer,i1,3.2065960000000015e-7,i2,1.0926425400000001e-8,SWV,1011.2166666666667,3
control,2,8,transfer,i1,2.840257e-7,i2,8.4563887e-9,SWV,1013.9166666666666,3
control,3,0,soak,i1,5.0390610000000006e-6,NA,NA,SWV,1131.2166666666667,3
control,3,0,transfer,i1,3.2420258e-6,NA,NA,SWV,1134.15,3
control,3,9,transfer,i1,5.012543e-7,i2,7.813023300000001e-9,SWV,1159.4333333333334,3
control,3,10,transfer,i1,4.909973000000002e-7,i2,7.2602461e-9,SWV,1162.1833333333334,3
control,3,11,transfer,i1,4.535465000000001e-7,i2,4.545961799999999e-9,SWV,1164.9,3
control,3,12,transfer,i1,4.5328260000000016e-7,i2,5.8254193e-9,SWV,1167.6666666666667,3
control,3,13,transfer,i1,4.342356999999999e-7,i2,5.173427899999999e-9,SWV,1170.4666666666667,3
control,3,14,transfer,i1,4.1538700000000014e-7,i2,6.0409389000000005e-9,SWV,1173.2166666666667,3
control,3,15,transfer,i1,4.125174000000001e-7,i2,5.1914819000000005e-9,SWV,1176.0166666666667,3
control,3,1,transfer,i1,1.3631955e-6,i2,1.2603767099999998e-7,SWV,1137.1,3
control,3,2,transfer,i1,1.0863975000000001e-6,i2,7.7018136e-8,SWV,1139.9166666666667,3
control,3,3,transfer,i1,8.575546000000001e-7,i2,3.76723916e-8,SWV,1142.6333333333334,3
control,3,4,transfer,i1,7.598796000000002e-7,i2,2.8941930299999998e-8,SWV,1145.3333333333333,3
control,3,5,transfer,i1,6.655686999999998e-7,i2,1.7508930000000002e-8,SWV,1148.05,3
control,3,6,transfer,i1,6.326365000000001e-7,i2,1.52516455e-8,SWV,1151.1166666666666,3
control,3,7,transfer,i1,5.661787e-7,i2,1.12776346e-8,SWV,1153.85,3
control,3,8,transfer,i1,5.277056e-7,i2,1.04366433e-8,SWV,1156.6833333333334,3
control,3,NA,transfer,i1,1.0786607000000001e-7,NA,NA,SWVslow,1179.4333333333334,3
control,1,0,soak,i2,6.1830401799999996e-6,NA,NA,SWV,919.7833333333333,3
control,1,0,transfer,i2,2.68750329e-6,NA,NA,SWV,922.9166666666666,3
control,1,9,transfer,i2,2.7261176399999997e-6,i2,2.3286416600000005e-8,SWV,948.4833333333333,3
control,1,10,transfer,i2,2.7238988400000003e-6,i2,1.91412434e-8,SWV,951.2,3
control,1,11,transfer,i2,2.733003e-6,i2,1.7986711399999998e-8,SWV,953.8833333333333,3
control,1,12,transfer,i2,2.66810069e-6,i2,1.57497317e-8,SWV,956.6,3
control,1,13,transfer,i2,2.65288482e-6,i2,1.3406152299999998e-8,SWV,959.3333333333334,3
control,1,14,transfer,i2,2.6459330700000003e-6,i2,1.3352378e-8,SWV,962.0833333333334,3
control,1,15,transfer,i2,2.64759543e-6,i2,1.20566123e-8,SWV,964.8333333333334,3
control,1,1,transfer,i2,1.54766177e-6,i2,1.35401481e-7,SWV,925.8,3
control,1,2,transfer,i2,2.35842996e-6,i2,7.715330299999999e-8,SWV,928.6166666666667,3
control,1,3,transfer,i2,2.38642521e-6,i2,6.406931799999999e-8,SWV,931.45,3
control,1,4,transfer,i2,2.67042389e-6,i2,4.8246313999999995e-8,SWV,934.5166666666667,3
control,1,5,transfer,i2,2.83696941e-6,i2,4.2594777e-8,SWV,937.6333333333333,3
control,1,6,transfer,i2,2.84773803e-6,i2,3.1182497100000005e-8,SWV,940.3333333333334,3
control,1,7,transfer,i2,2.69352554e-6,i2,3.2911758199999996e-8,SWV,943.0666666666667,3
control,1,8,transfer,i2,2.74502844e-6,i2,2.6024491899999998e-8,SWV,945.7833333333333,3
control,2,0,soak,i2,5.55646764e-6,NA,NA,SWV,987.4833333333333,3
control,2,0,transfer,i2,4.15072591e-6,NA,NA,SWV,991.1666666666666,3
control,2,9,transfer,i2,2.2541131999999998e-6,i2,1.1484724600000001e-8,SWV,1016.6166666666667,3
control,2,10,transfer,i2,2.24269395e-6,i2,6.8889192e-9,SWV,1019.7166666666667,3
control,2,11,transfer,i2,2.1980224300000002e-6,i2,5.9027969e-9,SWV,1022.4666666666667,3
control,2,12,transfer,i2,2.07310757e-6,i2,4.895873e-9,SWV,1025.2166666666667,3
control,2,13,transfer,i2,2.05654886e-6,i2,7.3953356000000005e-9,SWV,1027.9666666666667,3
control,2,14,transfer,i2,2.02812739e-6,i2,7.268879e-9,SWV,1030.5833333333333,3
control,2,15,transfer,i2,2.0213528199999998e-6,i2,5.1689945e-9,SWV,1033.3666666666666,3
control,2,1,transfer,i2,2.2114908e-6,i2,1.4893929e-7,SWV,994.1166666666667,3
control,2,2,transfer,i2,2.4745836999999997e-6,i2,7.18838478e-8,SWV,997.3666666666667,3
control,2,3,transfer,i2,2.33465345e-6,i2,3.61004698e-8,SWV,1000.2666666666667,3
control,2,4,transfer,i2,2.28286765e-6,i2,2.6007946699999998e-8,SWV,1002.9666666666667,3
control,2,5,transfer,i2,2.23927231e-6,i2,1.80316202e-8,SWV,1005.7166666666667,3
control,2,6,transfer,i2,2.2653814299999997e-6,i2,1.56498663e-8,SWV,1008.4166666666666,3
control,2,7,transfer,i2,2.31423009e-6,i2,1.0926425400000001e-8,SWV,1011.2166666666667,3
control,2,8,transfer,i2,2.2643439800000004e-6,i2,8.4563887e-9,SWV,1013.9166666666666,3
control,3,0,soak,i2,6.4989263e-6,NA,NA,SWV,1131.2166666666667,3
control,3,0,transfer,i2,4.439126e-6,NA,NA,SWV,1134.15,3
control,3,9,transfer,i2,2.0772806000000004e-6,i2,7.813023300000001e-9,SWV,1159.4333333333334,3
control,3,10,transfer,i2,2.08902186e-6,i2,7.2602461e-9,SWV,1162.1833333333334,3
control,3,11,transfer,i2,2.0013075e-6,i2,4.545961799999999e-9,SWV,1164.9,3
control,3,12,transfer,i2,1.9625208300000002e-6,i2,5.8254193e-9,SWV,1167.6666666666667,3
control,3,13,transfer,i2,1.9406211e-6,i2,5.173427899999999e-9,SWV,1170.4666666666667,3
control,3,14,transfer,i2,1.87479e-6,i2,6.0409389000000005e-9,SWV,1173.2166666666667,3
control,3,15,transfer,i2,1.7660660200000003e-6,i2,5.1914819000000005e-9,SWV,1176.0166666666667,3
control,3,1,transfer,i2,2.7104776999999997e-6,i2,1.2603767099999998e-7,SWV,1137.1,3
control,3,2,transfer,i2,2.85114449e-6,i2,7.7018136e-8,SWV,1139.9166666666667,3
control,3,3,transfer,i2,2.70450821e-6,i2,3.76723916e-8,SWV,1142.6333333333334,3
control,3,4,transfer,i2,2.6753359499999998e-6,i2,2.8941930299999998e-8,SWV,1145.3333333333333,3
control,3,5,transfer,i2,2.465919e-6,i2,1.7508930000000002e-8,SWV,1148.05,3
control,3,6,transfer,i2,2.3365158799999996e-6,i2,1.52516455e-8,SWV,1151.1166666666666,3
control,3,7,transfer,i2,2.20666732e-6,i2,1.12776346e-8,SWV,1153.85,3
control,3,8,transfer,i2,2.1596188600000003e-6,i2,1.04366433e-8,SWV,1156.6833333333334,3
control,3,NA,transfer,i2,4.478059000000003e-8,NA,NA,SWVslow,1179.4333333333334,3
control,4,9,transfer,i1,7.709531e-8,i2,1.03294429e-8,SWVslow,1241.95,3
control,4,10,transfer,i1,6.435585000000001e-8,i2,7.2101605e-9,SWVslow,1245.0166666666667,3
control,4,11,transfer,i1,6.674418e-8,i2,5.0587991000000005e-9,SWVslow,1248.0333333333333,3
control,4,12,transfer,i1,6.336261999999993e-8,i2,5.6813136000000004e-9,SWVslow,1251.1166666666666,3
control,4,2,transfer,i1,2.3472533999999997e-7,i2,4.66400174e-8,SWVslow,1215.7333333333333,3
control,4,3,transfer,i1,1.7194451999999992e-7,i2,3.8198970200000004e-8,SWVslow,1219.0333333333333,3
control,4,4,transfer,i1,1.2300342000000005e-7,i2,1.9647111e-8,SWVslow,1222.3,3
control,4,5,transfer,i1,1.1712847999999998e-7,i2,2.4464748200000003e-8,SWVslow,1225.9833333333333,3
control,4,6,transfer,i1,8.664552e-8,i2,1.1726486000000001e-8,SWVslow,1232.6,3
control,4,7,transfer,i1,7.525432000000004e-8,i2,1.00613616e-8,SWVslow,1235.6666666666667,3
control,4,8,transfer,i1,7.899046999999995e-8,i2,8.002102799999999e-9,SWVslow,1238.85,3
control,4,9,transfer,i2,1.7726719999999995e-7,i2,1.03294429e-8,SWVslow,1241.95,3
control,4,10,transfer,i2,1.6364753999999998e-7,i2,7.2101605e-9,SWVslow,1245.0166666666667,3
control,4,11,transfer,i2,1.6169074e-7,i2,5.0587991000000005e-9,SWVslow,1248.0333333333333,3
control,4,12,transfer,i2,1.5491051e-7,i2,5.6813136000000004e-9,SWVslow,1251.1166666666666,3
control,4,2,transfer,i2,3.2700412999999995e-7,i2,4.66400174e-8,SWVslow,1215.7333333333333,3
control,4,3,transfer,i2,2.7117534e-7,i2,3.8198970200000004e-8,SWVslow,1219.0333333333333,3
control,4,4,transfer,i2,2.3503367000000003e-7,i2,1.9647111e-8,SWVslow,1222.3,3
control,4,5,transfer,i2,2.1586203000000003e-7,i2,2.4464748200000003e-8,SWVslow,1225.9833333333333,3
control,4,6,transfer,i2,2.3195426e-7,i2,1.1726486000000001e-8,SWVslow,1232.6,3
control,4,7,transfer,i2,1.8906086999999995e-7,i2,1.00613616e-8,SWVslow,1235.6666666666667,3
control,4,8,transfer,i2,1.8354627e-7,i2,8.002102799999999e-9,SWVslow,1238.85,3
psoralen,1,0,soak,i1,3.71440469e-6,NA,NA,SWV,939.5333333333333,3
psoralen,1,0,transfer,i1,2.91425478e-6,NA,NA,SWV,942.1333333333333,3
psoralen,1,9,transfer,i1,1.0471658999999999e-7,i2,7.0330636000000004e-9,SWV,967.3,3
psoralen,1,10,transfer,i1,1.1251675000000001e-7,i2,6.0605094000000004e-9,SWV,970.1166666666667,3
psoralen,1,11,transfer,i1,9.943953000000001e-8,i2,6.0719329e-9,SWV,972.8666666666667,3
psoralen,1,12,transfer,i1,9.1458e-8,i2,4.550035399999999e-9,SWV,975.6333333333333,3
psoralen,1,13,transfer,i1,9.058397999999999e-8,i2,4.2388986e-9,SWV,978.4333333333333,3
psoralen,1,1,transfer,i1,4.4523517999999997e-7,i2,8.76320407e-8,SWV,945.1666666666666,3
psoralen,1,2,transfer,i1,2.5872419999999997e-7,i2,4.29704375e-8,SWV,947.8833333333333,3
psoralen,1,3,transfer,i1,1.9267854000000003e-7,i2,2.66637987e-8,SWV,950.65,3
psoralen,1,4,transfer,i1,1.574047e-7,i2,1.86315804e-8,SWV,953.3833333333333,3
psoralen,1,5,transfer,i1,1.3933076999999998e-7,i2,1.44797537e-8,SWV,956.1,3
psoralen,1,6,transfer,i1,1.3062363e-7,i2,1.1810919100000001e-8,SWV,958.8833333333333,3
psoralen,1,7,transfer,i1,1.2493433000000003e-7,i2,9.688794399999999e-9,SWV,961.6333333333333,3
psoralen,1,8,transfer,i1,1.1629314000000003e-7,i2,8.1564342e-9,SWV,964.35,3
psoralen,2,0,soak,i1,4.77073979e-6,NA,NA,SWV,1086.2666666666667,3
psoralen,2,0,transfer,i1,2.8276121100000003e-6,NA,NA,SWV,1088.9833333333333,3
psoralen,2,9,transfer,i1,3.277712e-7,i2,4.9007141e-9,SWV,1114.6166666666666,3
psoralen,2,10,transfer,i1,2.2269181999999998e-7,i2,4.346018699999999e-9,SWV,1117.4333333333334,3
psoralen,2,11,transfer,i1,2.1848666e-7,i2,3.9317547e-9,SWV,1120.3,3
psoralen,2,12,transfer,i1,2.1861854000000003e-7,i2,3.3199440999999997e-9,SWV,1123.6,3
psoralen,2,1,transfer,i1,5.4294328e-7,i2,7.432893170000001e-8,SWV,1092.0333333333333,3
psoralen,2,2,transfer,i1,2.9384956000000005e-7,i2,2.85974842e-8,SWV,1094.7666666666667,3
psoralen,2,3,transfer,i1,2.4005669000000006e-7,i2,1.74397514e-8,SWV,1097.4833333333333,3
psoralen,2,4,transfer,i1,2.1073595000000002e-7,i2,1.21980256e-8,SWV,1100.2,3
psoralen,2,5,transfer,i1,3.2437413e-7,i2,9.7626856e-9,SWV,1102.9333333333334,3
psoralen,2,6,transfer,i1,3.3675877000000004e-7,i2,8.118011099999999e-9,SWV,1105.65,3
psoralen,2,7,transfer,i1,3.604395200000001e-7,i2,6.954939999999999e-9,SWV,1108.3333333333333,3
psoralen,2,8,transfer,i1,3.3359242e-7,i2,6.0120215e-9,SWV,1111.0833333333333,3
psoralen,3,0,soak,i1,6.1848839e-6,NA,NA,SWV,1157.5166666666667,3
psoralen,3,0,transfer,i1,1.5564503e-6,NA,NA,SWV,1160.7166666666667,3
psoralen,3,1,transfer,i1,3.9873789999999994e-7,i2,2.33632339e-8,SWV,1163.6333333333334,3
psoralen,3,2,transfer,i1,2.5018830000000007e-7,i2,8.08162807e-9,SWV,1166.7166666666667,3
psoralen,3,3,transfer,i1,2.2855699999999968e-7,i2,4.58575852e-9,SWV,1170.8666666666666,3
psoralen,3,4,transfer,i1,2.896724999999997e-7,i2,3.17748324e-9,SWV,1174.5333333333333,3
psoralen,3,5,transfer,i1,3.6107730000000005e-7,i2,2.90211565e-9,SWV,1177.1833333333334,3
psoralen,3,6,transfer,i1,3.7961810000000016e-7,i2,2.2911064000000005e-9,SWV,1181.8833333333334,3
psoralen,3,7,transfer,i1,4.437769999999999e-7,i2,2.0643124e-9,SWV,1184.5333333333333,3
psoralen,3,8,transfer,i1,4.7085269999999996e-7,i2,2.0607665000000002e-9,SWV,1187.25,3
psoralen,4,0,soak,i1,6.2962045e-6,NA,NA,SWV,1223.7,3
psoralen,4,0,soak,i1,2.01850733e-6,NA,NA,SWVslow,1223.3,3
psoralen,4,0,transfer,i1,1.3890156e-7,NA,NA,SWVslow,1228.7833333333333,3
psoralen,4,9,transfer,i1,1.2339439999999997e-8,i2,1.4777671999999999e-9,SWVslow,1256.85,3
psoralen,4,10,transfer,i1,1.314964e-8,i2,1.312074e-9,SWVslow,1259.8666666666666,3
psoralen,4,11,transfer,i1,9.481349999999977e-9,i2,1.2824097000000002e-9,SWVslow,1264.4833333333333,3
psoralen,4,12,transfer,i1,1.3668119999999999e-8,i2,1.1844355e-9,SWVslow,1267.75,3
psoralen,4,1,transfer,i1,6.908583999999999e-8,i2,1.31706117e-8,SWVslow,1232.1166666666666,3
psoralen,4,2,transfer,i1,4.7432159999999996e-8,i2,7.3074077e-9,SWVslow,1235.3333333333333,3
psoralen,4,3,transfer,i1,2.9119590000000007e-8,i2,3.7990103e-9,SWVslow,1238.5833333333333,3
psoralen,4,4,transfer,i1,1.965127000000002e-8,i2,3.2969669000000003e-9,SWVslow,1241.6666666666667,3
psoralen,4,5,transfer,i1,1.4949560000000004e-8,i2,2.0725848e-9,SWVslow,1244.6333333333334,3
psoralen,4,6,transfer,i1,1.1420609999999995e-8,i2,2.0906669999999996e-9,SWVslow,1247.6333333333334,3
psoralen,4,7,transfer,i1,1.1914290000000003e-8,i2,1.6058782e-9,SWVslow,1250.65,3
psoralen,4,8,transfer,i1,1.2807150000000005e-8,i2,1.6687518000000002e-9,SWVslow,1253.8833333333334,3
psoralen,1,0,soak,i2,3.537029685e-6,NA,NA,SWV,939.5333333333333,3
psoralen,1,0,transfer,i2,2.702859097e-6,NA,NA,SWV,942.1333333333333,3
psoralen,1,9,transfer,i2,7.66805865e-7,i2,7.0330636000000004e-9,SWV,967.3,3
psoralen,1,10,transfer,i2,7.63144828e-7,i2,6.0605094000000004e-9,SWV,970.1166666666667,3
psoralen,1,11,transfer,i2,7.08725166e-7,i2,6.0719329e-9,SWV,972.8666666666667,3
psoralen,1,12,transfer,i2,7.12897384e-7,i2,4.550035399999999e-9,SWV,975.6333333333333,3
psoralen,1,13,transfer,i2,6.63177627e-7,i2,4.2388986e-9,SWV,978.4333333333333,3
psoralen,1,1,transfer,i2,6.06779111e-7,i2,8.76320407e-8,SWV,945.1666666666666,3
psoralen,1,2,transfer,i2,7.4576355e-7,i2,4.29704375e-8,SWV,947.8833333333333,3
psoralen,1,3,transfer,i2,8.53432031e-7,i2,2.66637987e-8,SWV,950.65,3
psoralen,1,4,transfer,i2,8.0607045e-7,i2,1.86315804e-8,SWV,953.3833333333333,3
psoralen,1,5,transfer,i2,8.50348239e-7,i2,1.44797537e-8,SWV,956.1,3
psoralen,1,6,transfer,i2,8.1474465e-7,i2,1.1810919100000001e-8,SWV,958.8833333333333,3
psoralen,1,7,transfer,i2,8.27228102e-7,i2,9.688794399999999e-9,SWV,961.6333333333333,3
psoralen,1,8,transfer,i2,7.7818446e-7,i2,8.1564342e-9,SWV,964.35,3
psoralen,2,0,soak,i2,6.856231979999999e-6,NA,NA,SWV,1086.2666666666667,3
psoralen,2,0,transfer,i2,4.78203622e-6,NA,NA,SWV,1088.9833333333333,3
psoralen,2,9,transfer,i2,1.60110848e-6,i2,4.9007141e-9,SWV,1114.6166666666666,3
psoralen,2,10,transfer,i2,1.44868382e-6,i2,4.346018699999999e-9,SWV,1117.4333333333334,3
psoralen,2,11,transfer,i2,1.61646134e-6,i2,3.9317547e-9,SWV,1120.3,3
psoralen,2,12,transfer,i2,1.59390199e-6,i2,3.3199440999999997e-9,SWV,1123.6,3
psoralen,2,1,transfer,i2,2.24332638e-6,i2,7.432893170000001e-8,SWV,1092.0333333333333,3
psoralen,2,2,transfer,i2,1.87406435e-6,i2,2.85974842e-8,SWV,1094.7666666666667,3
psoralen,2,3,transfer,i2,1.9031870900000002e-6,i2,1.74397514e-8,SWV,1097.4833333333333,3
psoralen,2,4,transfer,i2,1.7234537000000003e-6,i2,1.21980256e-8,SWV,1100.2,3
psoralen,2,5,transfer,i2,1.7325072300000001e-6,i2,9.7626856e-9,SWV,1102.9333333333334,3
psoralen,2,6,transfer,i2,1.69263224e-6,i2,8.118011099999999e-9,SWV,1105.65,3
psoralen,2,7,transfer,i2,1.69002681e-6,i2,6.954939999999999e-9,SWV,1108.3333333333333,3
psoralen,2,8,transfer,i2,1.7945292400000001e-6,i2,6.0120215e-9,SWV,1111.0833333333333,3
psoralen,3,0,soak,i2,1.2796560999999999e-5,NA,NA,SWV,1157.5166666666667,3
psoralen,3,0,transfer,i2,1.1886911700000001e-5,NA,NA,SWV,1160.7166666666667,3
psoralen,3,0,transfer,i2,1.1886911700000001e-5,NA,NA,SWV,1160.7166666666667,3
psoralen,3,1,transfer,i2,1.3144384800000001e-5,i2,2.33632339e-8,SWV,1163.6333333333334,3
psoralen,3,2,transfer,i2,1.29647271e-5,i2,8.08162807e-9,SWV,1166.7166666666667,3
psoralen,3,3,transfer,i2,1.2981849600000002e-5,i2,4.58575852e-9,SWV,1170.8666666666666,3
psoralen,3,4,transfer,i2,1.2575693800000001e-5,i2,3.17748324e-9,SWV,1174.5333333333333,3
psoralen,3,5,transfer,i2,1.2061901500000001e-5,i2,2.90211565e-9,SWV,1177.1833333333334,3
psoralen,3,6,transfer,i2,1.1429286999999999e-5,i2,2.2911064000000005e-9,SWV,1181.8833333333334,3
psoralen,3,7,transfer,i2,1.12638426e-5,i2,2.0643124e-9,SWV,1184.5333333333333,3
psoralen,3,8,transfer,i2,1.1116145e-5,i2,2.0607665000000002e-9,SWV,1187.25,3
psoralen,4,0,soak,i2,1.26735535e-5,NA,NA,SWV,1223.7,3
psoralen,4,0,soak,i2,2.54973248e-6,NA,NA,SWVslow,1223.3,3
psoralen,4,0,transfer,i2,3.4612298e-7,NA,NA,SWVslow,1228.7833333333333,3
psoralen,4,9,transfer,i2,1.9395891000000001e-7,i2,1.4777671999999999e-9,SWVslow,1256.85,3
psoralen,4,10,transfer,i2,1.9209212e-7,i2,1.312074e-9,SWVslow,1259.8666666666666,3
psoralen,4,11,transfer,i2,1.9594564000000002e-7,i2,1.2824097000000002e-9,SWVslow,1264.4833333333333,3
psoralen,4,12,transfer,i2,1.8917683e-7,i2,1.1844355e-9,SWVslow,1267.75,3
psoralen,4,1,transfer,i2,2.7911941e-7,i2,1.31706117e-8,SWVslow,1232.1166666666666,3
psoralen,4,2,transfer,i2,2.5476679e-7,i2,7.3074077e-9,SWVslow,1235.3333333333333,3
psoralen,4,3,transfer,i2,2.3707085e-7,i2,3.7990103e-9,SWVslow,1238.5833333333333,3
psoralen,4,4,transfer,i2,2.2149344e-7,i2,3.2969669000000003e-9,SWVslow,1241.6666666666667,3
psoralen,4,5,transfer,i2,2.1205979000000001e-7,i2,2.0725848e-9,SWVslow,1244.6333333333334,3
psoralen,4,6,transfer,i2,2.0848172000000002e-7,i2,2.0906669999999996e-9,SWVslow,1247.6333333333334,3
psoralen,4,7,transfer,i2,2.0128969e-7,i2,1.6058782e-9,SWVslow,1250.65,3
psoralen,4,8,transfer,i2,1.9745504000000003e-7,i2,1.6687518000000002e-9,SWVslow,1253.8833333333334,3
blank,1,0,soak,i1,1.5203440000000002e-8,i1,8.26480855e-8,SWV.txt,984.0166666666667,blank
blank,1,0,soak,i1,1.5203440000000002e-8,i2,5.33590682e-9,SWV.txt,984.0166666666667,blank
blank,1,0,soak,i1,4.096013264e-6,i1,2.528404945e-6,SWV.txt,1147,blank
blank,1,0,soak,i1,4.096013264e-6,i2,2.2386516295e-6,SWV.txt,1147,blank
blank,1,0,soak,i1,4.60909101e-7,i1,2.87401501e-7,SWV.txt,1011.2,blank
blank,1,0,soak,i1,4.60909101e-7,i2,2.34777355e-7,SWV.txt,1011.2,blank
blank,1,0,soak,i1,5.9476359e-8,i1,5.99480756e-8,SWV.txt,989.9833333333333,blank
blank,1,0,soak,i1,5.9476359e-8,i2,2.77833349e-8,SWV.txt,989.9833333333333,blank
blank,1,0,soak,i1,5.9476359e-8,i1,5.99480756e-8,SWV.txt,989.9833333333333,blank
blank,1,0,soak,i1,5.9476359e-8,i2,2.77833349e-8,SWV.txt,989.9833333333333,blank
blank,1,0,soak,i1,1.094409724e-6,i1,6.99075856e-7,SWV.txt,1047.5333333333333,blank
blank,1,0,soak,i1,1.094409724e-6,i2,5.808236474e-7,SWV.txt,1047.5333333333333,blank
blank,1,0,soak,i1,2.1357635770000003e-6,i1,1.386450706e-6,SWV.txt,1096.1833333333334,blank
blank,1,0,soak,i1,2.1357635770000003e-6,i2,1.1175241775000002e-6,SWV.txt,1096.1833333333334,blank
blank,1,0,soak,i1,2.3325208e-7,i1,1.61987492e-7,SWV.txt,1000.6,blank
blank,1,0,soak,i1,2.3325208e-7,i2,1.19213726025e-7,SWV.txt,1000.6,blank
blank,1,0,soak,i1,3.099720042e-6,i1,1.981002811e-6,SWV.txt,1125.4666666666667,blank
blank,1,0,soak,i1,3.099720042e-6,i2,1.671363181e-6,SWV.txt,1125.4666666666667,blank
blank,1,0,soak,i2,2.0462977e-8,i1,8.26480855e-8,SWV.txt,984.0166666666667,blank
blank,1,0,soak,i2,2.0462977e-8,i2,5.33590682e-9,SWV.txt,984.0166666666667,blank
blank,1,0,soak,i2,3.286984298e-6,i1,2.528404945e-6,SWV.txt,1147,blank
blank,1,0,soak,i2,3.286984298e-6,i2,2.2386516295e-6,SWV.txt,1147,blank
blank,1,0,soak,i2,3.7344270899999997e-7,i1,2.87401501e-7,SWV.txt,1011.2,blank
blank,1,0,soak,i2,3.7344270899999997e-7,i2,2.34777355e-7,SWV.txt,1011.2,blank
blank,1,0,soak,i2,5.5817108000000004e-8,i1,5.99480756e-8,SWV.txt,989.9833333333333,blank
blank,1,0,soak,i2,5.5817108000000004e-8,i2,2.77833349e-8,SWV.txt,989.9833333333333,blank
blank,1,0,soak,i2,8.61942253e-7,i1,6.99075856e-7,SWV.txt,1047.5333333333333,blank
blank,1,0,soak,i2,8.61942253e-7,i2,5.808236474e-7,SWV.txt,1047.5333333333333,blank
blank,1,0,soak,i2,1.671583086e-6,i1,1.386450706e-6,SWV.txt,1096.1833333333334,blank
blank,1,0,soak,i2,1.671583086e-6,i2,1.1175241775000002e-6,SWV.txt,1096.1833333333334,blank
blank,1,0,soak,i2,1.97581798e-7,i1,1.61987492e-7,SWV.txt,1000.6,blank
blank,1,0,soak,i2,1.97581798e-7,i2,1.19213726025e-7,SWV.txt,1000.6,blank
blank,1,0,soak,i2,2.4837553391e-6,i1,1.981002811e-6,SWV.txt,1125.4666666666667,blank
blank,1,0,soak,i2,2.4837553391e-6,i2,1.671363181e-6,SWV.txt,1125.4666666666667,blank
