strain,PHZadded,molecule.x,condition,echem.x,rep,E.x,PHZaddedInt,time,electrode,current.x,PYOmax,molecule.y,echem.y,E.y,current.y,PYOmin,swvPYOsignal,PYOminSig,swvPYOsignalBg,t0.5,I0
blank2,25uM,PYO,transfer,SWVfast,1,-0.221,25,6,i1,1.7306179e-6,1.7306179e-6,PYO,SWVfast,-0.12,1.3813865e-6,1.3813865e-6,3.4923139999999995e-7,-3.7684529999999993e-7,7.260766999999999e-7,0.408248290463863,7.260766999999999e-7
blank2,25uM,PYO,transfer,SWVfast,2,-0.215,25,12,i1,1.557266e-6,1.557266e-6,PYO,SWVfast,-0.12,1.5081705e-6,1.5081705e-6,4.909550000000007e-8,-3.7684529999999993e-7,4.259408e-7,0.28867513459481287,7.260766999999999e-7
blank2,25uM,PYO,transfer,SWVfast,3,-0.213,25,18,i1,1.4734574e-6,1.4734574e-6,PYO,SWVfast,-0.12,1.494112e-6,1.494112e-6,-2.065459999999992e-8,-3.7684529999999993e-7,3.561907e-7,0.23570226039551584,7.260766999999999e-7
blank2,25uM,PYO,transfer,SWVfast,4,-0.212,25,24,i1,1.4084567e-6,1.4084567e-6,PYO,SWVfast,-0.12,1.4772405e-6,1.4772405e-6,-6.878379999999998e-8,-3.7684529999999993e-7,3.0806149999999996e-7,0.2041241452319315,7.260766999999999e-7
blank2,25uM,PYO,transfer,SWVfast,5,-0.211,25,30,i1,1.3888105e-6,1.3888105e-6,PYO,SWVfast,-0.12,1.5114413e-6,1.5114413e-6,-1.2263080000000002e-7,-3.7684529999999993e-7,2.542144999999999e-7,0.18257418583505536,7.260766999999999e-7
blank2,25uM,PYO,transfer,SWVfast,6,-0.213,25,36,i1,1.3622614e-6,1.3622614e-6,PYO,SWVfast,-0.12,1.4957008e-6,1.4957008e-6,-1.3343940000000006e-7,-3.7684529999999993e-7,2.434058999999999e-7,0.16666666666666666,7.260766999999999e-7
blank2,25uM,PYO,transfer,SWVfast,7,-0.212,25,42,i1,1.3287083e-6,1.3287083e-6,PYO,SWVfast,-0.12,1.5079997e-6,1.5079997e-6,-1.7929140000000006e-7,-3.7684529999999993e-7,1.9755389999999987e-7,0.1543033499620919,7.260766999999999e-7
blank2,25uM,PYO,transfer,SWVfast,8,-0.212,25,48,i1,1.3046965e-6,1.3046965e-6,PYO,SWVfast,-0.12,1.5140636e-6,1.5140636e-6,-2.0936709999999994e-7,-3.7684529999999993e-7,1.674782e-7,0.14433756729740643,7.260766999999999e-7
blank2,25uM,PYO,transfer,SWVfast,9,-0.213,25,54,i1,1.2830978e-6,1.2830978e-6,PYO,SWVfast,-0.12,1.5061153e-6,1.5061153e-6,-2.230175000000002e-7,-3.7684529999999993e-7,1.5382779999999974e-7,0.13608276348795434,7.260766999999999e-7
blank2,25uM,PYO,transfer,SWVfast,10,-0.21,25,60,i1,1.2679675e-6,1.2679675e-6,PYO,SWVfast,-0.12,1.5256602e-6,1.5256602e-6,-2.5769269999999987e-7,-3.7684529999999993e-7,1.1915260000000007e-7,0.12909944487358055,7.260766999999999e-7
blank2,25uM,PYO,transfer,SWVfast,11,-0.21,25,66,i1,1.2570206e-6,1.2570206e-6,PYO,SWVfast,-0.12,1.5424778e-6,1.5424778e-6,-2.854572e-7,-3.7684529999999993e-7,9.138809999999991e-8,0.12309149097933274,7.260766999999999e-7
blank2,25uM,PYO,transfer,SWVfast,12,-0.212,25,72,i1,1.2256543e-6,1.2256543e-6,PYO,SWVfast,-0.12,1.5068479e-6,1.5068479e-6,-2.8119360000000003e-7,-3.7684529999999993e-7,9.56516999999999e-8,0.11785113019775792,7.260766999999999e-7
blank2,25uM,PYO,transfer,SWVfast,13,-0.211,25,78,i1,1.2226808e-6,1.2226808e-6,PYO,SWVfast,-0.12,1.5174458e-6,1.5174458e-6,-2.94765e-7,-3.7684529999999993e-7,8.208029999999993e-8,0.11322770341445958,7.260766999999999e-7
blank2,25uM,PYO,transfer,SWVfast,14,-0.21,25,84,i1,1.2208437e-6,1.2208437e-6,PYO,SWVfast,-0.12,1.5259167e-6,1.5259167e-6,-3.0507300000000015e-7,-3.7684529999999993e-7,7.177229999999978e-8,0.1091089451179962,7.260766999999999e-7
blank2,25uM,PYO,transfer,SWVfast,15,-0.212,25,90,i1,1.2086955e-6,1.2086955e-6,PYO,SWVfast,-0.12,1.5141302e-6,1.5141302e-6,-3.0543469999999995e-7,-3.7684529999999993e-7,7.141059999999998e-8,0.10540925533894598,7.260766999999999e-7
blank2,25uM,PYO,transfer,SWVfast,16,-0.21,25,96,i1,1.1933248e-6,1.1933248e-6,PYO,SWVfast,-0.12,1.5165764e-6,1.5165764e-6,-3.232515999999999e-7,-3.7684529999999993e-7,5.359370000000002e-8,0.10206207261596575,7.260766999999999e-7
blank2,25uM,PYO,transfer,SWVfast,17,-0.212,25,102,i1,1.1730997e-6,1.1730997e-6,PYO,SWVfast,-0.12,1.4880468e-6,1.4880468e-6,-3.149470999999999e-7,-3.7684529999999993e-7,6.189820000000003e-8,0.09901475429766743,7.260766999999999e-7
blank2,25uM,PYO,transfer,SWVfast,18,-0.212,25,108,i1,1.1739011e-6,1.1739011e-6,PYO,SWVfast,-0.12,1.5025615e-6,1.5025615e-6,-3.2866039999999984e-7,-3.7684529999999993e-7,4.818490000000009e-8,0.09622504486493763,7.260766999999999e-7
blank2,25uM,PYO,transfer,SWVfast,19,-0.213,25,114,i1,1.157711e-6,1.157711e-6,PYO,SWVfast,-0.12,1.4687932e-6,1.4687932e-6,-3.110821999999999e-7,-3.7684529999999993e-7,6.576310000000005e-8,0.0936585811581694,7.260766999999999e-7
blank2,25uM,PYO,transfer,SWVfast,20,-0.21,25,120,i1,1.1605041e-6,1.1605041e-6,PYO,SWVfast,-0.12,1.519002e-6,1.519002e-6,-3.5849790000000005e-7,-3.7684529999999993e-7,1.8347399999999888e-8,0.09128709291752768,7.260766999999999e-7
blank2,25uM,PYO,transfer,SWVfast,21,-0.211,25,126,i1,1.1546039e-6,1.1546039e-6,PYO,SWVfast,-0.12,1.5033127e-6,1.5033127e-6,-3.487087999999999e-7,-3.7684529999999993e-7,2.8136500000000048e-8,0.0890870806374748,7.260766999999999e-7
blank2,25uM,PYO,transfer,SWVfast,22,-0.211,25,132,i1,1.1470333e-6,1.1470333e-6,PYO,SWVfast,-0.12,1.4952868e-6,1.4952868e-6,-3.482535e-7,-3.7684529999999993e-7,2.8591799999999932e-8,0.08703882797784893,7.260766999999999e-7
blank2,25uM,PYO,transfer,SWVfast,23,-0.21,25,138,i1,1.1418133e-6,1.1418133e-6,PYO,SWVfast,-0.12,1.5060576e-6,1.5060576e-6,-3.642443e-7,-3.7684529999999993e-7,1.2600999999999915e-8,0.08512565307587486,7.260766999999999e-7
blank2,25uM,PYO,transfer,SWVfast,24,-0.214,25,144,i1,1.1474385e-6,1.1474385e-6,PYO,SWVfast,-0.12,1.4971365e-6,1.4971365e-6,-3.4969800000000017e-7,-3.7684529999999993e-7,2.7147299999999763e-8,0.08333333333333333,7.260766999999999e-7
blank2,25uM,PYO,transfer,SWVfast,25,-0.213,25,150,i1,1.1349118e-6,1.1349118e-6,PYO,SWVfast,-0.12,1.4670433e-6,1.4670433e-6,-3.321315000000001e-7,-3.7684529999999993e-7,4.471379999999984e-8,0.08164965809277261,7.260766999999999e-7
blank2,25uM,PYO,transfer,SWVfast,26,-0.214,25,156,i1,1.133074e-6,1.133074e-6,PYO,SWVfast,-0.12,1.5026228e-6,1.5026228e-6,-3.695488e-7,-3.7684529999999993e-7,7.2964999999999224e-9,0.08006407690254357,7.260766999999999e-7
blank2,25uM,PYO,transfer,SWVfast,27,-0.213,25,162,i1,1.1447534e-6,1.1447534e-6,PYO,SWVfast,-0.12,1.4819343e-6,1.4819343e-6,-3.371809000000001e-7,-3.7684529999999993e-7,3.966439999999984e-8,0.07856742013183861,7.260766999999999e-7
blank2,25uM,PYO,transfer,SWVfast,28,-0.21,25,168,i1,1.1428955e-6,1.1428955e-6,PYO,SWVfast,-0.12,1.512735e-6,1.512735e-6,-3.6983949999999997e-7,-3.7684529999999993e-7,7.005799999999966e-9,0.07715167498104596,7.260766999999999e-7
blank2,25uM,PYO,transfer,SWVfast,29,-0.212,25,174,i1,1.1353036e-6,1.1353036e-6,PYO,SWVfast,-0.12,1.4608723e-6,1.4608723e-6,-3.2556869999999986e-7,-3.7684529999999993e-7,5.1276600000000074e-8,0.07580980435789034,7.260766999999999e-7
blank2,25uM,PYO,transfer,SWVfast,30,-0.21,25,180,i1,1.1343188e-6,1.1343188e-6,PYO,SWVfast,-0.12,1.5111641e-6,1.5111641e-6,-3.7684529999999993e-7,-3.7684529999999993e-7,0,0.07453559924999299,7.260766999999999e-7
blank2,25uM,PYO,transfer,SWVfast,1,-0.221,25,6,i2,1.8286739e-6,1.8286739e-6,PYO,SWVfast,-0.12,1.5118567e-6,1.5118567e-6,3.168172e-7,-3.3872019999999983e-7,6.555373999999998e-7,0.408248290463863,6.555373999999998e-7
blank2,25uM,PYO,transfer,SWVfast,2,-0.216,25,12,i2,1.6516077e-6,1.6516077e-6,PYO,SWVfast,-0.12,1.6169203e-6,1.6169203e-6,3.468739999999989e-8,-3.3872019999999983e-7,3.734075999999997e-7,0.28867513459481287,6.555373999999998e-7
blank2,25uM,PYO,transfer,SWVfast,3,-0.214,25,18,i2,1.5820376e-6,1.5820376e-6,PYO,SWVfast,-0.12,1.6281541e-6,1.6281541e-6,-4.61165e-8,-3.3872019999999983e-7,2.9260369999999983e-7,0.23570226039551584,6.555373999999998e-7
blank2,25uM,PYO,transfer,SWVfast,4,-0.213,25,24,i2,1.5075312e-6,1.5075312e-6,PYO,SWVfast,-0.12,1.5950638e-6,1.5950638e-6,-8.753259999999989e-8,-3.3872019999999983e-7,2.5118759999999994e-7,0.2041241452319315,6.555373999999998e-7
blank2,25uM,PYO,transfer,SWVfast,5,-0.212,25,30,i2,1.4614384e-6,1.4614384e-6,PYO,SWVfast,-0.12,1.6021386e-6,1.6021386e-6,-1.4070019999999986e-7,-3.3872019999999983e-7,1.9801999999999997e-7,0.18257418583505536,6.555373999999998e-7
blank2,25uM,PYO,transfer,SWVfast,6,-0.213,25,36,i2,1.4291736e-6,1.4291736e-6,PYO,SWVfast,-0.12,1.5954968e-6,1.5954968e-6,-1.663232000000001e-7,-3.3872019999999983e-7,1.7239699999999974e-7,0.16666666666666666,6.555373999999998e-7
blank2,25uM,PYO,transfer,SWVfast,7,-0.212,25,42,i2,1.4071511e-6,1.4071511e-6,PYO,SWVfast,-0.12,1.593829e-6,1.593829e-6,-1.8667790000000014e-7,-3.3872019999999983e-7,1.520422999999997e-7,0.1543033499620919,6.555373999999998e-7
blank2,25uM,PYO,transfer,SWVfast,8,-0.21,25,48,i2,1.3737264e-6,1.3737264e-6,PYO,SWVfast,-0.12,1.5918567e-6,1.5918567e-6,-2.181303000000001e-7,-3.3872019999999983e-7,1.2058989999999974e-7,0.14433756729740643,6.555373999999998e-7
blank2,25uM,PYO,transfer,SWVfast,9,-0.214,25,54,i2,1.3616295e-6,1.3616295e-6,PYO,SWVfast,-0.12,1.5900396e-6,1.5900396e-6,-2.284101e-7,-3.3872019999999983e-7,1.1031009999999982e-7,0.13608276348795434,6.555373999999998e-7
blank2,25uM,PYO,transfer,SWVfast,10,-0.212,25,60,i2,1.3153738e-6,1.3153738e-6,PYO,SWVfast,-0.12,1.5642327e-6,1.5642327e-6,-2.4885890000000005e-7,-3.3872019999999983e-7,8.986129999999978e-8,0.12909944487358055,6.555373999999998e-7
blank2,25uM,PYO,transfer,SWVfast,11,-0.21,25,66,i2,1.3034451e-6,1.3034451e-6,PYO,SWVfast,-0.12,1.5811581e-6,1.5811581e-6,-2.7771300000000005e-7,-3.3872019999999983e-7,6.100719999999978e-8,0.12309149097933274,6.555373999999998e-7
blank2,25uM,PYO,transfer,SWVfast,12,-0.21,25,72,i2,1.2752649e-6,1.2752649e-6,PYO,SWVfast,-0.12,1.5664747e-6,1.5664747e-6,-2.9120980000000004e-7,-3.3872019999999983e-7,4.751039999999979e-8,0.11785113019775792,6.555373999999998e-7
blank2,25uM,PYO,transfer,SWVfast,13,-0.211,25,78,i2,1.2656271e-6,1.2656271e-6,PYO,SWVfast,-0.12,1.5519206e-6,1.5519206e-6,-2.8629350000000005e-7,-3.3872019999999983e-7,5.242669999999978e-8,0.11322770341445958,6.555373999999998e-7
blank2,25uM,PYO,transfer,SWVfast,14,-0.211,25,84,i2,1.2592445e-6,1.2592445e-6,PYO,SWVfast,-0.12,1.5509347e-6,1.5509347e-6,-2.916901999999999e-7,-3.3872019999999983e-7,4.702999999999991e-8,0.1091089451179962,6.555373999999998e-7
blank2,25uM,PYO,transfer,SWVfast,15,-0.212,25,90,i2,1.2657799e-6,1.2657799e-6,PYO,SWVfast,-0.12,1.5575901e-6,1.5575901e-6,-2.9181020000000005e-7,-3.3872019999999983e-7,4.6909999999999776e-8,0.10540925533894598,6.555373999999998e-7
blank2,25uM,PYO,transfer,SWVfast,16,-0.21,25,96,i2,1.2412152e-6,1.2412152e-6,PYO,SWVfast,-0.12,1.5482592e-6,1.5482592e-6,-3.0704400000000014e-7,-3.3872019999999983e-7,3.167619999999969e-8,0.10206207261596575,6.555373999999998e-7
blank2,25uM,PYO,transfer,SWVfast,17,-0.213,25,102,i2,1.2230032e-6,1.2230032e-6,PYO,SWVfast,-0.12,1.5297035e-6,1.5297035e-6,-3.067003e-7,-3.3872019999999983e-7,3.201989999999984e-8,0.09901475429766743,6.555373999999998e-7
blank2,25uM,PYO,transfer,SWVfast,18,-0.212,25,108,i2,1.2035841e-6,1.2035841e-6,PYO,SWVfast,-0.12,1.5023802e-6,1.5023802e-6,-2.9879610000000004e-7,-3.3872019999999983e-7,3.992409999999979e-8,0.09622504486493763,6.555373999999998e-7
blank2,25uM,PYO,transfer,SWVfast,19,-0.213,25,114,i2,1.205177e-6,1.205177e-6,PYO,SWVfast,-0.12,1.5057541e-6,1.5057541e-6,-3.005771000000001e-7,-3.3872019999999983e-7,3.8143099999999753e-8,0.0936585811581694,6.555373999999998e-7
blank2,25uM,PYO,transfer,SWVfast,20,-0.21,25,120,i2,1.2052608e-6,1.2052608e-6,PYO,SWVfast,-0.12,1.5394085e-6,1.5394085e-6,-3.341476999999999e-7,-3.3872019999999983e-7,4.572499999999904e-9,0.09128709291752768,6.555373999999998e-7
blank2,25uM,PYO,transfer,SWVfast,21,-0.211,25,126,i2,1.1946574e-6,1.1946574e-6,PYO,SWVfast,-0.12,1.5175345e-6,1.5175345e-6,-3.2287710000000006e-7,-3.3872019999999983e-7,1.5843099999999772e-8,0.0890870806374748,6.555373999999998e-7
blank2,25uM,PYO,transfer,SWVfast,22,-0.212,25,132,i2,1.1963406e-6,1.1963406e-6,PYO,SWVfast,-0.12,1.5144986e-6,1.5144986e-6,-3.181580000000001e-7,-3.3872019999999983e-7,2.0562199999999742e-8,0.08703882797784893,6.555373999999998e-7
blank2,25uM,PYO,transfer,SWVfast,23,-0.21,25,138,i2,1.1961693e-6,1.1961693e-6,PYO,SWVfast,-0.12,1.5348895e-6,1.5348895e-6,-3.3872019999999983e-7,-3.3872019999999983e-7,0,0.08512565307587486,6.555373999999998e-7
blank2,25uM,PYO,transfer,SWVfast,24,-0.214,25,144,i2,1.1782677e-6,1.1782677e-6,PYO,SWVfast,-0.12,1.5129242e-6,1.5129242e-6,-3.346565000000001e-7,-3.3872019999999983e-7,4.063699999999708e-9,0.08333333333333333,6.555373999999998e-7
blank2,25uM,PYO,transfer,SWVfast,25,-0.213,25,150,i2,1.1803041e-6,1.1803041e-6,PYO,SWVfast,-0.12,1.488731e-6,1.488731e-6,-3.0842690000000005e-7,-3.3872019999999983e-7,3.029329999999978e-8,0.08164965809277261,6.555373999999998e-7
blank2,25uM,PYO,transfer,SWVfast,26,-0.21,25,156,i2,1.1727359e-6,1.1727359e-6,PYO,SWVfast,-0.12,1.5076685e-6,1.5076685e-6,-3.3493260000000006e-7,-3.3872019999999983e-7,3.787599999999774e-9,0.08006407690254357,6.555373999999998e-7
blank2,25uM,PYO,transfer,SWVfast,27,-0.213,25,162,i2,1.166612e-6,1.166612e-6,PYO,SWVfast,-0.12,1.4952718e-6,1.4952718e-6,-3.286598e-7,-3.3872019999999983e-7,1.0060399999999835e-8,0.07856742013183861,6.555373999999998e-7
blank2,25uM,PYO,transfer,SWVfast,28,-0.211,25,168,i2,1.1593016e-6,1.1593016e-6,PYO,SWVfast,-0.12,1.4949871e-6,1.4949871e-6,-3.3568550000000015e-7,-3.3872019999999983e-7,3.0346999999996798e-9,0.07715167498104596,6.555373999999998e-7
blank2,25uM,PYO,transfer,SWVfast,29,-0.212,25,174,i2,1.1501028e-6,1.1501028e-6,PYO,SWVfast,-0.12,1.4519449e-6,1.4519449e-6,-3.0184210000000006e-7,-3.3872019999999983e-7,3.6878099999999775e-8,0.07580980435789034,6.555373999999998e-7
blank2,25uM,PYO,transfer,SWVfast,30,-0.211,25,180,i2,1.1518813e-6,1.1518813e-6,PYO,SWVfast,-0.12,1.4883506e-6,1.4883506e-6,-3.364692999999999e-7,-3.3872019999999983e-7,2.2508999999999398e-9,0.07453559924999299,6.555373999999998e-7
blank2,50uM,PYO,transfer,SWVfast,1,-0.222,50,6,i1,3.1411587e-6,3.1411587e-6,PYO,SWVfast,-0.12,1.3057582e-6,1.3057582e-6,1.8354005000000002e-6,-2.8903390000000005e-7,2.1244344e-6,0.408248290463863,2.1244344e-6
blank2,50uM,PYO,transfer,SWVfast,2,-0.223,50,12,i1,2.2964052e-6,2.2964052e-6,PYO,SWVfast,-0.12,1.3472434e-6,1.3472434e-6,9.491617999999999e-7,-2.8903390000000005e-7,1.2381957e-6,0.28867513459481287,2.1244344e-6
blank2,50uM,PYO,transfer,SWVfast,3,-0.218,50,18,i1,1.9845136e-6,1.9845136e-6,PYO,SWVfast,-0.12,1.3240256e-6,1.3240256e-6,6.60488e-7,-2.8903390000000005e-7,9.495219e-7,0.23570226039551584,2.1244344e-6
blank2,50uM,PYO,transfer,SWVfast,4,-0.219,50,24,i1,1.8250731e-6,1.8250731e-6,PYO,SWVfast,-0.12,1.3406952e-6,1.3406952e-6,4.843778999999998e-7,-2.8903390000000005e-7,7.734117999999999e-7,0.2041241452319315,2.1244344e-6
blank2,50uM,PYO,transfer,SWVfast,5,-0.216,50,30,i1,1.7002001e-6,1.7002001e-6,PYO,SWVfast,-0.12,1.3583868e-6,1.3583868e-6,3.418133e-7,-2.8903390000000005e-7,6.308472000000001e-7,0.18257418583505536,2.1244344e-6
blank2,50uM,PYO,transfer,SWVfast,6,-0.217,50,36,i1,1.6101149e-6,1.6101149e-6,PYO,SWVfast,-0.12,1.3338754e-6,1.3338754e-6,2.7623950000000014e-7,-2.8903390000000005e-7,5.652734000000002e-7,0.16666666666666666,2.1244344e-6
blank2,50uM,PYO,transfer,SWVfast,7,-0.217,50,42,i1,1.5458349e-6,1.5458349e-6,PYO,SWVfast,-0.12,1.337044e-6,1.337044e-6,2.0879090000000004e-7,-2.8903390000000005e-7,4.978248000000001e-7,0.1543033499620919,2.1244344e-6
blank2,50uM,PYO,transfer,SWVfast,8,-0.218,50,48,i1,1.4768664e-6,1.4768664e-6,PYO,SWVfast,-0.12,1.3277886e-6,1.3277886e-6,1.4907780000000013e-7,-2.8903390000000005e-7,4.381117000000002e-7,0.14433756729740643,2.1244344e-6
blank2,50uM,PYO,transfer,SWVfast,9,-0.213,50,54,i1,1.4337475e-6,1.4337475e-6,PYO,SWVfast,-0.12,1.3311843e-6,1.3311843e-6,1.025632e-7,-2.8903390000000005e-7,3.9159710000000005e-7,0.13608276348795434,2.1244344e-6
blank2,50uM,PYO,transfer,SWVfast,10,-0.214,50,60,i1,1.375787e-6,1.375787e-6,PYO,SWVfast,-0.12,1.3414146e-6,1.3414146e-6,3.4372400000000086e-8,-2.8903390000000005e-7,3.2340630000000014e-7,0.12909944487358055,2.1244344e-6
blank2,50uM,PYO,transfer,SWVfast,11,-0.214,50,66,i1,1.3308384e-6,1.3308384e-6,PYO,SWVfast,-0.12,1.3359054e-6,1.3359054e-6,-5.0670000000001075e-9,-2.8903390000000005e-7,2.8396689999999995e-7,0.12309149097933274,2.1244344e-6
blank2,50uM,PYO,transfer,SWVfast,12,-0.21,50,72,i1,1.2635908e-6,1.2635908e-6,PYO,SWVfast,-0.12,1.3637616e-6,1.3637616e-6,-1.0017080000000007e-7,-2.8903390000000005e-7,1.8886309999999998e-7,0.11785113019775792,2.1244344e-6
blank2,50uM,PYO,transfer,SWVfast,13,-0.21,50,78,i1,1.213373e-6,1.213373e-6,PYO,SWVfast,-0.12,1.3579115e-6,1.3579115e-6,-1.4453849999999995e-7,-2.8903390000000005e-7,1.444954000000001e-7,0.11322770341445958,2.1244344e-6
blank2,50uM,PYO,transfer,SWVfast,14,-0.213,50,84,i1,1.1844264e-6,1.1844264e-6,PYO,SWVfast,-0.12,1.3115166e-6,1.3115166e-6,-1.2709019999999983e-7,-2.8903390000000005e-7,1.6194370000000022e-7,0.1091089451179962,2.1244344e-6
blank2,50uM,PYO,transfer,SWVfast,15,-0.21,50,90,i1,1.1759497e-6,1.1759497e-6,PYO,SWVfast,-0.12,1.3542503e-6,1.3542503e-6,-1.7830060000000011e-7,-2.8903390000000005e-7,1.1073329999999994e-7,0.10540925533894598,2.1244344e-6
blank2,50uM,PYO,transfer,SWVfast,16,-0.213,50,96,i1,1.1575773e-6,1.1575773e-6,PYO,SWVfast,-0.12,1.3114797e-6,1.3114797e-6,-1.5390239999999994e-7,-2.8903390000000005e-7,1.3513150000000011e-7,0.10206207261596575,2.1244344e-6
blank2,50uM,PYO,transfer,SWVfast,17,-0.212,50,102,i1,1.1507543e-6,1.1507543e-6,PYO,SWVfast,-0.12,1.3303084e-6,1.3303084e-6,-1.7955409999999988e-7,-2.8903390000000005e-7,1.0947980000000017e-7,0.09901475429766743,2.1244344e-6
blank2,50uM,PYO,transfer,SWVfast,18,-0.213,50,108,i1,1.1360215e-6,1.1360215e-6,PYO,SWVfast,-0.12,1.3214033e-6,1.3214033e-6,-1.853818e-7,-2.8903390000000005e-7,1.0365210000000005e-7,0.09622504486493763,2.1244344e-6
blank2,50uM,PYO,transfer,SWVfast,19,-0.214,50,114,i1,1.118801e-6,1.118801e-6,PYO,SWVfast,-0.12,1.344255e-6,1.344255e-6,-2.25454e-7,-2.8903390000000005e-7,6.357990000000005e-8,0.0936585811581694,2.1244344e-6
blank2,50uM,PYO,transfer,SWVfast,20,-0.21,50,120,i1,1.1238564e-6,1.1238564e-6,PYO,SWVfast,-0.12,1.3594721e-6,1.3594721e-6,-2.356157000000001e-7,-2.8903390000000005e-7,5.341819999999994e-8,0.09128709291752768,2.1244344e-6
blank2,50uM,PYO,transfer,SWVfast,21,-0.214,50,126,i1,1.1112742e-6,1.1112742e-6,PYO,SWVfast,-0.12,1.354405e-6,1.354405e-6,-2.4313079999999997e-7,-2.8903390000000005e-7,4.590310000000008e-8,0.0890870806374748,2.1244344e-6
blank2,50uM,PYO,transfer,SWVfast,22,-0.21,50,132,i1,1.1153345e-6,1.1153345e-6,PYO,SWVfast,-0.12,1.3627575e-6,1.3627575e-6,-2.4742300000000016e-7,-2.8903390000000005e-7,4.161089999999989e-8,0.08703882797784893,2.1244344e-6
blank2,50uM,PYO,transfer,SWVfast,23,-0.21,50,138,i1,1.104667e-6,1.104667e-6,PYO,SWVfast,-0.12,1.3553823e-6,1.3553823e-6,-2.507153e-7,-2.8903390000000005e-7,3.8318600000000045e-8,0.08512565307587486,2.1244344e-6
blank2,50uM,PYO,transfer,SWVfast,24,-0.211,50,144,i1,1.0979579e-6,1.0979579e-6,PYO,SWVfast,-0.12,1.3413917e-6,1.3413917e-6,-2.4343379999999986e-7,-2.8903390000000005e-7,4.560010000000019e-8,0.08333333333333333,2.1244344e-6
blank2,50uM,PYO,transfer,SWVfast,25,-0.211,50,150,i1,1.0886065e-6,1.0886065e-6,PYO,SWVfast,-0.12,1.348659e-6,1.348659e-6,-2.600525000000001e-7,-2.8903390000000005e-7,2.898139999999993e-8,0.08164965809277261,2.1244344e-6
blank2,50uM,PYO,transfer,SWVfast,26,-0.213,50,156,i1,1.0765139e-6,1.0765139e-6,PYO,SWVfast,-0.12,1.3089143e-6,1.3089143e-6,-2.3240040000000006e-7,-2.8903390000000005e-7,5.663349999999999e-8,0.08006407690254357,2.1244344e-6
blank2,50uM,PYO,transfer,SWVfast,27,-0.211,50,162,i1,1.0742442e-6,1.0742442e-6,PYO,SWVfast,-0.12,1.3433228e-6,1.3433228e-6,-2.690786e-7,-2.8903390000000005e-7,1.9955300000000078e-8,0.07856742013183861,2.1244344e-6
blank2,50uM,PYO,transfer,SWVfast,28,-0.212,50,168,i1,1.0656195e-6,1.0656195e-6,PYO,SWVfast,-0.12,1.3417e-6,1.3417e-6,-2.760805e-7,-2.8903390000000005e-7,1.2953400000000072e-8,0.07715167498104596,2.1244344e-6
blank2,50uM,PYO,transfer,SWVfast,29,-0.214,50,174,i1,1.0652765e-6,1.0652765e-6,PYO,SWVfast,-0.12,1.325142e-6,1.325142e-6,-2.5986549999999983e-7,-2.8903390000000005e-7,2.916840000000022e-8,0.07580980435789034,2.1244344e-6
blank2,50uM,PYO,transfer,SWVfast,30,-0.211,50,180,i1,1.0600621e-6,1.0600621e-6,PYO,SWVfast,-0.12,1.349096e-6,1.349096e-6,-2.8903390000000005e-7,-2.8903390000000005e-7,0,0.07453559924999299,2.1244344e-6
blank2,50uM,PYO,transfer,SWVfast,1,-0.222,50,6,i2,3.1945046e-6,3.1945046e-6,PYO,SWVfast,-0.12,1.4582719e-6,1.4582719e-6,1.7362326999999998e-6,-2.8673500000000006e-7,2.0229677e-6,0.408248290463863,2.0229677e-6
blank2,50uM,PYO,transfer,SWVfast,2,-0.223,50,12,i2,2.4190106e-6,2.4190106e-6,PYO,SWVfast,-0.12,1.5398684e-6,1.5398684e-6,8.791422e-7,-2.8673500000000006e-7,1.1658772e-6,0.28867513459481287,2.0229677e-6
blank2,50uM,PYO,transfer,SWVfast,3,-0.218,50,18,i2,2.128063e-6,2.128063e-6,PYO,SWVfast,-0.12,1.5273972e-6,1.5273972e-6,6.006658000000001e-7,-2.8673500000000006e-7,8.874008000000001e-7,0.23570226039551584,2.0229677e-6
blank2,50uM,PYO,transfer,SWVfast,4,-0.219,50,24,i2,1.9765539e-6,1.9765539e-6,PYO,SWVfast,-0.12,1.5476073e-6,1.5476073e-6,4.289465999999999e-7,-2.8673500000000006e-7,7.156815999999999e-7,0.2041241452319315,2.0229677e-6
blank2,50uM,PYO,transfer,SWVfast,5,-0.222,50,30,i2,1.8498994e-6,1.8498994e-6,PYO,SWVfast,-0.12,1.5330284e-6,1.5330284e-6,3.168709999999999e-7,-2.8673500000000006e-7,6.03606e-7,0.18257418583505536,2.0229677e-6
blank2,50uM,PYO,transfer,SWVfast,6,-0.218,50,36,i2,1.7487096e-6,1.7487096e-6,PYO,SWVfast,-0.12,1.5018852e-6,1.5018852e-6,2.468243999999999e-7,-2.8673500000000006e-7,5.335594e-7,0.16666666666666666,2.0229677e-6
blank2,50uM,PYO,transfer,SWVfast,7,-0.218,50,42,i2,1.6784966e-6,1.6784966e-6,PYO,SWVfast,-0.12,1.5065289e-6,1.5065289e-6,1.7196770000000015e-7,-2.8673500000000006e-7,4.587027000000002e-7,0.1543033499620919,2.0229677e-6
blank2,50uM,PYO,transfer,SWVfast,8,-0.214,50,48,i2,1.6124707e-6,1.6124707e-6,PYO,SWVfast,-0.12,1.508354e-6,1.508354e-6,1.041167e-7,-2.8673500000000006e-7,3.9085170000000006e-7,0.14433756729740643,2.0229677e-6
blank2,50uM,PYO,transfer,SWVfast,9,-0.213,50,54,i2,1.5608181e-6,1.5608181e-6,PYO,SWVfast,-0.12,1.5102625e-6,1.5102625e-6,5.0555599999999865e-8,-2.8673500000000006e-7,3.372905999999999e-7,0.13608276348795434,2.0229677e-6
blank2,50uM,PYO,transfer,SWVfast,10,-0.214,50,60,i2,1.5170617e-6,1.5170617e-6,PYO,SWVfast,-0.12,1.5288431e-6,1.5288431e-6,-1.1781399999999907e-8,-2.8673500000000006e-7,2.7495360000000015e-7,0.12909944487358055,2.0229677e-6
blank2,50uM,PYO,transfer,SWVfast,11,-0.214,50,66,i2,1.463534e-6,1.463534e-6,PYO,SWVfast,-0.12,1.5137847e-6,1.5137847e-6,-5.025070000000007e-8,-2.8673500000000006e-7,2.364843e-7,0.12309149097933274,2.0229677e-6
blank2,50uM,PYO,transfer,SWVfast,12,-0.21,50,72,i2,1.4051762e-6,1.4051762e-6,PYO,SWVfast,-0.12,1.5294861e-6,1.5294861e-6,-1.2430989999999993e-7,-2.8673500000000006e-7,1.6242510000000012e-7,0.11785113019775792,2.0229677e-6
blank2,50uM,PYO,transfer,SWVfast,13,-0.21,50,78,i2,1.3329234e-6,1.3329234e-6,PYO,SWVfast,-0.12,1.4981244e-6,1.4981244e-6,-1.6520100000000016e-7,-2.8673500000000006e-7,1.215339999999999e-7,0.11322770341445958,2.0229677e-6
blank2,50uM,PYO,transfer,SWVfast,14,-0.213,50,84,i2,1.3089596e-6,1.3089596e-6,PYO,SWVfast,-0.12,1.4720731e-6,1.4720731e-6,-1.6311350000000003e-7,-2.8673500000000006e-7,1.2362150000000003e-7,0.1091089451179962,2.0229677e-6
blank2,50uM,PYO,transfer,SWVfast,15,-0.21,50,90,i2,1.2978616e-6,1.2978616e-6,PYO,SWVfast,-0.12,1.498501e-6,1.498501e-6,-2.0063940000000002e-7,-2.8673500000000006e-7,8.609560000000004e-8,0.10540925533894598,2.0229677e-6
blank2,50uM,PYO,transfer,SWVfast,16,-0.213,50,96,i2,1.2769816e-6,1.2769816e-6,PYO,SWVfast,-0.12,1.4679799e-6,1.4679799e-6,-1.9099829999999992e-7,-2.8673500000000006e-7,9.573670000000013e-8,0.10206207261596575,2.0229677e-6
blank2,50uM,PYO,transfer,SWVfast,17,-0.212,50,102,i2,1.2626188e-6,1.2626188e-6,PYO,SWVfast,-0.12,1.4593966e-6,1.4593966e-6,-1.967777999999999e-7,-2.8673500000000006e-7,8.995720000000016e-8,0.09901475429766743,2.0229677e-6
blank2,50uM,PYO,transfer,SWVfast,18,-0.213,50,108,i2,1.2440254e-6,1.2440254e-6,PYO,SWVfast,-0.12,1.4681891e-6,1.4681891e-6,-2.2416369999999994e-7,-2.8673500000000006e-7,6.257130000000012e-8,0.09622504486493763,2.0229677e-6
blank2,50uM,PYO,transfer,SWVfast,19,-0.21,50,114,i2,1.2435185e-6,1.2435185e-6,PYO,SWVfast,-0.12,1.4888059e-6,1.4888059e-6,-2.4528740000000004e-7,-2.8673500000000006e-7,4.144760000000002e-8,0.0936585811581694,2.0229677e-6
blank2,50uM,PYO,transfer,SWVfast,20,-0.21,50,120,i2,1.2377209e-6,1.2377209e-6,PYO,SWVfast,-0.12,1.4872855e-6,1.4872855e-6,-2.4956460000000003e-7,-2.8673500000000006e-7,3.717040000000003e-8,0.09128709291752768,2.0229677e-6
blank2,50uM,PYO,transfer,SWVfast,21,-0.21,50,126,i2,1.2274486e-6,1.2274486e-6,PYO,SWVfast,-0.12,1.4863881e-6,1.4863881e-6,-2.589394999999999e-7,-2.8673500000000006e-7,2.7795500000000164e-8,0.0890870806374748,2.0229677e-6
blank2,50uM,PYO,transfer,SWVfast,22,-0.21,50,132,i2,1.2274955e-6,1.2274955e-6,PYO,SWVfast,-0.12,1.4888285e-6,1.4888285e-6,-2.61333e-7,-2.8673500000000006e-7,2.5402000000000058e-8,0.08703882797784893,2.0229677e-6
blank2,50uM,PYO,transfer,SWVfast,23,-0.211,50,138,i2,1.2238277e-6,1.2238277e-6,PYO,SWVfast,-0.12,1.4759905e-6,1.4759905e-6,-2.5216280000000005e-7,-2.8673500000000006e-7,3.457220000000001e-8,0.08512565307587486,2.0229677e-6
blank2,50uM,PYO,transfer,SWVfast,24,-0.211,50,144,i2,1.196014e-6,1.196014e-6,PYO,SWVfast,-0.12,1.4455952e-6,1.4455952e-6,-2.495811999999999e-7,-2.8673500000000006e-7,3.7153800000000164e-8,0.08333333333333333,2.0229677e-6
blank2,50uM,PYO,transfer,SWVfast,25,-0.211,50,150,i2,1.1825995e-6,1.1825995e-6,PYO,SWVfast,-0.12,1.4541206e-6,1.4541206e-6,-2.7152109999999995e-7,-2.8673500000000006e-7,1.5213900000000107e-8,0.08164965809277261,2.0229677e-6
blank2,50uM,PYO,transfer,SWVfast,26,-0.213,50,156,i2,1.1818388e-6,1.1818388e-6,PYO,SWVfast,-0.12,1.4377221e-6,1.4377221e-6,-2.5588329999999994e-7,-2.8673500000000006e-7,3.085170000000012e-8,0.08006407690254357,2.0229677e-6
blank2,50uM,PYO,transfer,SWVfast,27,-0.211,50,162,i2,1.1805073e-6,1.1805073e-6,PYO,SWVfast,-0.12,1.4559973e-6,1.4559973e-6,-2.754900000000001e-7,-2.8673500000000006e-7,1.1244999999999966e-8,0.07856742013183861,2.0229677e-6
blank2,50uM,PYO,transfer,SWVfast,28,-0.212,50,168,i2,1.1739002e-6,1.1739002e-6,PYO,SWVfast,-0.12,1.4601512e-6,1.4601512e-6,-2.8625100000000004e-7,-2.8673500000000006e-7,4.840000000000194e-10,0.07715167498104596,2.0229677e-6
blank2,50uM,PYO,transfer,SWVfast,29,-0.214,50,174,i2,1.168879e-6,1.168879e-6,PYO,SWVfast,-0.12,1.455614e-6,1.455614e-6,-2.8673500000000006e-7,-2.8673500000000006e-7,0,0.07580980435789034,2.0229677e-6
blank2,50uM,PYO,transfer,SWVfast,30,-0.211,50,180,i2,1.1684581e-6,1.1684581e-6,PYO,SWVfast,-0.12,1.4480161e-6,1.4480161e-6,-2.7955799999999994e-7,-2.8673500000000006e-7,7.177000000000118e-9,0.07453559924999299,2.0229677e-6
dPHZstar,25uM,PYO,transfer,SWV,1,-0.23,25,105,i1,9.6742497e-7,9.6742497e-7,PYO,SWV,-0.12,5.7726879e-7,5.7726879e-7,3.9015617999999995e-7,-1.9432199999999996e-8,4.0958837999999995e-7,0.09759000729485331,4.0958837999999995e-7
dPHZstar,25uM,PYO,transfer,SWV,2,-0.23,25,210,i1,9.2876257e-7,9.2876257e-7,PYO,SWV,-0.12,6.1684818e-7,6.1684818e-7,3.1191438999999993e-7,-1.9432199999999996e-8,3.313465899999999e-7,0.06900655593423542,4.0958837999999995e-7
dPHZstar,25uM,PYO,transfer,SWV,3,-0.23,25,315,i1,8.6185872e-7,8.6185872e-7,PYO,SWV,-0.12,6.0340506e-7,6.0340506e-7,2.584536600000001e-7,-1.9432199999999996e-8,2.778858600000001e-7,0.05634361698190111,4.0958837999999995e-7
dPHZstar,25uM,PYO,transfer,SWV,4,-0.23,25,420,i1,8.3702798e-7,8.3702798e-7,PYO,SWV,-0.12,5.9361548e-7,5.9361548e-7,2.434125e-7,-1.9432199999999996e-8,2.628447e-7,0.04879500364742666,4.0958837999999995e-7
dPHZstar,25uM,PYO,transfer,SWV,5,-0.23,25,525,i1,7.96949e-7,7.96949e-7,PYO,SWV,-0.12,5.8244171e-7,5.8244171e-7,2.1450729e-7,-1.9432199999999996e-8,2.3393949e-7,0.04364357804719848,4.0958837999999995e-7
dPHZstar,25uM,PYO,transfer,SWV,6,-0.23,25,630,i1,7.6448828e-7,7.6448828e-7,PYO,SWV,-0.12,5.7259422e-7,5.7259422e-7,1.9189405999999996e-7,-1.9432199999999996e-8,2.1132625999999996e-7,0.03984095364447979,4.0958837999999995e-7
dPHZstar,25uM,PYO,transfer,SWV,7,-0.23,25,735,i1,7.189351e-7,7.189351e-7,PYO,SWV,-0.12,5.5949596e-7,5.5949596e-7,1.5943914e-7,-1.9432199999999996e-8,1.7887134e-7,0.03688555567816588,4.0958837999999995e-7
dPHZstar,25uM,PYO,transfer,SWV,8,-0.23,25,840,i1,7.0607837e-7,7.0607837e-7,PYO,SWV,-0.12,5.5321937e-7,5.5321937e-7,1.5285899999999998e-7,-1.9432199999999996e-8,1.7229119999999998e-7,0.03450327796711771,4.0958837999999995e-7
dPHZstar,25uM,PYO,transfer,SWV,9,-0.23,25,945,i1,6.7141201e-7,6.7141201e-7,PYO,SWV,-0.12,5.4344861e-7,5.4344861e-7,1.279634e-7,-1.9432199999999996e-8,1.4739559999999998e-7,0.03253000243161777,4.0958837999999995e-7
dPHZstar,25uM,PYO,transfer,SWV,10,-0.229,25,1050,i1,6.6252301e-7,6.6252301e-7,PYO,SWV,-0.12,5.405397e-7,5.405397e-7,1.2198331000000008e-7,-1.9432199999999996e-8,1.4141551000000008e-7,0.03086066999241838,4.0958837999999995e-7
dPHZstar,25uM,PYO,transfer,SWV,11,-0.229,25,1155,i1,6.4091296e-7,6.4091296e-7,PYO,SWV,-0.12,5.352818e-7,5.352818e-7,1.0563115999999995e-7,-1.9432199999999996e-8,1.2506335999999994e-7,0.029424494316824985,4.0958837999999995e-7
dPHZstar,25uM,PYO,transfer,SWV,12,-0.227,25,1260,i1,6.2667209e-7,6.2667209e-7,PYO,SWV,-0.12,5.3079623e-7,5.3079623e-7,9.587586e-8,-1.9432199999999996e-8,1.1530806e-7,0.028171808490950554,4.0958837999999995e-7
dPHZstar,25uM,PYO,transfer,SWV,13,-0.224,25,1365,i1,6.0043828e-7,6.0043828e-7,PYO,SWV,-0.12,5.2598762e-7,5.2598762e-7,7.445065999999994e-8,-1.9432199999999996e-8,9.388285999999994e-8,0.02706659809803834,4.0958837999999995e-7
dPHZstar,25uM,PYO,transfer,SWV,14,-0.218,25,1470,i1,5.8716284e-7,5.8716284e-7,PYO,SWV,-0.12,5.3622716e-7,5.3622716e-7,5.093567999999995e-8,-1.9432199999999996e-8,7.036787999999995e-8,0.026082026547865053,4.0958837999999995e-7
dPHZstar,25uM,PYO,transfer,SWV,15,-0.213,25,1575,i1,5.7587812e-7,5.7587812e-7,PYO,SWV,-0.12,5.4006028e-7,5.4006028e-7,3.581783999999996e-8,-1.9432199999999996e-8,5.5250039999999955e-8,0.02519763153394848,4.0958837999999995e-7
dPHZstar,25uM,PYO,transfer,SWV,16,-0.213,25,1680,i1,5.7151237e-7,5.7151237e-7,PYO,SWV,-0.12,5.406543e-7,5.406543e-7,3.085807000000004e-8,-1.9432199999999996e-8,5.0290270000000035e-8,0.02439750182371333,4.0958837999999995e-7
dPHZstar,25uM,PYO,transfer,SWV,17,-0.21,25,1785,i1,5.6883675e-7,5.6883675e-7,PYO,SWV,-0.12,5.4814268e-7,5.4814268e-7,2.069406999999995e-8,-1.9432199999999996e-8,4.0126269999999945e-8,0.023669053416557544,4.0958837999999995e-7
dPHZstar,25uM,PYO,transfer,SWV,18,-0.21,25,1890,i1,5.6897198e-7,5.6897198e-7,PYO,SWV,-0.12,5.52193e-7,5.52193e-7,1.6778979999999975e-8,-1.9432199999999996e-8,3.621117999999997e-8,0.023002185311411807,4.0958837999999995e-7
dPHZstar,25uM,PYO,transfer,SWV,19,-0.21,25,1995,i1,5.6132126e-7,5.6132126e-7,PYO,SWV,-0.12,5.4837477e-7,5.4837477e-7,1.2946489999999993e-8,-1.9432199999999996e-8,3.237868999999999e-8,0.022388683141982252,4.0958837999999995e-7
dPHZstar,25uM,PYO,transfer,SWV,20,-0.21,25,2100,i1,5.6267118e-7,5.6267118e-7,PYO,SWV,-0.12,5.5277525e-7,5.5277525e-7,9.895929999999956e-9,-1.9432199999999996e-8,2.9328129999999952e-8,0.02182178902359924,4.0958837999999995e-7
dPHZstar,25uM,PYO,transfer,SWV,21,-0.21,25,2205,i1,5.6880606e-7,5.6880606e-7,PYO,SWV,-0.12,5.6019633e-7,5.6019633e-7,8.609730000000049e-9,-1.9432199999999996e-8,2.8041930000000044e-8,0.021295885499998,4.0958837999999995e-7
dPHZstar,25uM,PYO,transfer,SWV,22,-0.21,25,2310,i1,5.6817305e-7,5.6817305e-7,PYO,SWV,-0.12,5.6209893e-7,5.6209893e-7,6.074119999999964e-9,-1.9432199999999996e-8,2.550631999999996e-8,0.020806259464411975,4.0958837999999995e-7
dPHZstar,25uM,PYO,transfer,SWV,23,-0.21,25,2415,i1,5.6622844e-7,5.6622844e-7,PYO,SWV,-0.12,5.6299598e-7,5.6299598e-7,3.2324600000000395e-9,-1.9432199999999996e-8,2.2664660000000035e-8,0.02034892318891199,4.0958837999999995e-7
dPHZstar,25uM,PYO,transfer,SWV,24,-0.21,25,2520,i1,5.6429923e-7,5.6429923e-7,PYO,SWV,-0.12,5.6347722e-7,5.6347722e-7,8.220099999999625e-10,-1.9432199999999996e-8,2.0254209999999958e-8,0.019920476822239894,4.0958837999999995e-7
dPHZstar,25uM,PYO,transfer,SWV,25,-0.21,25,2625,i1,5.6351735e-7,5.6351735e-7,PYO,SWV,-0.12,5.6527836e-7,5.6527836e-7,-1.761009999999942e-9,-1.9432199999999996e-8,1.7671190000000054e-8,0.019518001458970664,4.0958837999999995e-7
dPHZstar,25uM,PYO,transfer,SWV,26,-0.21,25,2730,i1,5.6194483e-7,5.6194483e-7,PYO,SWV,-0.12,5.6588004e-7,5.6588004e-7,-3.935210000000009e-9,-1.9432199999999996e-8,1.5496989999999987e-8,0.019138975058773818,4.0958837999999995e-7
dPHZstar,25uM,PYO,transfer,SWV,27,-0.21,25,2835,i1,5.5947885e-7,5.5947885e-7,PYO,SWV,-0.12,5.6571707e-7,5.6571707e-7,-6.2382199999999834e-9,-1.9432199999999996e-8,1.3193980000000012e-8,0.018781205660633703,4.0958837999999995e-7
dPHZstar,25uM,PYO,transfer,SWV,28,-0.21,25,2940,i1,5.5778821e-7,5.5778821e-7,PYO,SWV,-0.12,5.66258e-7,5.66258e-7,-8.469790000000002e-9,-1.9432199999999996e-8,1.0962409999999994e-8,0.01844277783908294,4.0958837999999995e-7
dPHZstar,25uM,PYO,transfer,SWV,29,-0.21,25,3045,i1,5.5647666e-7,5.5647666e-7,PYO,SWV,-0.12,5.6679886e-7,5.6679886e-7,-1.0322199999999989e-8,-1.9432199999999996e-8,9.110000000000007e-9,0.018122009407318746,4.0958837999999995e-7
dPHZstar,25uM,PYO,transfer,SWV,30,-0.21,25,3150,i1,5.5450016e-7,5.5450016e-7,PYO,SWV,-0.12,5.6644399e-7,5.6644399e-7,-1.194383000000001e-8,-1.9432199999999996e-8,7.488369999999986e-9,0.017817416127494958,4.0958837999999995e-7
dPHZstar,25uM,PYO,transfer,SWV,31,-0.21,25,3255,i1,5.5307521e-7,5.5307521e-7,PYO,SWV,-0.12,5.6637964e-7,5.6637964e-7,-1.3304430000000022e-8,-1.9432199999999996e-8,6.127769999999973e-9,0.017527682734987296,4.0958837999999995e-7
dPHZstar,25uM,PYO,transfer,SWV,32,-0.21,25,3360,i1,5.5143062e-7,5.5143062e-7,PYO,SWV,-0.12,5.6660281e-7,5.6660281e-7,-1.517219e-8,-1.9432199999999996e-8,4.260009999999996e-9,0.017251638983558856,4.0958837999999995e-7
dPHZstar,25uM,PYO,transfer,SWV,33,-0.21,25,3465,i1,5.4975004e-7,5.4975004e-7,PYO,SWV,-0.12,5.6663293e-7,5.6663293e-7,-1.6882889999999978e-8,-1.9432199999999996e-8,2.549310000000018e-9,0.01698823971458752,4.0958837999999995e-7
dPHZstar,25uM,PYO,transfer,SWV,34,-0.21,25,3570,i1,5.4817161e-7,5.4817161e-7,PYO,SWV,-0.12,5.6656211e-7,5.6656211e-7,-1.8390499999999955e-8,-1.9432199999999996e-8,1.0417000000000404e-9,0.01673654817511446,4.0958837999999995e-7
dPHZstar,25uM,PYO,transfer,SWV,35,-0.21,25,3675,i1,5.4700178e-7,5.4700178e-7,PYO,SWV,-0.12,5.6643398e-7,5.6643398e-7,-1.9432199999999996e-8,-1.9432199999999996e-8,0,0.01649572197684645,4.0958837999999995e-7
dPHZstar,25uM,PYO,transfer,SWV,1,-0.23,25,105,i2,8.7966083e-7,8.7966083e-7,PYO,SWV,-0.12,3.5006877e-7,3.5006877e-7,5.2959206e-7,6.61065999999999e-9,5.229814e-7,0.09759000729485331,5.229814e-7
dPHZstar,25uM,PYO,transfer,SWV,2,-0.23,25,210,i2,8.1984399e-7,8.1984399e-7,PYO,SWV,-0.12,3.7483269e-7,3.7483269e-7,4.450113e-7,6.61065999999999e-9,4.3840064e-7,0.06900655593423542,5.229814e-7
dPHZstar,25uM,PYO,transfer,SWV,3,-0.23,25,315,i2,7.5537326e-7,7.5537326e-7,PYO,SWV,-0.12,3.6616615e-7,3.6616615e-7,3.8920711e-7,6.61065999999999e-9,3.8259645e-7,0.05634361698190111,5.229814e-7
dPHZstar,25uM,PYO,transfer,SWV,4,-0.23,25,420,i2,7.0678431e-7,7.0678431e-7,PYO,SWV,-0.12,3.5765771e-7,3.5765771e-7,3.491266e-7,6.61065999999999e-9,3.4251594e-7,0.04879500364742666,5.229814e-7
dPHZstar,25uM,PYO,transfer,SWV,5,-0.23,25,525,i2,6.5940088e-7,6.5940088e-7,PYO,SWV,-0.12,3.4870186e-7,3.4870186e-7,3.1069902e-7,6.61065999999999e-9,3.0408836e-7,0.04364357804719848,5.229814e-7
dPHZstar,25uM,PYO,transfer,SWV,6,-0.23,25,630,i2,6.2217401e-7,6.2217401e-7,PYO,SWV,-0.12,3.4145529e-7,3.4145529e-7,2.8071872e-7,6.61065999999999e-9,2.7410806e-7,0.03984095364447979,5.229814e-7
dPHZstar,25uM,PYO,transfer,SWV,7,-0.23,25,735,i2,5.7195945e-7,5.7195945e-7,PYO,SWV,-0.12,3.3277587e-7,3.3277587e-7,2.3918357999999996e-7,6.61065999999999e-9,2.3257291999999998e-7,0.03688555567816588,5.229814e-7
dPHZstar,25uM,PYO,transfer,SWV,8,-0.23,25,840,i2,5.5206334e-7,5.5206334e-7,PYO,SWV,-0.12,3.2727129e-7,3.2727129e-7,2.2479204999999996e-7,6.61065999999999e-9,2.1818138999999997e-7,0.03450327796711771,5.229814e-7
dPHZstar,25uM,PYO,transfer,SWV,9,-0.23,25,945,i2,5.1830654e-7,5.1830654e-7,PYO,SWV,-0.12,3.1995324e-7,3.1995324e-7,1.9835329999999998e-7,6.61065999999999e-9,1.9174264e-7,0.03253000243161777,5.229814e-7
dPHZstar,25uM,PYO,transfer,SWV,10,-0.23,25,1050,i2,5.0109884e-7,5.0109884e-7,PYO,SWV,-0.12,3.1725875e-7,3.1725875e-7,1.8384009e-7,6.61065999999999e-9,1.7722943e-7,0.03086066999241838,5.229814e-7
dPHZstar,25uM,PYO,transfer,SWV,11,-0.23,25,1155,i2,4.7155621e-7,4.7155621e-7,PYO,SWV,-0.12,3.1195316e-7,3.1195316e-7,1.5960304999999997e-7,6.61065999999999e-9,1.5299238999999998e-7,0.029424494316824985,5.229814e-7
dPHZstar,25uM,PYO,transfer,SWV,12,-0.23,25,1260,i2,4.5577525e-7,4.5577525e-7,PYO,SWV,-0.12,3.0922388e-7,3.0922388e-7,1.4655137e-7,6.61065999999999e-9,1.3994071e-7,0.028171808490950554,5.229814e-7
dPHZstar,25uM,PYO,transfer,SWV,13,-0.229,25,1365,i2,4.2686014e-7,4.2686014e-7,PYO,SWV,-0.12,3.0525797e-7,3.0525797e-7,1.2160216999999996e-7,6.61065999999999e-9,1.1499150999999997e-7,0.02706659809803834,5.229814e-7
dPHZstar,25uM,PYO,transfer,SWV,14,-0.23,25,1470,i2,4.1040778e-7,4.1040778e-7,PYO,SWV,-0.12,3.1032212e-7,3.1032212e-7,1.0008565999999997e-7,6.61065999999999e-9,9.347499999999998e-8,0.026082026547865053,5.229814e-7
dPHZstar,25uM,PYO,transfer,SWV,15,-0.229,25,1575,i2,3.9431478e-7,3.9431478e-7,PYO,SWV,-0.12,3.114335e-7,3.114335e-7,8.288128e-8,6.61065999999999e-9,7.627062e-8,0.02519763153394848,5.229814e-7
dPHZstar,25uM,PYO,transfer,SWV,16,-0.226,25,1680,i2,3.8669953e-7,3.8669953e-7,PYO,SWV,-0.12,3.1229473e-7,3.1229473e-7,7.440479999999997e-8,6.61065999999999e-9,6.779413999999998e-8,0.02439750182371333,5.229814e-7
dPHZstar,25uM,PYO,transfer,SWV,17,-0.222,25,1785,i2,3.8010566e-7,3.8010566e-7,PYO,SWV,-0.12,3.1820457e-7,3.1820457e-7,6.190109000000003e-8,6.61065999999999e-9,5.529043000000004e-8,0.023669053416557544,5.229814e-7
dPHZstar,25uM,PYO,transfer,SWV,18,-0.218,25,1890,i2,3.7763206e-7,3.7763206e-7,PYO,SWV,-0.12,3.2151974e-7,3.2151974e-7,5.611231999999999e-8,6.61065999999999e-9,4.950166e-8,0.023002185311411807,5.229814e-7
dPHZstar,25uM,PYO,transfer,SWV,19,-0.22,25,1995,i2,3.6955328e-7,3.6955328e-7,PYO,SWV,-0.12,3.1881837e-7,3.1881837e-7,5.073491e-8,6.61065999999999e-9,4.412425000000001e-8,0.022388683141982252,5.229814e-7
dPHZstar,25uM,PYO,transfer,SWV,20,-0.214,25,2100,i2,3.6904078e-7,3.6904078e-7,PYO,SWV,-0.12,3.222932e-7,3.222932e-7,4.6747579999999975e-8,6.61065999999999e-9,4.0136919999999985e-8,0.02182178902359924,5.229814e-7
dPHZstar,25uM,PYO,transfer,SWV,21,-0.211,25,2205,i2,3.7001109e-7,3.7001109e-7,PYO,SWV,-0.12,3.2612832e-7,3.2612832e-7,4.388276999999998e-8,6.61065999999999e-9,3.727210999999999e-8,0.021295885499998,5.229814e-7
dPHZstar,25uM,PYO,transfer,SWV,22,-0.211,25,2310,i2,3.6678517e-7,3.6678517e-7,PYO,SWV,-0.12,3.2681029e-7,3.2681029e-7,3.997488000000003e-8,6.61065999999999e-9,3.336422000000004e-8,0.020806259464411975,5.229814e-7
dPHZstar,25uM,PYO,transfer,SWV,23,-0.211,25,2415,i2,3.6398092e-7,3.6398092e-7,PYO,SWV,-0.12,3.2791033e-7,3.2791033e-7,3.607059e-8,6.61065999999999e-9,2.945993000000001e-8,0.02034892318891199,5.229814e-7
dPHZstar,25uM,PYO,transfer,SWV,24,-0.21,25,2520,i2,3.6065356e-7,3.6065356e-7,PYO,SWV,-0.12,3.2791979e-7,3.2791979e-7,3.273376999999997e-8,6.61065999999999e-9,2.6123109999999977e-8,0.019920476822239894,5.229814e-7
dPHZstar,25uM,PYO,transfer,SWV,25,-0.21,25,2625,i2,3.5782503e-7,3.5782503e-7,PYO,SWV,-0.12,3.2867604e-7,3.2867604e-7,2.914899000000001e-8,6.61065999999999e-9,2.253833000000002e-8,0.019518001458970664,5.229814e-7
dPHZstar,25uM,PYO,transfer,SWV,26,-0.21,25,2730,i2,3.5513983e-7,3.5513983e-7,PYO,SWV,-0.12,3.2883327e-7,3.2883327e-7,2.630655999999999e-8,6.61065999999999e-9,1.96959e-8,0.019138975058773818,5.229814e-7
dPHZstar,25uM,PYO,transfer,SWV,27,-0.21,25,2835,i2,3.520322e-7,3.520322e-7,PYO,SWV,-0.12,3.2867615e-7,3.2867615e-7,2.3356049999999984e-8,6.61065999999999e-9,1.6745389999999994e-8,0.018781205660633703,5.229814e-7
dPHZstar,25uM,PYO,transfer,SWV,28,-0.21,25,2940,i2,3.4946703e-7,3.4946703e-7,PYO,SWV,-0.12,3.2912175e-7,3.2912175e-7,2.034527999999997e-8,6.61065999999999e-9,1.3734619999999982e-8,0.01844277783908294,5.229814e-7
dPHZstar,25uM,PYO,transfer,SWV,29,-0.21,25,3045,i2,3.477009e-7,3.477009e-7,PYO,SWV,-0.12,3.2967819e-7,3.2967819e-7,1.8022709999999982e-8,6.61065999999999e-9,1.1412049999999993e-8,0.018122009407318746,5.229814e-7
dPHZstar,25uM,PYO,transfer,SWV,30,-0.21,25,3150,i2,3.4524732e-7,3.4524732e-7,PYO,SWV,-0.12,3.2946326e-7,3.2946326e-7,1.578406000000001e-8,6.61065999999999e-9,9.17340000000002e-9,0.017817416127494958,5.229814e-7
dPHZstar,25uM,PYO,transfer,SWV,31,-0.21,25,3255,i2,3.4338717e-7,3.4338717e-7,PYO,SWV,-0.12,3.2924822e-7,3.2924822e-7,1.4138949999999996e-8,6.61065999999999e-9,7.528290000000006e-9,0.017527682734987296,5.229814e-7
dPHZstar,25uM,PYO,transfer,SWV,32,-0.21,25,3360,i2,3.411692e-7,3.411692e-7,PYO,SWV,-0.12,3.2950106e-7,3.2950106e-7,1.1668139999999974e-8,6.61065999999999e-9,5.0574799999999845e-9,0.017251638983558856,5.229814e-7
dPHZstar,25uM,PYO,transfer,SWV,33,-0.21,25,3465,i2,3.3913545e-7,3.3913545e-7,PYO,SWV,-0.12,3.2939005e-7,3.2939005e-7,9.745400000000034e-9,6.61065999999999e-9,3.134740000000044e-9,0.01698823971458752,5.229814e-7
dPHZstar,25uM,PYO,transfer,SWV,34,-0.21,25,3570,i2,3.3757016e-7,3.3757016e-7,PYO,SWV,-0.12,3.2950592e-7,3.2950592e-7,8.064240000000009e-9,6.61065999999999e-9,1.4535800000000193e-9,0.01673654817511446,5.229814e-7
dPHZstar,25uM,PYO,transfer,SWV,35,-0.21,25,3675,i2,3.3612366e-7,3.3612366e-7,PYO,SWV,-0.12,3.29513e-7,3.29513e-7,6.61065999999999e-9,6.61065999999999e-9,0,0.01649572197684645,5.229814e-7
dPHZstar,50uM,PYO,transfer,SWV,1,-0.228,50,105,i1,1.5665357e-6,1.5665357e-6,PYO,SWV,-0.12,6.0273896e-7,6.0273896e-7,9.6379674e-7,3.345519999999999e-8,9.3034154e-7,0.09759000729485331,9.3034154e-7
dPHZstar,50uM,PYO,transfer,SWV,2,-0.229,50,210,i1,1.228168e-6,1.228168e-6,PYO,SWV,-0.12,5.9019811e-7,5.9019811e-7,6.379698899999999e-7,3.345519999999999e-8,6.045146899999999e-7,0.06900655593423542,9.3034154e-7
dPHZstar,50uM,PYO,transfer,SWV,3,-0.23,50,315,i1,1.1141904e-6,1.1141904e-6,PYO,SWV,-0.12,5.7926945e-7,5.7926945e-7,5.349209499999999e-7,3.345519999999999e-8,5.014657499999999e-7,0.05634361698190111,9.3034154e-7
dPHZstar,50uM,PYO,transfer,SWV,4,-0.23,50,420,i1,1.0205314e-6,1.0205314e-6,PYO,SWV,-0.12,5.6030262e-7,5.6030262e-7,4.6022877999999995e-7,3.345519999999999e-8,4.2677357999999997e-7,0.04879500364742666,9.3034154e-7
dPHZstar,50uM,PYO,transfer,SWV,5,-0.229,50,525,i1,9.4630803e-7,9.4630803e-7,PYO,SWV,-0.12,5.4882588e-7,5.4882588e-7,3.9748214999999995e-7,3.345519999999999e-8,3.6402694999999996e-7,0.04364357804719848,9.3034154e-7
dPHZstar,50uM,PYO,transfer,SWV,6,-0.229,50,630,i1,8.8313027e-7,8.8313027e-7,PYO,SWV,-0.12,5.3798749e-7,5.3798749e-7,3.4514277999999995e-7,3.345519999999999e-8,3.1168757999999996e-7,0.03984095364447979,9.3034154e-7
dPHZstar,50uM,PYO,transfer,SWV,7,-0.229,50,735,i1,8.4757346e-7,8.4757346e-7,PYO,SWV,-0.12,5.3503675e-7,5.3503675e-7,3.1253671000000005e-7,3.345519999999999e-8,2.7908151000000006e-7,0.03688555567816588,9.3034154e-7
dPHZstar,50uM,PYO,transfer,SWV,8,-0.226,50,840,i1,8.0138091e-7,8.0138091e-7,PYO,SWV,-0.12,5.2789676e-7,5.2789676e-7,2.7348415e-7,3.345519999999999e-8,2.4002895e-7,0.03450327796711771,9.3034154e-7
dPHZstar,50uM,PYO,transfer,SWV,9,-0.227,50,945,i1,7.5640878e-7,7.5640878e-7,PYO,SWV,-0.12,5.262894e-7,5.262894e-7,2.3011937999999992e-7,3.345519999999999e-8,1.9666417999999993e-7,0.03253000243161777,9.3034154e-7
dPHZstar,50uM,PYO,transfer,SWV,10,-0.224,50,1050,i1,7.3067281e-7,7.3067281e-7,PYO,SWV,-0.12,5.3743895e-7,5.3743895e-7,1.9323386000000002e-7,3.345519999999999e-8,1.5977866000000003e-7,0.03086066999241838,9.3034154e-7
dPHZstar,50uM,PYO,transfer,SWV,11,-0.222,50,1155,i1,7.0647934e-7,7.0647934e-7,PYO,SWV,-0.12,5.4715531e-7,5.4715531e-7,1.5932403000000003e-7,3.345519999999999e-8,1.2586883000000005e-7,0.029424494316824985,9.3034154e-7
dPHZstar,50uM,PYO,transfer,SWV,12,-0.218,50,1260,i1,7.0206283e-7,7.0206283e-7,PYO,SWV,-0.12,5.6087367e-7,5.6087367e-7,1.4118915999999998e-7,3.345519999999999e-8,1.0773395999999999e-7,0.028171808490950554,9.3034154e-7
dPHZstar,50uM,PYO,transfer,SWV,13,-0.216,50,1365,i1,6.9106801e-7,6.9106801e-7,PYO,SWV,-0.12,5.6457918e-7,5.6457918e-7,1.2648883e-7,3.345519999999999e-8,9.303363000000002e-8,0.02706659809803834,9.3034154e-7
dPHZstar,50uM,PYO,transfer,SWV,14,-0.215,50,1470,i1,6.7910412e-7,6.7910412e-7,PYO,SWV,-0.12,5.6552693e-7,5.6552693e-7,1.1357719000000001e-7,3.345519999999999e-8,8.012199000000002e-8,0.026082026547865053,9.3034154e-7
dPHZstar,50uM,PYO,transfer,SWV,15,-0.21,50,1575,i1,6.7846105e-7,6.7846105e-7,PYO,SWV,-0.12,5.7135537e-7,5.7135537e-7,1.0710567999999996e-7,3.345519999999999e-8,7.365047999999997e-8,0.02519763153394848,9.3034154e-7
dPHZstar,50uM,PYO,transfer,SWV,16,-0.21,50,1680,i1,6.7621113e-7,6.7621113e-7,PYO,SWV,-0.12,5.7584623e-7,5.7584623e-7,1.0036489999999997e-7,3.345519999999999e-8,6.690969999999998e-8,0.02439750182371333,9.3034154e-7
dPHZstar,50uM,PYO,transfer,SWV,17,-0.21,50,1785,i1,6.7076132e-7,6.7076132e-7,PYO,SWV,-0.12,5.7722445e-7,5.7722445e-7,9.353686999999995e-8,3.345519999999999e-8,6.008166999999996e-8,0.023669053416557544,9.3034154e-7
dPHZstar,50uM,PYO,transfer,SWV,18,-0.21,50,1890,i1,6.6689989e-7,6.6689989e-7,PYO,SWV,-0.12,5.7938934e-7,5.7938934e-7,8.751055000000006e-8,3.345519999999999e-8,5.405535000000007e-8,0.023002185311411807,9.3034154e-7
dPHZstar,50uM,PYO,transfer,SWV,19,-0.21,50,1995,i1,6.6276988e-7,6.6276988e-7,PYO,SWV,-0.12,5.8078825e-7,5.8078825e-7,8.198163000000009e-8,3.345519999999999e-8,4.85264300000001e-8,0.022388683141982252,9.3034154e-7
dPHZstar,50uM,PYO,transfer,SWV,20,-0.21,50,2100,i1,6.595119e-7,6.595119e-7,PYO,SWV,-0.12,5.8212282e-7,5.8212282e-7,7.738907999999998e-8,3.345519999999999e-8,4.393387999999999e-8,0.02182178902359924,9.3034154e-7
dPHZstar,50uM,PYO,transfer,SWV,21,-0.21,50,2205,i1,6.5587375e-7,6.5587375e-7,PYO,SWV,-0.12,5.829495e-7,5.829495e-7,7.292425000000006e-8,3.345519999999999e-8,3.946905000000007e-8,0.021295885499998,9.3034154e-7
dPHZstar,50uM,PYO,transfer,SWV,22,-0.21,50,2310,i1,6.5151335e-7,6.5151335e-7,PYO,SWV,-0.12,5.8325367e-7,5.8325367e-7,6.825968000000001e-8,3.345519999999999e-8,3.480448000000002e-8,0.020806259464411975,9.3034154e-7
dPHZstar,50uM,PYO,transfer,SWV,23,-0.21,50,2415,i1,6.481315e-7,6.481315e-7,PYO,SWV,-0.12,5.8392573e-7,5.8392573e-7,6.420577000000003e-8,3.345519999999999e-8,3.075057000000004e-8,0.02034892318891199,9.3034154e-7
dPHZstar,50uM,PYO,transfer,SWV,24,-0.21,50,2520,i1,6.452043e-7,6.452043e-7,PYO,SWV,-0.12,5.8453861e-7,5.8453861e-7,6.066569000000006e-8,3.345519999999999e-8,2.7210490000000074e-8,0.019920476822239894,9.3034154e-7
dPHZstar,50uM,PYO,transfer,SWV,25,-0.21,50,2625,i1,6.4187259e-7,6.4187259e-7,PYO,SWV,-0.12,5.8512029e-7,5.8512029e-7,5.675230000000001e-8,3.345519999999999e-8,2.329710000000002e-8,0.019518001458970664,9.3034154e-7
dPHZstar,50uM,PYO,transfer,SWV,26,-0.21,50,2730,i1,6.3911659e-7,6.3911659e-7,PYO,SWV,-0.12,5.8513268e-7,5.8513268e-7,5.3983910000000007e-8,3.345519999999999e-8,2.0528710000000018e-8,0.019138975058773818,9.3034154e-7
dPHZstar,50uM,PYO,transfer,SWV,27,-0.21,50,2835,i1,6.3625203e-7,6.3625203e-7,PYO,SWV,-0.12,5.8522244e-7,5.8522244e-7,5.1029589999999996e-8,3.345519999999999e-8,1.7574390000000008e-8,0.018781205660633703,9.3034154e-7
dPHZstar,50uM,PYO,transfer,SWV,28,-0.21,50,2940,i1,6.3425728e-7,6.3425728e-7,PYO,SWV,-0.12,5.851191e-7,5.851191e-7,4.91381800000001e-8,3.345519999999999e-8,1.5682980000000108e-8,0.01844277783908294,9.3034154e-7
dPHZstar,50uM,PYO,transfer,SWV,29,-0.21,50,3045,i1,6.3123616e-7,6.3123616e-7,PYO,SWV,-0.12,5.8536591e-7,5.8536591e-7,4.587024999999993e-8,3.345519999999999e-8,1.2415049999999939e-8,0.018122009407318746,9.3034154e-7
dPHZstar,50uM,PYO,transfer,SWV,30,-0.21,50,3150,i1,6.2948232e-7,6.2948232e-7,PYO,SWV,-0.12,5.8581122e-7,5.8581122e-7,4.3671099999999987e-8,3.345519999999999e-8,1.0215899999999998e-8,0.017817416127494958,9.3034154e-7
dPHZstar,50uM,PYO,transfer,SWV,31,-0.21,50,3255,i1,6.2716811e-7,6.2716811e-7,PYO,SWV,-0.12,5.8579474e-7,5.8579474e-7,4.137337e-8,3.345519999999999e-8,7.918170000000013e-9,0.017527682734987296,9.3034154e-7
dPHZstar,50uM,PYO,transfer,SWV,32,-0.21,50,3360,i1,6.2504694e-7,6.2504694e-7,PYO,SWV,-0.12,5.8590507e-7,5.8590507e-7,3.914186999999992e-8,3.345519999999999e-8,5.686669999999931e-9,0.017251638983558856,9.3034154e-7
dPHZstar,50uM,PYO,transfer,SWV,33,-0.21,50,3465,i1,6.2347323e-7,6.2347323e-7,PYO,SWV,-0.12,5.8612181e-7,5.8612181e-7,3.7351420000000016e-8,3.345519999999999e-8,3.896220000000028e-9,0.01698823971458752,9.3034154e-7
dPHZstar,50uM,PYO,transfer,SWV,34,-0.21,50,3570,i1,6.2151037e-7,6.2151037e-7,PYO,SWV,-0.12,5.8626e-7,5.8626e-7,3.525037000000007e-8,3.345519999999999e-8,1.7951700000000845e-9,0.01673654817511446,9.3034154e-7
dPHZstar,50uM,PYO,transfer,SWV,35,-0.21,50,3675,i1,6.2016932e-7,6.2016932e-7,PYO,SWV,-0.12,5.8671412e-7,5.8671412e-7,3.345519999999999e-8,3.345519999999999e-8,0,0.01649572197684645,9.3034154e-7
dPHZstar,50uM,PYO,transfer,SWV,1,-0.23,50,105,i2,1.5948488e-6,1.5948488e-6,PYO,SWV,-0.12,4.3963337e-7,4.3963337e-7,1.1552154299999998e-6,5.314466999999996e-8,1.1020707599999998e-6,0.09759000729485331,1.1020707599999998e-6
dPHZstar,50uM,PYO,transfer,SWV,2,-0.23,50,210,i2,1.1737536e-6,1.1737536e-6,PYO,SWV,-0.12,3.8435124e-7,3.8435124e-7,7.894023599999999e-7,5.314466999999996e-8,7.362576899999999e-7,0.06900655593423542,1.1020707599999998e-6
dPHZstar,50uM,PYO,transfer,SWV,3,-0.23,50,315,i2,1.0283377e-6,1.0283377e-6,PYO,SWV,-0.12,3.7405516e-7,3.7405516e-7,6.542825399999999e-7,5.314466999999996e-8,6.0113787e-7,0.05634361698190111,1.1020707599999998e-6
dPHZstar,50uM,PYO,transfer,SWV,4,-0.23,50,420,i2,9.0905297e-7,9.0905297e-7,PYO,SWV,-0.12,3.5599575e-7,3.5599575e-7,5.5305722e-7,5.314466999999996e-8,4.999125500000001e-7,0.04879500364742666,1.1020707599999998e-6
dPHZstar,50uM,PYO,transfer,SWV,5,-0.23,50,525,i2,8.2735596e-7,8.2735596e-7,PYO,SWV,-0.12,3.4719645e-7,3.4719645e-7,4.8015951e-7,5.314466999999996e-8,4.2701484e-7,0.04364357804719848,1.1020707599999998e-6
dPHZstar,50uM,PYO,transfer,SWV,6,-0.23,50,630,i2,7.5427903e-7,7.5427903e-7,PYO,SWV,-0.12,3.3703969e-7,3.3703969e-7,4.1723934e-7,5.314466999999996e-8,3.6409467e-7,0.03984095364447979,1.1020707599999998e-6
dPHZstar,50uM,PYO,transfer,SWV,7,-0.23,50,735,i2,7.012128e-7,7.012128e-7,PYO,SWV,-0.12,3.329248e-7,3.329248e-7,3.68288e-7,5.314466999999996e-8,3.1514333000000006e-7,0.03688555567816588,1.1020707599999998e-6
dPHZstar,50uM,PYO,transfer,SWV,8,-0.23,50,840,i2,6.5020691e-7,6.5020691e-7,PYO,SWV,-0.12,3.2538927e-7,3.2538927e-7,3.2481764000000003e-7,5.314466999999996e-8,2.716729700000001e-7,0.03450327796711771,1.1020707599999998e-6
dPHZstar,50uM,PYO,transfer,SWV,9,-0.229,50,945,i2,5.9814369e-7,5.9814369e-7,PYO,SWV,-0.12,3.2368234e-7,3.2368234e-7,2.7446135e-7,5.314466999999996e-8,2.2131668000000005e-7,0.03253000243161777,1.1020707599999998e-6
dPHZstar,50uM,PYO,transfer,SWV,10,-0.229,50,1050,i2,5.6786484e-7,5.6786484e-7,PYO,SWV,-0.12,3.3047445e-7,3.3047445e-7,2.3739039000000002e-7,5.314466999999996e-8,1.8424572000000006e-7,0.03086066999241838,1.1020707599999998e-6
dPHZstar,50uM,PYO,transfer,SWV,11,-0.227,50,1155,i2,5.381786e-7,5.381786e-7,PYO,SWV,-0.12,3.3544399e-7,3.3544399e-7,2.0273460999999996e-7,5.314466999999996e-8,1.4958994e-7,0.029424494316824985,1.1020707599999998e-6
dPHZstar,50uM,PYO,transfer,SWV,12,-0.225,50,1260,i2,5.2322741e-7,5.2322741e-7,PYO,SWV,-0.12,3.4236956e-7,3.4236956e-7,1.8085785000000003e-7,5.314466999999996e-8,1.2771318000000007e-7,0.028171808490950554,1.1020707599999998e-6
dPHZstar,50uM,PYO,transfer,SWV,13,-0.223,50,1365,i2,5.0922517e-7,5.0922517e-7,PYO,SWV,-0.12,3.4554603e-7,3.4554603e-7,1.6367913999999994e-7,5.314466999999996e-8,1.1053446999999999e-7,0.02706659809803834,1.1020707599999998e-6
dPHZstar,50uM,PYO,transfer,SWV,14,-0.221,50,1470,i2,4.9672246e-7,4.9672246e-7,PYO,SWV,-0.12,3.4653692e-7,3.4653692e-7,1.5018554000000002e-7,5.314466999999996e-8,9.704087000000006e-8,0.026082026547865053,1.1020707599999998e-6
dPHZstar,50uM,PYO,transfer,SWV,15,-0.218,50,1575,i2,4.9007059e-7,4.9007059e-7,PYO,SWV,-0.12,3.4971845e-7,3.4971845e-7,1.4035214e-7,5.314466999999996e-8,8.720747000000003e-8,0.02519763153394848,1.1020707599999998e-6
dPHZstar,50uM,PYO,transfer,SWV,16,-0.219,50,1680,i2,4.8292736e-7,4.8292736e-7,PYO,SWV,-0.12,3.5186767e-7,3.5186767e-7,1.3105969e-7,5.314466999999996e-8,7.791502000000004e-8,0.02439750182371333,1.1020707599999998e-6
dPHZstar,50uM,PYO,transfer,SWV,17,-0.216,50,1785,i2,4.747767e-7,4.747767e-7,PYO,SWV,-0.12,3.5250565e-7,3.5250565e-7,1.2227105e-7,5.314466999999996e-8,6.912638000000003e-8,0.023669053416557544,1.1020707599999998e-6
dPHZstar,50uM,PYO,transfer,SWV,18,-0.216,50,1890,i2,4.6829214e-7,4.6829214e-7,PYO,SWV,-0.12,3.534179e-7,3.534179e-7,1.1487424e-7,5.314466999999996e-8,6.172957000000004e-8,0.023002185311411807,1.1020707599999998e-6
dPHZstar,50uM,PYO,transfer,SWV,19,-0.214,50,1995,i2,4.6213017e-7,4.6213017e-7,PYO,SWV,-0.12,3.5402758e-7,3.5402758e-7,1.0810259e-7,5.314466999999996e-8,5.4957920000000036e-8,0.022388683141982252,1.1020707599999998e-6
dPHZstar,50uM,PYO,transfer,SWV,20,-0.213,50,2100,i2,4.5666417e-7,4.5666417e-7,PYO,SWV,-0.12,3.5441224e-7,3.5441224e-7,1.0225193000000002e-7,5.314466999999996e-8,4.910726000000006e-8,0.02182178902359924,1.1020707599999998e-6
dPHZstar,50uM,PYO,transfer,SWV,21,-0.211,50,2205,i2,4.5146174e-7,4.5146174e-7,PYO,SWV,-0.12,3.5443065e-7,3.5443065e-7,9.703109e-8,5.314466999999996e-8,4.388642000000004e-8,0.021295885499998,1.1020707599999998e-6
dPHZstar,50uM,PYO,transfer,SWV,22,-0.212,50,2310,i2,4.4606315e-7,4.4606315e-7,PYO,SWV,-0.12,3.5482111e-7,3.5482111e-7,9.124204e-8,5.314466999999996e-8,3.8097370000000045e-8,0.020806259464411975,1.1020707599999998e-6
dPHZstar,50uM,PYO,transfer,SWV,23,-0.212,50,2415,i2,4.4187817e-7,4.4187817e-7,PYO,SWV,-0.12,3.5477683e-7,3.5477683e-7,8.710134000000002e-8,5.314466999999996e-8,3.3956670000000064e-8,0.02034892318891199,1.1020707599999998e-6
dPHZstar,50uM,PYO,transfer,SWV,24,-0.21,50,2520,i2,4.3823724e-7,4.3823724e-7,PYO,SWV,-0.12,3.5507702e-7,3.5507702e-7,8.316021999999996e-8,5.314466999999996e-8,3.0015550000000004e-8,0.019920476822239894,1.1020707599999998e-6
dPHZstar,50uM,PYO,transfer,SWV,25,-0.211,50,2625,i2,4.3424092e-7,4.3424092e-7,PYO,SWV,-0.12,3.5546867e-7,3.5546867e-7,7.877225000000002e-8,5.314466999999996e-8,2.562758000000006e-8,0.019518001458970664,1.1020707599999998e-6
dPHZstar,50uM,PYO,transfer,SWV,26,-0.21,50,2730,i2,4.3084373e-7,4.3084373e-7,PYO,SWV,-0.12,3.5521174e-7,3.5521174e-7,7.563199000000002e-8,5.314466999999996e-8,2.2487320000000057e-8,0.019138975058773818,1.1020707599999998e-6
dPHZstar,50uM,PYO,transfer,SWV,27,-0.21,50,2835,i2,4.278337e-7,4.278337e-7,PYO,SWV,-0.12,3.5525315e-7,3.5525315e-7,7.258055000000002e-8,5.314466999999996e-8,1.9435880000000057e-8,0.018781205660633703,1.1020707599999998e-6
dPHZstar,50uM,PYO,transfer,SWV,28,-0.21,50,2940,i2,4.2491507e-7,4.2491507e-7,PYO,SWV,-0.12,3.5509902e-7,3.5509902e-7,6.981604999999999e-8,5.314466999999996e-8,1.6671380000000033e-8,0.01844277783908294,1.1020707599999998e-6
dPHZstar,50uM,PYO,transfer,SWV,29,-0.21,50,3045,i2,4.2196706e-7,4.2196706e-7,PYO,SWV,-0.12,3.5537897e-7,3.5537897e-7,6.658808999999997e-8,5.314466999999996e-8,1.3443420000000011e-8,0.018122009407318746,1.1020707599999998e-6
dPHZstar,50uM,PYO,transfer,SWV,30,-0.21,50,3150,i2,4.1976028e-7,4.1976028e-7,PYO,SWV,-0.12,3.5550721e-7,3.5550721e-7,6.425307000000003e-8,5.314466999999996e-8,1.110840000000007e-8,0.017817416127494958,1.1020707599999998e-6
dPHZstar,50uM,PYO,transfer,SWV,31,-0.21,50,3255,i2,4.1690186e-7,4.1690186e-7,PYO,SWV,-0.12,3.5527972e-7,3.5527972e-7,6.162214000000003e-8,5.314466999999996e-8,8.477470000000068e-9,0.017527682734987296,1.1020707599999998e-6
dPHZstar,50uM,PYO,transfer,SWV,32,-0.21,50,3360,i2,4.146616e-7,4.146616e-7,PYO,SWV,-0.12,3.5542513e-7,3.5542513e-7,5.923647e-8,5.314466999999996e-8,6.091800000000041e-9,0.017251638983558856,1.1020707599999998e-6
dPHZstar,50uM,PYO,transfer,SWV,33,-0.21,50,3465,i2,4.1257465e-7,4.1257465e-7,PYO,SWV,-0.12,3.5542871e-7,3.5542871e-7,5.7145939999999995e-8,5.314466999999996e-8,4.001270000000037e-9,0.01698823971458752,1.1020707599999998e-6
dPHZstar,50uM,PYO,transfer,SWV,34,-0.21,50,3570,i2,4.1062845e-7,4.1062845e-7,PYO,SWV,-0.12,3.5563903e-7,3.5563903e-7,5.4989420000000005e-8,5.314466999999996e-8,1.844750000000047e-9,0.01673654817511446,1.1020707599999998e-6
dPHZstar,50uM,PYO,transfer,SWV,35,-0.21,50,3675,i2,4.0886044e-7,4.0886044e-7,PYO,SWV,-0.12,3.5571577e-7,3.5571577e-7,5.314466999999996e-8,5.314466999999996e-8,0,0.01649572197684645,1.1020707599999998e-6
