PHZadded,molecule,reactor_from_transfer,echem_from_transfer,rep,minutes_from_transfer,E_from_maxs_from_transfer,PHZaddedInt,electrode,current_from_maxs_from_transfer,max_current_from_transfer,E_from_mins_from_transfer,current_from_mins_from_transfer,min_current_from_transfer,signal_from_transfer,min_time,norm_time,reactor_from_soak,echem_from_soak,minutes_from_soak,E_from_maxs_from_soak,current_from_maxs_from_soak,max_current_from_soak,E_from_mins_from_soak,current_from_mins_from_soak,min_current_from_soak,signal_from_soak,i0,norm_signal
100uM,PYO,transfer,SWV,1,197.21666666666667,-0.28,100,i1,4.6215309e-6,4.6215309e-6,0.016,3.4919276e-7,3.4919276e-7,4.2723381400000004e-6,197.21666666666667,0.2,soak,SWVfast.txt,194.83333333333334,-0.278,1.2373082e-5,1.2373082e-5,0.006,2.6799205e-7,2.6799205e-7,1.2105089949999999e-5,1.2105089949999999e-5,0.3529373311265647
100uM,PYO,transfer,SWV,10,198.51666666666668,-0.283,100,i1,1.4653233e-6,1.4653233e-6,0.01,3.419533e-7,3.419533e-7,1.12337e-6,197.21666666666667,1.5000000000000113,soak,SWVfast.txt,194.83333333333334,-0.278,1.2373082e-5,1.2373082e-5,0.006,2.6799205e-7,2.6799205e-7,1.2105089949999999e-5,1.2105089949999999e-5,0.09280145828243103
100uM,PYO,transfer,SWV,11,198.66666666666666,-0.272,100,i1,1.4402242e-6,1.4402242e-6,0.026,3.3860567e-7,3.3860567e-7,1.1016185299999998e-6,197.21666666666667,1.6499999999999886,soak,SWVfast.txt,194.83333333333334,-0.278,1.2373082e-5,1.2373082e-5,0.006,2.6799205e-7,2.6799205e-7,1.2105089949999999e-5,1.2105089949999999e-5,0.09100457200650541
100uM,PYO,transfer,SWV,12,198.8,-0.276,100,i1,1.4329189e-6,1.4329189e-6,-0.004,3.292059e-7,3.292059e-7,1.103713e-6,197.21666666666667,1.7833333333333428,soak,SWVfast.txt,194.83333333333334,-0.278,1.2373082e-5,1.2373082e-5,0.006,2.6799205e-7,2.6799205e-7,1.2105089949999999e-5,1.2105089949999999e-5,0.0911775959169969
100uM,PYO,transfer,SWV,13,198.95,-0.286,100,i1,1.4071766e-6,1.4071766e-6,0.005,3.3771516e-7,3.3771516e-7,1.06946144e-6,197.21666666666667,1.93333333333332,soak,SWVfast.txt,194.83333333333334,-0.278,1.2373082e-5,1.2373082e-5,0.006,2.6799205e-7,2.6799205e-7,1.2105089949999999e-5,1.2105089949999999e-5,0.08834807873525963
100uM,PYO,transfer,SWV,14,199.08333333333334,-0.284,100,i1,1.3910487e-6,1.3910487e-6,-0.005,3.3425209e-7,3.3425209e-7,1.05679661e-6,197.21666666666667,2.0666666666666744,soak,SWVfast.txt,194.83333333333334,-0.278,1.2373082e-5,1.2373082e-5,0.006,2.6799205e-7,2.6799205e-7,1.2105089949999999e-5,1.2105089949999999e-5,0.0873018386782
100uM,PYO,transfer,SWV,15,199.23333333333332,-0.275,100,i1,1.376108e-6,1.376108e-6,0.016,3.381769e-7,3.381769e-7,1.0379311e-6,197.21666666666667,2.2166666666666517,soak,SWVfast.txt,194.83333333333334,-0.278,1.2373082e-5,1.2373082e-5,0.006,2.6799205e-7,2.6799205e-7,1.2105089949999999e-5,1.2105089949999999e-5,0.08574336120484591
100uM,PYO,transfer,SWV,16,199.38333333333333,-0.285,100,i1,1.3642511e-6,1.3642511e-6,-0.018,3.3238859e-7,3.3238859e-7,1.03186251e-6,197.21666666666667,2.3666666666666574,soak,SWVfast.txt,194.83333333333334,-0.278,1.2373082e-5,1.2373082e-5,0.006,2.6799205e-7,2.6799205e-7,1.2105089949999999e-5,1.2105089949999999e-5,0.08524203572729339
100uM,PYO,transfer,SWV,17,199.51666666666668,-0.279,100,i1,1.3584794e-6,1.3584794e-6,0.01,3.3321317e-7,3.3321317e-7,1.02526623e-6,197.21666666666667,2.5000000000000115,soak,SWVfast.txt,194.83333333333334,-0.278,1.2373082e-5,1.2373082e-5,0.006,2.6799205e-7,2.6799205e-7,1.2105089949999999e-5,1.2105089949999999e-5,0.08469711784339118
100uM,PYO,transfer,SWV,18,199.66666666666666,-0.276,100,i1,1.33841e-6,1.33841e-6,-0.014,3.3289984e-7,3.3289984e-7,1.00551016e-6,197.21666666666667,2.649999999999989,soak,SWVfast.txt,194.83333333333334,-0.278,1.2373082e-5,1.2373082e-5,0.006,2.6799205e-7,2.6799205e-7,1.2105089949999999e-5,1.2105089949999999e-5,0.08306507131737588
100uM,PYO,transfer,SWV,19,199.81666666666666,-0.279,100,i1,1.3385089e-6,1.3385089e-6,-0.01,3.3756675e-7,3.3756675e-7,1.00094215e-6,197.21666666666667,2.7999999999999945,soak,SWVfast.txt,194.83333333333334,-0.278,1.2373082e-5,1.2373082e-5,0.006,2.6799205e-7,2.6799205e-7,1.2105089949999999e-5,1.2105089949999999e-5,0.08268770857006313
100uM,PYO,transfer,SWV,2,197.36666666666667,-0.275,100,i1,3.4336817e-6,3.4336817e-6,0.009,3.4596053e-7,3.4596053e-7,3.08772117e-6,197.21666666666667,0.3500000000000057,soak,SWVfast.txt,194.83333333333334,-0.278,1.2373082e-5,1.2373082e-5,0.006,2.6799205e-7,2.6799205e-7,1.2105089949999999e-5,1.2105089949999999e-5,0.255076268144542
100uM,PYO,transfer,SWV,20,199.95,-0.275,100,i1,1.3282188e-6,1.3282188e-6,0.011,3.3733585e-7,3.3733585e-7,9.9088295e-7,197.21666666666667,2.9333333333333202,soak,SWVfast.txt,194.83333333333334,-0.278,1.2373082e-5,1.2373082e-5,0.006,2.6799205e-7,2.6799205e-7,1.2105089949999999e-5,1.2105089949999999e-5,0.08185671928856672
100uM,PYO,transfer,SWV,21,200.1,-0.278,100,i1,1.3099469e-6,1.3099469e-6,-0.016,3.3740184e-7,3.3740184e-7,9.7254506e-7,197.21666666666667,3.083333333333326,soak,SWVfast.txt,194.83333333333334,-0.278,1.2373082e-5,1.2373082e-5,0.006,2.6799205e-7,2.6799205e-7,1.2105089949999999e-5,1.2105089949999999e-5,0.08034182843887087
100uM,PYO,transfer,SWV,22,200.25,-0.276,100,i1,1.3023116e-6,1.3023116e-6,-0.021,3.354229e-7,3.354229e-7,9.668886999999999e-7,197.21666666666667,3.2333333333333316,soak,SWVfast.txt,194.83333333333334,-0.278,1.2373082e-5,1.2373082e-5,0.006,2.6799205e-7,2.6799205e-7,1.2105089949999999e-5,1.2105089949999999e-5,0.07987455723119183
100uM,PYO,transfer,SWV,23,200.38333333333333,-0.274,100,i1,1.3123711e-6,1.3123711e-6,-0.007,3.327844e-7,3.327844e-7,9.795867e-7,197.21666666666667,3.3666666666666574,soak,SWVfast.txt,194.83333333333334,-0.278,1.2373082e-5,1.2373082e-5,0.006,2.6799205e-7,2.6799205e-7,1.2105089949999999e-5,1.2105089949999999e-5,0.08092353745789391
100uM,PYO,transfer,SWV,24,200.53333333333333,-0.281,100,i1,1.2881791e-6,1.2881791e-6,0.014,3.3446645e-7,3.3446645e-7,9.5371265e-7,197.21666666666667,3.516666666666663,soak,SWVfast.txt,194.83333333333334,-0.278,1.2373082e-5,1.2373082e-5,0.006,2.6799205e-7,2.6799205e-7,1.2105089949999999e-5,1.2105089949999999e-5,0.0787860853524678
100uM,PYO,transfer,SWV,25,200.68333333333334,-0.294,100,i1,1.2885253e-6,1.2885253e-6,-0.015,3.276063e-7,3.276063e-7,9.609189999999999e-7,197.21666666666667,3.6666666666666687,soak,SWVfast.txt,194.83333333333334,-0.278,1.2373082e-5,1.2373082e-5,0.006,2.6799205e-7,2.6799205e-7,1.2105089949999999e-5,1.2105089949999999e-5,0.07938140104444247
100uM,PYO,transfer,SWV,26,200.81666666666666,-0.273,100,i1,1.2716553e-6,1.2716553e-6,-0.018,3.3934771e-7,3.3934771e-7,9.323075900000002e-7,197.21666666666667,3.7999999999999945,soak,SWVfast.txt,194.83333333333334,-0.278,1.2373082e-5,1.2373082e-5,0.006,2.6799205e-7,2.6799205e-7,1.2105089949999999e-5,1.2105089949999999e-5,0.07701781596426718
100uM,PYO,transfer,SWV,27,200.96666666666667,-0.288,100,i1,1.2776414e-6,1.2776414e-6,-0.014,3.4142556e-7,3.4142556e-7,9.362158400000001e-7,197.21666666666667,3.95,soak,SWVfast.txt,194.83333333333334,-0.278,1.2373082e-5,1.2373082e-5,0.006,2.6799205e-7,2.6799205e-7,1.2105089949999999e-5,1.2105089949999999e-5,0.07734067601868586
100uM,PYO,transfer,SWV,28,201.1,-0.296,100,i1,1.2791916e-6,1.2791916e-6,-0.017,3.3817687e-7,3.3817687e-7,9.4101473e-7,197.21666666666667,4.083333333333326,soak,SWVfast.txt,194.83333333333334,-0.278,1.2373082e-5,1.2373082e-5,0.006,2.6799205e-7,2.6799205e-7,1.2105089949999999e-5,1.2105089949999999e-5,0.07773711173455594
100uM,PYO,transfer,SWV,29,201.25,-0.288,100,i1,1.2633109e-6,1.2633109e-6,-0.007,3.3045919e-7,3.3045919e-7,9.3285171e-7,197.21666666666667,4.233333333333332,soak,SWVfast.txt,194.83333333333334,-0.278,1.2373082e-5,1.2373082e-5,0.006,2.6799205e-7,2.6799205e-7,1.2105089949999999e-5,1.2105089949999999e-5,0.07706276565090704
100uM,PYO,transfer,SWV,3,197.5,-0.278,100,i1,2.643591e-6,2.643591e-6,-0.001,3.4686755e-7,3.4686755e-7,2.29672345e-6,197.21666666666667,0.48333333333333145,soak,SWVfast.txt,194.83333333333334,-0.278,1.2373082e-5,1.2373082e-5,0.006,2.6799205e-7,2.6799205e-7,1.2105089949999999e-5,1.2105089949999999e-5,0.1897320432550772
100uM,PYO,transfer,SWV,30,201.4,-0.289,100,i1,1.285392e-6,1.285392e-6,-0.029,3.3629692e-7,3.3629692e-7,9.4909508e-7,197.21666666666667,4.383333333333337,soak,SWVfast.txt,194.83333333333334,-0.278,1.2373082e-5,1.2373082e-5,0.006,2.6799205e-7,2.6799205e-7,1.2105089949999999e-5,1.2105089949999999e-5,0.07840462845961753
100uM,PYO,transfer,SWV,31,201.53333333333333,-0.299,100,i1,1.2547357e-6,1.2547357e-6,-0.001,3.2196641e-7,3.2196641e-7,9.3276929e-7,197.21666666666667,4.516666666666663,soak,SWVfast.txt,194.83333333333334,-0.278,1.2373082e-5,1.2373082e-5,0.006,2.6799205e-7,2.6799205e-7,1.2105089949999999e-5,1.2105089949999999e-5,0.07705595694478917
100uM,PYO,transfer,SWV,32,201.68333333333334,-0.281,100,i1,1.2423345e-6,1.2423345e-6,-0.016,3.3261949e-7,3.3261949e-7,9.0971501e-7,197.21666666666667,4.666666666666669,soak,SWVfast.txt,194.83333333333334,-0.278,1.2373082e-5,1.2373082e-5,0.006,2.6799205e-7,2.6799205e-7,1.2105089949999999e-5,1.2105089949999999e-5,0.07515144569413135
100uM,PYO,transfer,SWV,33,201.83333333333334,-0.274,100,i1,1.2439837e-6,1.2439837e-6,-0.007,3.3374084e-7,3.3374084e-7,9.1024286e-7,197.21666666666667,4.816666666666674,soak,SWVfast.txt,194.83333333333334,-0.278,1.2373082e-5,1.2373082e-5,0.006,2.6799205e-7,2.6799205e-7,1.2105089949999999e-5,1.2105089949999999e-5,0.07519505131806146
100uM,PYO,transfer,SWV,34,201.96666666666667,-0.277,100,i1,1.2501182e-6,1.2501182e-6,-0.01,3.3712149e-7,3.3712149e-7,9.129967100000001e-7,197.21666666666667,4.95,soak,SWVfast.txt,194.83333333333334,-0.278,1.2373082e-5,1.2373082e-5,0.006,2.6799205e-7,2.6799205e-7,1.2105089949999999e-5,1.2105089949999999e-5,0.0754225465296935
100uM,PYO,transfer,SWV,35,202.11666666666667,-0.287,100,i1,1.246045e-6,1.246045e-6,-0.023,3.3738533e-7,3.3738533e-7,9.0865967e-7,197.21666666666667,5.100000000000006,soak,SWVfast.txt,194.83333333333334,-0.278,1.2373082e-5,1.2373082e-5,0.006,2.6799205e-7,2.6799205e-7,1.2105089949999999e-5,1.2105089949999999e-5,0.07506426418582707
100uM,PYO,transfer,SWV,36,202.26666666666668,-0.279,100,i1,1.2461276e-6,1.2461276e-6,-0.002,3.3827584e-7,3.3827584e-7,9.078517599999999e-7,197.21666666666667,5.2500000000000115,soak,SWVfast.txt,194.83333333333334,-0.278,1.2373082e-5,1.2373082e-5,0.006,2.6799205e-7,2.6799205e-7,1.2105089949999999e-5,1.2105089949999999e-5,0.0749975228395556
100uM,PYO,transfer,SWV,37,202.4,-0.282,100,i1,1.222628e-6,1.222628e-6,-0.003,3.3438403e-7,3.3438403e-7,8.882439700000001e-7,197.21666666666667,5.383333333333337,soak,SWVfast.txt,194.83333333333334,-0.278,1.2373082e-5,1.2373082e-5,0.006,2.6799205e-7,2.6799205e-7,1.2105089949999999e-5,1.2105089949999999e-5,0.07337772570620181
100uM,PYO,transfer,SWV,38,202.55,-0.289,100,i1,1.2283668e-6,1.2283668e-6,-0.01,3.3690708e-7,3.3690708e-7,8.914597200000001e-7,197.21666666666667,5.533333333333343,soak,SWVfast.txt,194.83333333333334,-0.278,1.2373082e-5,1.2373082e-5,0.006,2.6799205e-7,2.6799205e-7,1.2105089949999999e-5,1.2105089949999999e-5,0.07364337842033138
100uM,PYO,transfer,SWV,39,202.7,-0.28,100,i1,1.2257779e-6,1.2257779e-6,0.006,3.3860567e-7,3.3860567e-7,8.8717223e-7,197.21666666666667,5.68333333333332,soak,SWVfast.txt,194.83333333333334,-0.278,1.2373082e-5,1.2373082e-5,0.006,2.6799205e-7,2.6799205e-7,1.2105089949999999e-5,1.2105089949999999e-5,0.07328918939590368
100uM,PYO,transfer,SWV,4,197.65,-0.276,100,i1,2.2090749e-6,2.2090749e-6,0.008,3.3853968e-7,3.3853968e-7,1.8705352200000002e-6,197.21666666666667,0.6333333333333371,soak,SWVfast.txt,194.83333333333334,-0.278,1.2373082e-5,1.2373082e-5,0.006,2.6799205e-7,2.6799205e-7,1.2105089949999999e-5,1.2105089949999999e-5,0.15452468570875844
100uM,PYO,transfer,SWV,40,202.83333333333334,-0.293,100,i1,1.224475e-6,1.224475e-6,0.01,3.3952915e-7,3.3952915e-7,8.849458500000001e-7,197.21666666666667,5.816666666666674,soak,SWVfast.txt,194.83333333333334,-0.278,1.2373082e-5,1.2373082e-5,0.006,2.6799205e-7,2.6799205e-7,1.2105089949999999e-5,1.2105089949999999e-5,0.07310526841644825
100uM,PYO,transfer,SWV,41,202.98333333333332,-0.286,100,i1,1.2215562e-6,1.2215562e-6,-0.029,3.3769865e-7,3.3769865e-7,8.838575500000001e-7,197.21666666666667,5.966666666666652,soak,SWVfast.txt,194.83333333333334,-0.278,1.2373082e-5,1.2373082e-5,0.006,2.6799205e-7,2.6799205e-7,1.2105089949999999e-5,1.2105089949999999e-5,0.07301536408657584
100uM,PYO,transfer,SWV,42,203.11666666666667,-0.274,100,i1,1.2109526e-6,1.2109526e-6,-0.019,3.3824284e-7,3.3824284e-7,8.7270976e-7,197.21666666666667,6.100000000000006,soak,SWVfast.txt,194.83333333333334,-0.278,1.2373082e-5,1.2373082e-5,0.006,2.6799205e-7,2.6799205e-7,1.2105089949999999e-5,1.2105089949999999e-5,0.07209444651834249
100uM,PYO,transfer,SWV,43,203.26666666666668,-0.289,100,i1,1.2132778e-6,1.2132778e-6,-0.015,3.378141e-7,3.378141e-7,8.754637000000001e-7,197.21666666666667,6.2500000000000115,soak,SWVfast.txt,194.83333333333334,-0.278,1.2373082e-5,1.2373082e-5,0.006,2.6799205e-7,2.6799205e-7,1.2105089949999999e-5,1.2105089949999999e-5,0.07232194916486351
100uM,PYO,transfer,SWV,44,203.41666666666666,-0.295,100,i1,1.2083965e-6,1.2083965e-6,0.013,3.4109576e-7,3.4109576e-7,8.6730074e-7,197.21666666666667,6.399999999999989,soak,SWVfast.txt,194.83333333333334,-0.278,1.2373082e-5,1.2373082e-5,0.006,2.6799205e-7,2.6799205e-7,1.2105089949999999e-5,1.2105089949999999e-5,0.07164760803780727
100uM,PYO,transfer,SWV,45,203.55,-0.276,100,i1,1.209287e-6,1.209287e-6,-0,3.3792952e-7,3.3792952e-7,8.713574800000001e-7,197.21666666666667,6.533333333333343,soak,SWVfast.txt,194.83333333333334,-0.278,1.2373082e-5,1.2373082e-5,0.006,2.6799205e-7,2.6799205e-7,1.2105089949999999e-5,1.2105089949999999e-5,0.07198273483296175
100uM,PYO,transfer,SWV,46,203.7,-0.29,100,i1,1.2110186e-6,1.2110186e-6,0.008,3.4040312e-7,3.4040312e-7,8.7061548e-7,197.21666666666667,6.68333333333332,soak,SWVfast.txt,194.83333333333334,-0.278,1.2373082e-5,1.2373082e-5,0.006,2.6799205e-7,2.6799205e-7,1.2105089949999999e-5,1.2105089949999999e-5,0.07192143830372777
100uM,PYO,transfer,SWV,47,203.85,-0.286,100,i1,1.2144817e-6,1.2144817e-6,-0.007,3.3138269e-7,3.3138269e-7,8.830990100000001e-7,197.21666666666667,6.833333333333326,soak,SWVfast.txt,194.83333333333334,-0.278,1.2373082e-5,1.2373082e-5,0.006,2.6799205e-7,2.6799205e-7,1.2105089949999999e-5,1.2105089949999999e-5,0.07295270118996515
100uM,PYO,transfer,SWV,48,203.98333333333332,-0.289,100,i1,1.2001676e-6,1.2001676e-6,0.009,3.3540644e-7,3.3540644e-7,8.647611599999999e-7,197.21666666666667,6.966666666666652,soak,SWVfast.txt,194.83333333333334,-0.278,1.2373082e-5,1.2373082e-5,0.006,2.6799205e-7,2.6799205e-7,1.2105089949999999e-5,1.2105089949999999e-5,0.07143781364466441
100uM,PYO,transfer,SWV,49,204.13333333333333,-0.29,100,i1,1.2063022e-6,1.2063022e-6,0.001,3.3835829e-7,3.3835829e-7,8.679439099999999e-7,197.21666666666667,7.116666666666657,soak,SWVfast.txt,194.83333333333334,-0.278,1.2373082e-5,1.2373082e-5,0.006,2.6799205e-7,2.6799205e-7,1.2105089949999999e-5,1.2105089949999999e-5,0.07170074023283074
100uM,PYO,transfer,SWV,5,197.8,-0.282,100,i1,1.8922372e-6,1.8922372e-6,-0.003,3.4018876e-7,3.4018876e-7,1.5520484399999999e-6,197.21666666666667,0.7833333333333428,soak,SWVfast.txt,194.83333333333334,-0.278,1.2373082e-5,1.2373082e-5,0.006,2.6799205e-7,2.6799205e-7,1.2105089949999999e-5,1.2105089949999999e-5,0.1282145317722319
100uM,PYO,transfer,SWV,50,204.28333333333333,-0.283,100,i1,1.2020146e-6,1.2020146e-6,-0.007,3.3383981e-7,3.3383981e-7,8.681747899999999e-7,197.21666666666667,7.266666666666663,soak,SWVfast.txt,194.83333333333334,-0.278,1.2373082e-5,1.2373082e-5,0.006,2.6799205e-7,2.6799205e-7,1.2105089949999999e-5,1.2105089949999999e-5,0.07171981320138807
100uM,PYO,transfer,SWV,6,197.93333333333334,-0.278,100,i1,1.7300995e-6,1.7300995e-6,0.001,3.3512609e-7,3.3512609e-7,1.39497341e-6,197.21666666666667,0.9166666666666685,soak,SWVfast.txt,194.83333333333334,-0.278,1.2373082e-5,1.2373082e-5,0.006,2.6799205e-7,2.6799205e-7,1.2105089949999999e-5,1.2105089949999999e-5,0.11523858275832145
100uM,PYO,transfer,SWV,7,198.08333333333334,-0.282,100,i1,1.6115307e-6,1.6115307e-6,0.014,3.408154e-7,3.408154e-7,1.2707153e-6,197.21666666666667,1.0666666666666742,soak,SWVfast.txt,194.83333333333334,-0.278,1.2373082e-5,1.2373082e-5,0.006,2.6799205e-7,2.6799205e-7,1.2105089949999999e-5,1.2105089949999999e-5,0.10497363549124226
100uM,PYO,transfer,SWV,8,198.23333333333332,-0.274,100,i1,1.5471835e-6,1.5471835e-6,0.005,3.3764917e-7,3.3764917e-7,1.20953433e-6,197.21666666666667,1.2166666666666515,soak,SWVfast.txt,194.83333333333334,-0.278,1.2373082e-5,1.2373082e-5,0.006,2.6799205e-7,2.6799205e-7,1.2105089949999999e-5,1.2105089949999999e-5,0.09991948304357706
100uM,PYO,transfer,SWV,9,198.36666666666667,-0.279,100,i1,1.5231399e-6,1.5231399e-6,-0,3.351096e-7,3.351096e-7,1.1880303e-6,197.21666666666667,1.3500000000000056,soak,SWVfast.txt,194.83333333333334,-0.278,1.2373082e-5,1.2373082e-5,0.006,2.6799205e-7,2.6799205e-7,1.2105089949999999e-5,1.2105089949999999e-5,0.09814303775578305
10uM,PYO,transfer,SWV,1,77.28333333333333,-0.296,10,i1,7.5224443e-7,7.5224443e-7,-0.199,4.1015923e-7,4.1015923e-7,3.420852e-7,77.28333333333333,0.2,soak,SWVfast.txt,72.4,-0.284,2.1487845e-6,2.1487845e-6,-0.007,1.4836775e-7,1.4836775e-7,2.0004167500000003e-6,2.0004167500000003e-6,0.17100696642337151
10uM,PYO,transfer,SWV,10,78.58333333333333,-0.298,10,i1,7.5362971e-7,7.5362971e-7,-0.189,4.1116516e-7,4.1116516e-7,3.4246454999999995e-7,77.28333333333333,1.4999999999999971,soak,SWVfast.txt,72.4,-0.284,2.1487845e-6,2.1487845e-6,-0.007,1.4836775e-7,1.4836775e-7,2.0004167500000003e-6,2.0004167500000003e-6,0.17119660190807734
10uM,PYO,transfer,SWV,11,80.35,-0.29,10,i1,7.4894626e-7,7.4894626e-7,-0.2,3.630945e-7,3.630945e-7,3.8585176e-7,77.28333333333333,3.266666666666663,soak,SWVfast.txt,72.4,-0.284,2.1487845e-6,2.1487845e-6,-0.007,1.4836775e-7,1.4836775e-7,2.0004167500000003e-6,2.0004167500000003e-6,0.19288568744487863
10uM,PYO,transfer,SWV,12,80.5,-0.296,10,i1,8.0170037e-7,8.0170037e-7,-0.187,3.8228978e-7,3.8228978e-7,4.1941058999999994e-7,77.28333333333333,3.4166666666666687,soak,SWVfast.txt,72.4,-0.284,2.1487845e-6,2.1487845e-6,-0.007,1.4836775e-7,1.4836775e-7,2.0004167500000003e-6,2.0004167500000003e-6,0.20966160676269074
10uM,PYO,transfer,SWV,13,80.63333333333334,-0.3,10,i1,8.0107372e-7,8.0107372e-7,-0.196,3.8852329e-7,3.8852329e-7,4.1255043e-7,77.28333333333333,3.5500000000000087,soak,SWVfast.txt,72.4,-0.284,2.1487845e-6,2.1487845e-6,-0.007,1.4836775e-7,1.4836775e-7,2.0004167500000003e-6,2.0004167500000003e-6,0.20623224135670726
10uM,PYO,transfer,SWV,14,80.78333333333333,-0.287,10,i1,7.3847457e-7,7.3847457e-7,-0.197,3.6974029e-7,3.6974029e-7,3.6873427999999996e-7,77.28333333333333,3.7,soak,SWVfast.txt,72.4,-0.284,2.1487845e-6,2.1487845e-6,-0.007,1.4836775e-7,1.4836775e-7,2.0004167500000003e-6,2.0004167500000003e-6,0.18432873050078186
10uM,PYO,transfer,SWV,15,80.93333333333334,-0.293,10,i1,7.5318439e-7,7.5318439e-7,-0.172,3.8461499e-7,3.8461499e-7,3.6856939999999997e-7,77.28333333333333,3.850000000000006,soak,SWVfast.txt,72.4,-0.284,2.1487845e-6,2.1487845e-6,-0.007,1.4836775e-7,1.4836775e-7,2.0004167500000003e-6,2.0004167500000003e-6,0.18424630767563804
10uM,PYO,transfer,SWV,16,81.06666666666666,-0.297,10,i1,7.309053e-7,7.309053e-7,-0.166,3.9472383e-7,3.9472383e-7,3.3618147e-7,77.28333333333333,3.9833333333333316,soak,SWVfast.txt,72.4,-0.284,2.1487845e-6,2.1487845e-6,-0.007,1.4836775e-7,1.4836775e-7,2.0004167500000003e-6,2.0004167500000003e-6,0.1680557163900972
10uM,PYO,transfer,SWV,17,81.21666666666667,-0.287,10,i1,7.2373183e-7,7.2373183e-7,-0.173,3.9774164e-7,3.9774164e-7,3.2599019e-7,77.28333333333333,4.133333333333337,soak,SWVfast.txt,72.4,-0.284,2.1487845e-6,2.1487845e-6,-0.007,1.4836775e-7,1.4836775e-7,2.0004167500000003e-6,2.0004167500000003e-6,0.1629611379728749
10uM,PYO,transfer,SWV,18,81.36666666666666,-0.298,10,i1,7.4825368e-7,7.4825368e-7,-0.172,3.8870471e-7,3.8870471e-7,3.5954897e-7,77.28333333333333,4.283333333333329,soak,SWVfast.txt,72.4,-0.284,2.1487845e-6,2.1487845e-6,-0.007,1.4836775e-7,1.4836775e-7,2.0004167500000003e-6,2.0004167500000003e-6,0.1797370322958953
10uM,PYO,transfer,SWV,19,81.5,-0.297,10,i1,7.486824e-7,7.486824e-7,-0.183,3.8311433e-7,3.8311433e-7,3.6556807000000005e-7,77.28333333333333,4.416666666666669,soak,SWVfast.txt,72.4,-0.284,2.1487845e-6,2.1487845e-6,-0.007,1.4836775e-7,1.4836775e-7,2.0004167500000003e-6,2.0004167500000003e-6,0.18274595531156196
10uM,PYO,transfer,SWV,2,77.43333333333334,-0.296,10,i1,7.9116273e-7,7.9116273e-7,-0.182,4.4236577e-7,4.4236577e-7,3.4879695999999993e-7,77.28333333333333,0.3500000000000057,soak,SWVfast.txt,72.4,-0.284,2.1487845e-6,2.1487845e-6,-0.007,1.4836775e-7,1.4836775e-7,2.0004167500000003e-6,2.0004167500000003e-6,0.1743621472875589
10uM,PYO,transfer,SWV,20,81.65,-0.292,10,i1,7.4198715e-7,7.4198715e-7,-0.178,3.65799e-7,3.65799e-7,3.7618815000000005e-7,77.28333333333333,4.566666666666674,soak,SWVfast.txt,72.4,-0.284,2.1487845e-6,2.1487845e-6,-0.007,1.4836775e-7,1.4836775e-7,2.0004167500000003e-6,2.0004167500000003e-6,0.1880548890624916
10uM,PYO,transfer,SWV,3,77.58333333333333,-0.297,10,i1,7.9851759e-7,7.9851759e-7,-0.183,4.146942e-7,4.146942e-7,3.8382339e-7,77.28333333333333,0.49999999999999717,soak,SWVfast.txt,72.4,-0.284,2.1487845e-6,2.1487845e-6,-0.007,1.4836775e-7,1.4836775e-7,2.0004167500000003e-6,2.0004167500000003e-6,0.19187171373165116
10uM,PYO,transfer,SWV,4,77.71666666666667,-0.292,10,i1,7.9101432e-7,7.9101432e-7,-0.188,4.326692e-7,4.326692e-7,3.5834512e-7,77.28333333333333,0.6333333333333371,soak,SWVfast.txt,72.4,-0.284,2.1487845e-6,2.1487845e-6,-0.007,1.4836775e-7,1.4836775e-7,2.0004167500000003e-6,2.0004167500000003e-6,0.17913523269588696
10uM,PYO,transfer,SWV,5,77.86666666666666,-0.298,10,i1,7.9647282e-7,7.9647282e-7,-0.177,4.2831562e-7,4.2831562e-7,3.681572e-7,77.28333333333333,0.7833333333333286,soak,SWVfast.txt,72.4,-0.284,2.1487845e-6,2.1487845e-6,-0.007,1.4836775e-7,1.4836775e-7,2.0004167500000003e-6,2.0004167500000003e-6,0.18404025061277854
10uM,PYO,transfer,SWV,6,78.01666666666667,-0.299,10,i1,7.598137e-7,7.598137e-7,-0.19,4.0306821e-7,4.0306821e-7,3.5674548999999996e-7,77.28333333333333,0.9333333333333342,soak,SWVfast.txt,72.4,-0.284,2.1487845e-6,2.1487845e-6,-0.007,1.4836775e-7,1.4836775e-7,2.0004167500000003e-6,2.0004167500000003e-6,0.17833558432261673
10uM,PYO,transfer,SWV,7,78.15,-0.3,10,i1,8.133099e-7,8.133099e-7,-0.167,4.3601682e-7,4.3601682e-7,3.7729308e-7,77.28333333333333,1.0666666666666742,soak,SWVfast.txt,72.4,-0.284,2.1487845e-6,2.1487845e-6,-0.007,1.4836775e-7,1.4836775e-7,2.0004167500000003e-6,2.0004167500000003e-6,0.18860723896658033
10uM,PYO,transfer,SWV,8,78.3,-0.295,10,i1,7.4566458e-7,7.4566458e-7,-0.193,4.1294618e-7,4.1294618e-7,3.3271839999999994e-7,77.28333333333333,1.2166666666666657,soak,SWVfast.txt,72.4,-0.284,2.1487845e-6,2.1487845e-6,-0.007,1.4836775e-7,1.4836775e-7,2.0004167500000003e-6,2.0004167500000003e-6,0.16632454212353495
10uM,PYO,transfer,SWV,9,78.45,-0.296,10,i1,7.7063169e-7,7.7063169e-7,-0.175,4.2531428e-7,4.2531428e-7,3.4531740999999995e-7,77.28333333333333,1.3666666666666714,soak,SWVfast.txt,72.4,-0.284,2.1487845e-6,2.1487845e-6,-0.007,1.4836775e-7,1.4836775e-7,2.0004167500000003e-6,2.0004167500000003e-6,0.172622734737649
25uM,PYO,transfer,SWV,1,124.95,-0.286,25,i1,1.7534999e-6,1.7534999e-6,-0.021,2.809868e-7,2.809868e-7,1.4725131e-6,124.95,0.2,soak,SWVfast.txt,101.13333333333334,-0.279,4.1033732e-6,4.1033732e-6,-0.021,2.0412315e-7,2.0412315e-7,3.89925005e-6,3.89925005e-6,0.3776400797891892
25uM,PYO,transfer,SWV,10,126.25,-0.299,25,i1,1.1284822e-6,1.1284822e-6,-0.01,3.3926528e-7,3.3926528e-7,7.892169200000001e-7,124.95,1.4999999999999971,soak,SWVfast.txt,101.13333333333334,-0.279,4.1033732e-6,4.1033732e-6,-0.021,2.0412315e-7,2.0412315e-7,3.89925005e-6,3.89925005e-6,0.20240223373209934
25uM,PYO,transfer,SWV,11,126.38333333333334,-0.295,25,i1,1.1120737e-6,1.1120737e-6,-0.035,3.4815383e-7,3.4815383e-7,7.639198700000001e-7,124.95,1.633333333333337,soak,SWVfast.txt,101.13333333333334,-0.279,4.1033732e-6,4.1033732e-6,-0.021,2.0412315e-7,2.0412315e-7,3.89925005e-6,3.89925005e-6,0.19591456310938563
25uM,PYO,transfer,SWV,12,126.53333333333333,-0.296,25,i1,1.1304115e-6,1.1304115e-6,-0.005,3.499843e-7,3.499843e-7,7.804272e-7,124.95,1.7833333333333286,soak,SWVfast.txt,101.13333333333334,-0.279,4.1033732e-6,4.1033732e-6,-0.021,2.0412315e-7,2.0412315e-7,3.89925005e-6,3.89925005e-6,0.200148025900519
25uM,PYO,transfer,SWV,13,126.66666666666667,-0.29,25,i1,1.1189669e-6,1.1189669e-6,0.001,3.483517e-7,3.483517e-7,7.706152e-7,124.95,1.9166666666666685,soak,SWVfast.txt,101.13333333333334,-0.279,4.1033732e-6,4.1033732e-6,-0.021,2.0412315e-7,2.0412315e-7,3.89925005e-6,3.89925005e-6,0.19763164457739762
25uM,PYO,transfer,SWV,14,126.81666666666666,-0.289,25,i1,1.1014042e-6,1.1014042e-6,-0.024,3.440806e-7,3.440806e-7,7.573236e-7,124.95,2.06666666666666,soak,SWVfast.txt,101.13333333333334,-0.279,4.1033732e-6,4.1033732e-6,-0.021,2.0412315e-7,2.0412315e-7,3.89925005e-6,3.89925005e-6,0.19422288652660272
25uM,PYO,transfer,SWV,15,126.96666666666667,-0.297,25,i1,1.1191812e-6,1.1191812e-6,-0.025,3.5476666e-7,3.5476666e-7,7.644145400000001e-7,124.95,2.216666666666666,soak,SWVfast.txt,101.13333333333334,-0.279,4.1033732e-6,4.1033732e-6,-0.021,2.0412315e-7,2.0412315e-7,3.89925005e-6,3.89925005e-6,0.19604142596600083
25uM,PYO,transfer,SWV,16,127.1,-0.299,25,i1,1.0986173e-6,1.0986173e-6,-0.027,3.5113865e-7,3.5113865e-7,7.474786500000001e-7,124.95,2.3499999999999917,soak,SWVfast.txt,101.13333333333334,-0.279,4.1033732e-6,4.1033732e-6,-0.021,2.0412315e-7,2.0412315e-7,3.89925005e-6,3.89925005e-6,0.1916980548605751
25uM,PYO,transfer,SWV,17,127.25,-0.291,25,i1,1.0940988e-6,1.0940988e-6,-0.019,3.5310106e-7,3.5310106e-7,7.409977399999999e-7,124.95,2.4999999999999973,soak,SWVfast.txt,101.13333333333334,-0.279,4.1033732e-6,4.1033732e-6,-0.021,2.0412315e-7,2.0412315e-7,3.89925005e-6,3.89925005e-6,0.1900359634540493
25uM,PYO,transfer,SWV,18,127.4,-0.294,25,i1,1.0905203e-6,1.0905203e-6,-0.02,3.6039e-7,3.6039e-7,7.301302999999999e-7,124.95,2.650000000000003,soak,SWVfast.txt,101.13333333333334,-0.279,4.1033732e-6,4.1033732e-6,-0.021,2.0412315e-7,2.0412315e-7,3.89925005e-6,3.89925005e-6,0.18724890443997044
25uM,PYO,transfer,SWV,19,127.53333333333333,-0.294,25,i1,1.0878323e-6,1.0878323e-6,-0.022,3.5120462e-7,3.5120462e-7,7.366276800000001e-7,124.95,2.7833333333333288,soak,SWVfast.txt,101.13333333333334,-0.279,4.1033732e-6,4.1033732e-6,-0.021,2.0412315e-7,2.0412315e-7,3.89925005e-6,3.89925005e-6,0.1889152197356515
25uM,PYO,transfer,SWV,2,125.08333333333333,-0.283,25,i1,1.437091e-6,1.437091e-6,-0.016,3.2503374e-7,3.2503374e-7,1.1120572599999999e-6,124.95,0.33333333333332577,soak,SWVfast.txt,101.13333333333334,-0.279,4.1033732e-6,4.1033732e-6,-0.021,2.0412315e-7,2.0412315e-7,3.89925005e-6,3.89925005e-6,0.2851977292402676
25uM,PYO,transfer,SWV,20,127.68333333333334,-0.29,25,i1,1.0945935e-6,1.0945935e-6,-0.021,3.5001727e-7,3.5001727e-7,7.4457623e-7,124.95,2.9333333333333345,soak,SWVfast.txt,101.13333333333334,-0.279,4.1033732e-6,4.1033732e-6,-0.021,2.0412315e-7,2.0412315e-7,3.89925005e-6,3.89925005e-6,0.19095370146882476
25uM,PYO,transfer,SWV,21,127.83333333333333,-0.297,25,i1,1.0859522e-6,1.0859522e-6,-0.023,3.508253e-7,3.508253e-7,7.351269000000001e-7,124.95,3.083333333333326,soak,SWVfast.txt,101.13333333333334,-0.279,4.1033732e-6,4.1033732e-6,-0.021,2.0412315e-7,2.0412315e-7,3.89925005e-6,3.89925005e-6,0.1885303303387789
25uM,PYO,transfer,SWV,22,127.96666666666667,-0.294,25,i1,1.080329e-6,1.080329e-6,-0.01,3.6088471e-7,3.6088471e-7,7.1944429e-7,124.95,3.216666666666666,soak,SWVfast.txt,101.13333333333334,-0.279,4.1033732e-6,4.1033732e-6,-0.021,2.0412315e-7,2.0412315e-7,3.89925005e-6,3.89925005e-6,0.18450837488608868
25uM,PYO,transfer,SWV,23,128.11666666666667,-0.297,25,i1,1.0832478e-6,1.0832478e-6,-0.018,3.5080885e-7,3.5080885e-7,7.3243895e-7,124.95,3.3666666666666716,soak,SWVfast.txt,101.13333333333334,-0.279,4.1033732e-6,4.1033732e-6,-0.021,2.0412315e-7,2.0412315e-7,3.89925005e-6,3.89925005e-6,0.1878409798314935
25uM,PYO,transfer,SWV,24,128.26666666666668,-0.283,25,i1,1.0674992e-6,1.0674992e-6,-0.023,3.549975e-7,3.549975e-7,7.125017e-7,124.95,3.5166666666666773,soak,SWVfast.txt,101.13333333333334,-0.279,4.1033732e-6,4.1033732e-6,-0.021,2.0412315e-7,2.0412315e-7,3.89925005e-6,3.89925005e-6,0.18272788122423694
25uM,PYO,transfer,SWV,25,128.4,-0.296,25,i1,1.08554e-6,1.08554e-6,-0.029,3.5720728e-7,3.5720728e-7,7.283327200000001e-7,124.95,3.650000000000003,soak,SWVfast.txt,101.13333333333334,-0.279,4.1033732e-6,4.1033732e-6,-0.021,2.0412315e-7,2.0412315e-7,3.89925005e-6,3.89925005e-6,0.18678789784204788
25uM,PYO,transfer,SWV,26,128.55,-0.295,25,i1,1.0666581e-6,1.0666581e-6,-0.025,3.641664e-7,3.641664e-7,7.024917e-7,124.95,3.8000000000000087,soak,SWVfast.txt,101.13333333333334,-0.279,4.1033732e-6,4.1033732e-6,-0.021,2.0412315e-7,2.0412315e-7,3.89925005e-6,3.89925005e-6,0.18016072090580598
25uM,PYO,transfer,SWV,27,128.7,-0.294,25,i1,1.0700882e-6,1.0700882e-6,-0.027,3.5976333e-7,3.5976333e-7,7.103248699999999e-7,124.95,3.949999999999986,soak,SWVfast.txt,101.13333333333334,-0.279,4.1033732e-6,4.1033732e-6,-0.021,2.0412315e-7,2.0412315e-7,3.89925005e-6,3.89925005e-6,0.18216961233353063
25uM,PYO,transfer,SWV,28,128.83333333333334,-0.294,25,i1,1.0734688e-6,1.0734688e-6,-0.017,3.5847705e-7,3.5847705e-7,7.149917500000001e-7,124.95,4.08333333333334,soak,SWVfast.txt,101.13333333333334,-0.279,4.1033732e-6,4.1033732e-6,-0.021,2.0412315e-7,2.0412315e-7,3.89925005e-6,3.89925005e-6,0.18336647838216993
25uM,PYO,transfer,SWV,29,128.98333333333332,-0.297,25,i1,1.0798342e-6,1.0798342e-6,-0.035,3.5527785e-7,3.5527785e-7,7.2455635e-7,124.95,4.233333333333317,soak,SWVfast.txt,101.13333333333334,-0.279,4.1033732e-6,4.1033732e-6,-0.021,2.0412315e-7,2.0412315e-7,3.89925005e-6,3.89925005e-6,0.18581941160711146
25uM,PYO,transfer,SWV,3,125.23333333333333,-0.286,25,i1,1.2679448e-6,1.2679448e-6,-0.012,3.2694663e-7,3.2694663e-7,9.409981700000001e-7,124.95,0.48333333333333145,soak,SWVfast.txt,101.13333333333334,-0.279,4.1033732e-6,4.1033732e-6,-0.021,2.0412315e-7,2.0412315e-7,3.89925005e-6,3.89925005e-6,0.2413279881858308
25uM,PYO,transfer,SWV,30,129.11666666666667,-0.298,25,i1,1.069742e-6,1.069742e-6,-0.036,3.6132997e-7,3.6132997e-7,7.0841203e-7,124.95,4.366666666666672,soak,SWVfast.txt,101.13333333333334,-0.279,4.1033732e-6,4.1033732e-6,-0.021,2.0412315e-7,2.0412315e-7,3.89925005e-6,3.89925005e-6,0.18167904620530811
25uM,PYO,transfer,SWV,31,129.26666666666668,-0.292,25,i1,1.076668e-6,1.076668e-6,-0.011,3.6474358e-7,3.6474358e-7,7.1192442e-7,124.95,4.516666666666677,soak,SWVfast.txt,101.13333333333334,-0.279,4.1033732e-6,4.1033732e-6,-0.021,2.0412315e-7,2.0412315e-7,3.89925005e-6,3.89925005e-6,0.18257983224235644
25uM,PYO,transfer,SWV,32,129.41666666666666,-0.298,25,i1,1.0682082e-6,1.0682082e-6,-0.031,3.6009317e-7,3.6009317e-7,7.081150300000001e-7,124.95,4.6666666666666545,soak,SWVfast.txt,101.13333333333334,-0.279,4.1033732e-6,4.1033732e-6,-0.021,2.0412315e-7,2.0412315e-7,3.89925005e-6,3.89925005e-6,0.18160287771234374
25uM,PYO,transfer,SWV,33,129.55,-0.29,25,i1,1.0569945e-6,1.0569945e-6,-0.016,3.5951598e-7,3.5951598e-7,6.974785199999999e-7,124.95,4.800000000000009,soak,SWVfast.txt,101.13333333333334,-0.279,4.1033732e-6,4.1033732e-6,-0.021,2.0412315e-7,2.0412315e-7,3.89925005e-6,3.89925005e-6,0.17887504290728928
25uM,PYO,transfer,SWV,34,129.7,-0.294,25,i1,1.0653553e-6,1.0653553e-6,-0.034,3.6245135e-7,3.6245135e-7,7.0290395e-7,124.95,4.949999999999986,soak,SWVfast.txt,101.13333333333334,-0.279,4.1033732e-6,4.1033732e-6,-0.021,2.0412315e-7,2.0412315e-7,3.89925005e-6,3.89925005e-6,0.18026644636447464
25uM,PYO,transfer,SWV,35,129.85,-0.29,25,i1,1.0500519e-6,1.0500519e-6,-0.035,3.6197312e-7,3.6197312e-7,6.880787799999999e-7,124.95,5.099999999999992,soak,SWVfast.txt,101.13333333333334,-0.279,4.1033732e-6,4.1033732e-6,-0.021,2.0412315e-7,2.0412315e-7,3.89925005e-6,3.89925005e-6,0.17646438960743233
25uM,PYO,transfer,SWV,36,129.98333333333332,-0.299,25,i1,1.0544384e-6,1.0544384e-6,-0.034,3.6459517e-7,3.6459517e-7,6.8984323e-7,124.95,5.233333333333317,soak,SWVfast.txt,101.13333333333334,-0.279,4.1033732e-6,4.1033732e-6,-0.021,2.0412315e-7,2.0412315e-7,3.89925005e-6,3.89925005e-6,0.17691689969972557
25uM,PYO,transfer,SWV,37,130.13333333333333,-0.288,25,i1,1.0681753e-6,1.0681753e-6,-0.038,3.6650806e-7,3.6650806e-7,7.0166724e-7,124.95,5.383333333333323,soak,SWVfast.txt,101.13333333333334,-0.279,4.1033732e-6,4.1033732e-6,-0.021,2.0412315e-7,2.0412315e-7,3.89925005e-6,3.89925005e-6,0.17994928024685156
25uM,PYO,transfer,SWV,38,130.28333333333333,-0.287,25,i1,1.0457642e-6,1.0457642e-6,-0.025,3.6096716e-7,3.6096716e-7,6.8479704e-7,124.95,5.533333333333329,soak,SWVfast.txt,101.13333333333334,-0.279,4.1033732e-6,4.1033732e-6,-0.021,2.0412315e-7,2.0412315e-7,3.89925005e-6,3.89925005e-6,0.17562275597072827
25uM,PYO,transfer,SWV,39,130.41666666666666,-0.293,25,i1,1.0486336e-6,1.0486336e-6,-0.026,3.5837812e-7,3.5837812e-7,6.902554799999998e-7,124.95,5.6666666666666545,soak,SWVfast.txt,101.13333333333334,-0.279,4.1033732e-6,4.1033732e-6,-0.021,2.0412315e-7,2.0412315e-7,3.89925005e-6,3.89925005e-6,0.1770226251583942
25uM,PYO,transfer,SWV,4,125.38333333333334,-0.284,25,i1,1.1961604e-6,1.1961604e-6,-0.02,3.2999745e-7,3.2999745e-7,8.6616295e-7,124.95,0.6333333333333371,soak,SWVfast.txt,101.13333333333334,-0.279,4.1033732e-6,4.1033732e-6,-0.021,2.0412315e-7,2.0412315e-7,3.89925005e-6,3.89925005e-6,0.22213577967383755
25uM,PYO,transfer,SWV,40,130.56666666666666,-0.293,25,i1,1.0533006e-6,1.0533006e-6,-0.014,3.7099358e-7,3.7099358e-7,6.823070200000001e-7,124.95,5.81666666666666,soak,SWVfast.txt,101.13333333333334,-0.279,4.1033732e-6,4.1033732e-6,-0.021,2.0412315e-7,2.0412315e-7,3.89925005e-6,3.89925005e-6,0.1749841665065825
25uM,PYO,transfer,SWV,41,130.71666666666667,-0.3,25,i1,1.0537128e-6,1.0537128e-6,-0.038,3.6802524e-7,3.6802524e-7,6.8568756e-7,124.95,5.966666666666666,soak,SWVfast.txt,101.13333333333334,-0.279,4.1033732e-6,4.1033732e-6,-0.021,2.0412315e-7,2.0412315e-7,3.89925005e-6,3.89925005e-6,0.1758511383490269
25uM,PYO,transfer,SWV,42,130.85,-0.299,25,i1,1.0432907e-6,1.0432907e-6,-0.032,3.6281415e-7,3.6281415e-7,6.804765499999999e-7,124.95,6.099999999999992,soak,SWVfast.txt,101.13333333333334,-0.279,4.1033732e-6,4.1033732e-6,-0.021,2.0412315e-7,2.0412315e-7,3.89925005e-6,3.89925005e-6,0.17451472495332787
25uM,PYO,transfer,SWV,43,131,-0.295,25,i1,1.0474628e-6,1.0474628e-6,-0.035,3.5603642e-7,3.5603642e-7,6.9142638e-7,124.95,6.249999999999997,soak,SWVfast.txt,101.13333333333334,-0.279,4.1033732e-6,4.1033732e-6,-0.021,2.0412315e-7,2.0412315e-7,3.89925005e-6,3.89925005e-6,0.17732291367156616
25uM,PYO,transfer,SWV,44,131.15,-0.298,25,i1,1.0531686e-6,1.0531686e-6,-0.029,3.6403446e-7,3.6403446e-7,6.8913414e-7,124.95,6.400000000000003,soak,SWVfast.txt,101.13333333333334,-0.279,4.1033732e-6,4.1033732e-6,-0.021,2.0412315e-7,2.0412315e-7,3.89925005e-6,3.89925005e-6,0.17673504678162405
25uM,PYO,transfer,SWV,45,131.28333333333333,-0.295,25,i1,1.0449726e-6,1.0449726e-6,-0.035,3.6520532e-7,3.6520532e-7,6.797672800000001e-7,124.95,6.533333333333329,soak,SWVfast.txt,101.13333333333334,-0.279,4.1033732e-6,4.1033732e-6,-0.021,2.0412315e-7,2.0412315e-7,3.89925005e-6,3.89925005e-6,0.1743328258725034
25uM,PYO,transfer,SWV,46,131.43333333333334,-0.295,25,i1,1.0543889e-6,1.0543889e-6,-0.04,3.6723367e-7,3.6723367e-7,6.8715523e-7,124.95,6.6833333333333345,soak,SWVfast.txt,101.13333333333334,-0.279,4.1033732e-6,4.1033732e-6,-0.021,2.0412315e-7,2.0412315e-7,3.89925005e-6,3.89925005e-6,0.17622753636946162
25uM,PYO,transfer,SWV,47,131.56666666666666,-0.287,25,i1,1.0429443e-6,1.0429443e-6,-0.01,3.6728315e-7,3.6728315e-7,6.7566115e-7,124.95,6.81666666666666,soak,SWVfast.txt,101.13333333333334,-0.279,4.1033732e-6,4.1033732e-6,-0.021,2.0412315e-7,2.0412315e-7,3.89925005e-6,3.89925005e-6,0.17327976952901497
25uM,PYO,transfer,SWV,48,131.71666666666667,-0.3,25,i1,1.0490294e-6,1.0490294e-6,-0.028,3.6690386e-7,3.6690386e-7,6.821255399999999e-7,124.95,6.966666666666666,soak,SWVfast.txt,101.13333333333334,-0.279,4.1033732e-6,4.1033732e-6,-0.021,2.0412315e-7,2.0412315e-7,3.89925005e-6,3.89925005e-6,0.17493762422340672
25uM,PYO,transfer,SWV,49,131.86666666666667,-0.292,25,i1,1.0261401e-6,1.0261401e-6,-0.03,3.5667958e-7,3.5667958e-7,6.6946052e-7,124.95,7.116666666666672,soak,SWVfast.txt,101.13333333333334,-0.279,4.1033732e-6,4.1033732e-6,-0.021,2.0412315e-7,2.0412315e-7,3.89925005e-6,3.89925005e-6,0.1716895586114053
25uM,PYO,transfer,SWV,5,125.51666666666667,-0.281,25,i1,1.1737e-6,1.1737e-6,-0.033,3.3713798e-7,3.3713798e-7,8.3656202e-7,124.95,0.7666666666666628,soak,SWVfast.txt,101.13333333333334,-0.279,4.1033732e-6,4.1033732e-6,-0.021,2.0412315e-7,2.0412315e-7,3.89925005e-6,3.89925005e-6,0.21454433782721888
25uM,PYO,transfer,SWV,50,132,-0.291,25,i1,1.0437524e-6,1.0437524e-6,-0.029,3.6340782e-7,3.6340782e-7,6.8034458e-7,124.95,7.249999999999997,soak,SWVfast.txt,101.13333333333334,-0.279,4.1033732e-6,4.1033732e-6,-0.021,2.0412315e-7,2.0412315e-7,3.89925005e-6,3.89925005e-6,0.1744808799835753
25uM,PYO,transfer,SWV,6,125.66666666666667,-0.288,25,i1,1.1506457e-6,1.1506457e-6,-0.035,3.3947964e-7,3.3947964e-7,8.111660600000001e-7,124.95,0.9166666666666685,soak,SWVfast.txt,101.13333333333334,-0.279,4.1033732e-6,4.1033732e-6,-0.021,2.0412315e-7,2.0412315e-7,3.89925005e-6,3.89925005e-6,0.20803130078821186
25uM,PYO,transfer,SWV,7,125.81666666666666,-0.285,25,i1,1.1499037e-6,1.1499037e-6,-0.006,3.3379035e-7,3.3379035e-7,8.1611335e-7,124.95,1.06666666666666,soak,SWVfast.txt,101.13333333333334,-0.279,4.1033732e-6,4.1033732e-6,-0.021,2.0412315e-7,2.0412315e-7,3.89925005e-6,3.89925005e-6,0.2093000806655116
25uM,PYO,transfer,SWV,8,125.95,-0.298,25,i1,1.1301312e-6,1.1301312e-6,-0.019,3.3408719e-7,3.3408719e-7,7.960440100000001e-7,124.95,1.2,soak,SWVfast.txt,101.13333333333334,-0.279,4.1033732e-6,4.1033732e-6,-0.021,2.0412315e-7,2.0412315e-7,3.89925005e-6,3.89925005e-6,0.2041531063133538
25uM,PYO,transfer,SWV,9,126.1,-0.282,25,i1,1.1367605e-6,1.1367605e-6,-0.013,3.4614195e-7,3.4614195e-7,7.9061855e-7,124.95,1.3499999999999914,soak,SWVfast.txt,101.13333333333334,-0.279,4.1033732e-6,4.1033732e-6,-0.021,2.0412315e-7,2.0412315e-7,3.89925005e-6,3.89925005e-6,0.20276169516238127
50uM,PYO,transfer,SWV,1,148.45,-0.282,50,i1,3.123457e-6,3.123457e-6,0.011,3.0824609e-7,3.0824609e-7,2.81521091e-6,148.45,0.2,soak,SWVfast.txt,145.85,-0.28,6.9212392e-6,6.9212392e-6,0.004,2.3339433e-7,2.3339433e-7,6.68784487e-6,6.68784487e-6,0.420944409555361
50uM,PYO,transfer,SWV,10,149.75,-0.271,50,i1,1.3039278e-6,1.3039278e-6,-0.016,3.5054501e-7,3.5054501e-7,9.5338279e-7,148.45,1.5000000000000113,soak,SWVfast.txt,145.85,-0.28,6.9212392e-6,6.9212392e-6,0.004,2.3339433e-7,2.3339433e-7,6.68784487e-6,6.68784487e-6,0.14255456107790968
50uM,PYO,transfer,SWV,11,149.9,-0.283,50,i1,1.289894e-6,1.289894e-6,0.001,3.4637281e-7,3.4637281e-7,9.435211899999999e-7,148.45,1.650000000000017,soak,SWVfast.txt,145.85,-0.28,6.9212392e-6,6.9212392e-6,0.004,2.3339433e-7,2.3339433e-7,6.68784487e-6,6.68784487e-6,0.14108000534408327
50uM,PYO,transfer,SWV,12,150.05,-0.285,50,i1,1.2832484e-6,1.2832484e-6,0.011,3.4807135e-7,3.4807135e-7,9.351770500000001e-7,148.45,1.8000000000000227,soak,SWVfast.txt,145.85,-0.28,6.9212392e-6,6.9212392e-6,0.004,2.3339433e-7,2.3339433e-7,6.68784487e-6,6.68784487e-6,0.13983234781580695
50uM,PYO,transfer,SWV,13,150.18333333333334,-0.274,50,i1,1.266774e-6,1.266774e-6,-0.019,3.5008327e-7,3.5008327e-7,9.1669073e-7,148.45,1.9333333333333484,soak,SWVfast.txt,145.85,-0.28,6.9212392e-6,6.9212392e-6,0.004,2.3339433e-7,2.3339433e-7,6.68784487e-6,6.68784487e-6,0.1370681808293798
50uM,PYO,transfer,SWV,14,150.33333333333334,-0.294,50,i1,1.2598148e-6,1.2598148e-6,-0.013,3.5339787e-7,3.5339787e-7,9.064169300000001e-7,148.45,2.0833333333333544,soak,SWVfast.txt,145.85,-0.28,6.9212392e-6,6.9212392e-6,0.004,2.3339433e-7,2.3339433e-7,6.68784487e-6,6.68784487e-6,0.13553199089081144
50uM,PYO,transfer,SWV,15,150.46666666666667,-0.29,50,i1,1.2556591e-6,1.2556591e-6,-0.011,3.4584508e-7,3.4584508e-7,9.0981402e-7,148.45,2.21666666666668,soak,SWVfast.txt,145.85,-0.28,6.9212392e-6,6.9212392e-6,0.004,2.3339433e-7,2.3339433e-7,6.68784487e-6,6.68784487e-6,0.1360399407709348
50uM,PYO,transfer,SWV,16,150.61666666666667,-0.294,50,i1,1.2319784e-6,1.2319784e-6,-0.001,3.4579563e-7,3.4579563e-7,8.861827700000001e-7,148.45,2.366666666666686,soak,SWVfast.txt,145.85,-0.28,6.9212392e-6,6.9212392e-6,0.004,2.3339433e-7,2.3339433e-7,6.68784487e-6,6.68784487e-6,0.13250647812947852
50uM,PYO,transfer,SWV,17,150.76666666666668,-0.279,50,i1,1.2363485e-6,1.2363485e-6,-0.005,3.4648826e-7,3.4648826e-7,8.898602400000001e-7,148.45,2.5166666666666915,soak,SWVfast.txt,145.85,-0.28,6.9212392e-6,6.9212392e-6,0.004,2.3339433e-7,2.3339433e-7,6.68784487e-6,6.68784487e-6,0.13305635182892633
50uM,PYO,transfer,SWV,18,150.9,-0.283,50,i1,1.2303128e-6,1.2303128e-6,-0.014,3.4299219e-7,3.4299219e-7,8.8732061e-7,148.45,2.6500000000000172,soak,SWVfast.txt,145.85,-0.28,6.9212392e-6,6.9212392e-6,0.004,2.3339433e-7,2.3339433e-7,6.68784487e-6,6.68784487e-6,0.13267661365476618
50uM,PYO,transfer,SWV,19,151.05,-0.281,50,i1,1.2305768e-6,1.2305768e-6,-0.021,3.4777452e-7,3.4777452e-7,8.828022800000001e-7,148.45,2.800000000000023,soak,SWVfast.txt,145.85,-0.28,6.9212392e-6,6.9212392e-6,0.004,2.3339433e-7,2.3339433e-7,6.68784487e-6,6.68784487e-6,0.13200101036434478
50uM,PYO,transfer,SWV,2,148.6,-0.275,50,i1,2.2380823e-6,2.2380823e-6,-0.013,3.34351e-7,3.34351e-7,1.9037313e-6,148.45,0.3500000000000057,soak,SWVfast.txt,145.85,-0.28,6.9212392e-6,6.9212392e-6,0.004,2.3339433e-7,2.3339433e-7,6.68784487e-6,6.68784487e-6,0.2846554214407189
50uM,PYO,transfer,SWV,20,151.2,-0.279,50,i1,1.2206162e-6,1.2206162e-6,-0.015,3.4508653e-7,3.4508653e-7,8.7552967e-7,148.45,2.95,soak,SWVfast.txt,145.85,-0.28,6.9212392e-6,6.9212392e-6,0.004,2.3339433e-7,2.3339433e-7,6.68784487e-6,6.68784487e-6,0.1309135733586476
50uM,PYO,transfer,SWV,21,151.33333333333334,-0.28,50,i1,1.2135087e-6,1.2135087e-6,-0.018,3.5699293e-7,3.5699293e-7,8.565157699999999e-7,148.45,3.0833333333333544,soak,SWVfast.txt,145.85,-0.28,6.9212392e-6,6.9212392e-6,0.004,2.3339433e-7,2.3339433e-7,6.68784487e-6,6.68784487e-6,0.12807051997305074
50uM,PYO,transfer,SWV,22,151.48333333333332,-0.281,50,i1,1.2062362e-6,1.2062362e-6,-0.021,3.5033059e-7,3.5033059e-7,8.5590561e-7,148.45,3.2333333333333316,soak,SWVfast.txt,145.85,-0.28,6.9212392e-6,6.9212392e-6,0.004,2.3339433e-7,2.3339433e-7,6.68784487e-6,6.68784487e-6,0.1279792857994327
50uM,PYO,transfer,SWV,23,151.63333333333333,-0.298,50,i1,1.2003654e-6,1.2003654e-6,-0.012,3.4851664e-7,3.4851664e-7,8.518487600000001e-7,148.45,3.3833333333333373,soak,SWVfast.txt,145.85,-0.28,6.9212392e-6,6.9212392e-6,0.004,2.3339433e-7,2.3339433e-7,6.68784487e-6,6.68784487e-6,0.12737268530572243
50uM,PYO,transfer,SWV,24,151.76666666666668,-0.287,50,i1,1.1982052e-6,1.1982052e-6,-0.006,3.5514591e-7,3.5514591e-7,8.4305929e-7,148.45,3.5166666666666915,soak,SWVfast.txt,145.85,-0.28,6.9212392e-6,6.9212392e-6,0.004,2.3339433e-7,2.3339433e-7,6.68784487e-6,6.68784487e-6,0.12605843980947484
50uM,PYO,transfer,SWV,25,151.91666666666666,-0.287,50,i1,1.1894485e-6,1.1894485e-6,0.004,3.5028114e-7,3.5028114e-7,8.391673599999999e-7,148.45,3.6666666666666687,soak,SWVfast.txt,145.85,-0.28,6.9212392e-6,6.9212392e-6,0.004,2.3339433e-7,2.3339433e-7,6.68784487e-6,6.68784487e-6,0.12547649897866126
50uM,PYO,transfer,SWV,26,152.05,-0.28,50,i1,1.1908833e-6,1.1908833e-6,-0.008,3.5110565e-7,3.5110565e-7,8.3977765e-7,148.45,3.800000000000023,soak,SWVfast.txt,145.85,-0.28,6.9212392e-6,6.9212392e-6,0.004,2.3339433e-7,2.3339433e-7,6.68784487e-6,6.68784487e-6,0.1255677525905292
50uM,PYO,transfer,SWV,27,152.2,-0.291,50,i1,1.1757447e-6,1.1757447e-6,0.014,3.5321648e-7,3.5321648e-7,8.225282199999999e-7,148.45,3.95,soak,SWVfast.txt,145.85,-0.28,6.9212392e-6,6.9212392e-6,0.004,2.3339433e-7,2.3339433e-7,6.68784487e-6,6.68784487e-6,0.12298853158057775
50uM,PYO,transfer,SWV,28,152.35,-0.289,50,i1,1.1767506e-6,1.1767506e-6,-0.017,3.4533389e-7,3.4533389e-7,8.3141671e-7,148.45,4.100000000000006,soak,SWVfast.txt,145.85,-0.28,6.9212392e-6,6.9212392e-6,0.004,2.3339433e-7,2.3339433e-7,6.68784487e-6,6.68784487e-6,0.12431758304226337
50uM,PYO,transfer,SWV,29,152.48333333333332,-0.296,50,i1,1.1817144e-6,1.1817144e-6,0.002,3.4449289e-7,3.4449289e-7,8.3722151e-7,148.45,4.233333333333332,soak,SWVfast.txt,145.85,-0.28,6.9212392e-6,6.9212392e-6,0.004,2.3339433e-7,2.3339433e-7,6.68784487e-6,6.68784487e-6,0.12518554575862942
50uM,PYO,transfer,SWV,3,148.75,-0.28,50,i1,1.874361e-6,1.874361e-6,-0.006,3.3661024e-7,3.3661024e-7,1.53775076e-6,148.45,0.5000000000000113,soak,SWVfast.txt,145.85,-0.28,6.9212392e-6,6.9212392e-6,0.004,2.3339433e-7,2.3339433e-7,6.68784487e-6,6.68784487e-6,0.22993218142633143
50uM,PYO,transfer,SWV,30,152.63333333333333,-0.288,50,i1,1.1565164e-6,1.1565164e-6,-0.021,3.5371121e-7,3.5371121e-7,8.0280519e-7,148.45,4.383333333333337,soak,SWVfast.txt,145.85,-0.28,6.9212392e-6,6.9212392e-6,0.004,2.3339433e-7,2.3339433e-7,6.68784487e-6,6.68784487e-6,0.12003944553217485
50uM,PYO,transfer,SWV,31,152.78333333333333,-0.291,50,i1,1.1591715e-6,1.1591715e-6,-0.019,3.5639925e-7,3.5639925e-7,8.0277225e-7,148.45,4.533333333333343,soak,SWVfast.txt,145.85,-0.28,6.9212392e-6,6.9212392e-6,0.004,2.3339433e-7,2.3339433e-7,6.68784487e-6,6.68784487e-6,0.12003452017869547
50uM,PYO,transfer,SWV,32,152.91666666666666,-0.287,50,i1,1.1644486e-6,1.1644486e-6,0.002,3.5511295e-7,3.5511295e-7,8.0933565e-7,148.45,4.666666666666669,soak,SWVfast.txt,145.85,-0.28,6.9212392e-6,6.9212392e-6,0.004,2.3339433e-7,2.3339433e-7,6.68784487e-6,6.68784487e-6,0.12101591255958662
50uM,PYO,transfer,SWV,33,153.06666666666666,-0.293,50,i1,1.1688846e-6,1.1688846e-6,-0.026,3.5592097e-7,3.5592097e-7,8.1296363e-7,148.45,4.816666666666674,soak,SWVfast.txt,145.85,-0.28,6.9212392e-6,6.9212392e-6,0.004,2.3339433e-7,2.3339433e-7,6.68784487e-6,6.68784487e-6,0.12155838626681542
50uM,PYO,transfer,SWV,34,153.21666666666667,-0.294,50,i1,1.1555765e-6,1.1555765e-6,-0.015,3.5418947e-7,3.5418947e-7,8.0138703e-7,148.45,4.96666666666668,soak,SWVfast.txt,145.85,-0.28,6.9212392e-6,6.9212392e-6,0.004,2.3339433e-7,2.3339433e-7,6.68784487e-6,6.68784487e-6,0.11982739515906266
50uM,PYO,transfer,SWV,35,153.35,-0.295,50,i1,1.1614306e-6,1.1614306e-6,-0.021,3.4652123e-7,3.4652123e-7,8.1490937e-7,148.45,5.100000000000006,soak,SWVfast.txt,145.85,-0.28,6.9212392e-6,6.9212392e-6,0.004,2.3339433e-7,2.3339433e-7,6.68784487e-6,6.68784487e-6,0.12184932303909735
50uM,PYO,transfer,SWV,36,153.5,-0.29,50,i1,1.1570112e-6,1.1570112e-6,-0.03,3.5369476e-7,3.5369476e-7,8.033164400000001e-7,148.45,5.2500000000000115,soak,SWVfast.txt,145.85,-0.28,6.9212392e-6,6.9212392e-6,0.004,2.3339433e-7,2.3339433e-7,6.68784487e-6,6.68784487e-6,0.12011589018810481
50uM,PYO,transfer,SWV,37,153.65,-0.291,50,i1,1.15899e-6,1.15899e-6,-0.019,3.544863e-7,3.544863e-7,8.045037e-7,148.45,5.400000000000017,soak,SWVfast.txt,145.85,-0.28,6.9212392e-6,6.9212392e-6,0.004,2.3339433e-7,2.3339433e-7,6.68784487e-6,6.68784487e-6,0.12029341523886154
50uM,PYO,transfer,SWV,38,153.78333333333333,-0.293,50,i1,1.160161e-6,1.160161e-6,0.005,3.5090778e-7,3.5090778e-7,8.0925322e-7,148.45,5.533333333333343,soak,SWVfast.txt,145.85,-0.28,6.9212392e-6,6.9212392e-6,0.004,2.3339433e-7,2.3339433e-7,6.68784487e-6,6.68784487e-6,0.12100358721388822
50uM,PYO,transfer,SWV,39,153.93333333333334,-0.284,50,i1,1.1507282e-6,1.1507282e-6,-0.017,3.4723035e-7,3.4723035e-7,8.0349785e-7,148.45,5.683333333333349,soak,SWVfast.txt,145.85,-0.28,6.9212392e-6,6.9212392e-6,0.004,2.3339433e-7,2.3339433e-7,6.68784487e-6,6.68784487e-6,0.12014301551824123
50uM,PYO,transfer,SWV,4,148.88333333333333,-0.277,50,i1,1.6870092e-6,1.6870092e-6,-0.012,3.3694008e-7,3.3694008e-7,1.35006912e-6,148.45,0.6333333333333371,soak,SWVfast.txt,145.85,-0.28,6.9212392e-6,6.9212392e-6,0.004,2.3339433e-7,2.3339433e-7,6.68784487e-6,6.68784487e-6,0.2018690843228246
50uM,PYO,transfer,SWV,40,154.06666666666666,-0.292,50,i1,1.164696e-6,1.164696e-6,-0.02,3.6320992e-7,3.6320992e-7,8.0148608e-7,148.45,5.816666666666674,soak,SWVfast.txt,145.85,-0.28,6.9212392e-6,6.9212392e-6,0.004,2.3339433e-7,2.3339433e-7,6.68784487e-6,6.68784487e-6,0.11984220561025064
50uM,PYO,transfer,SWV,41,154.21666666666667,-0.284,50,i1,1.1317637e-6,1.1317637e-6,-0.015,3.4597704e-7,3.4597704e-7,7.8578666e-7,148.45,5.96666666666668,soak,SWVfast.txt,145.85,-0.28,6.9212392e-6,6.9212392e-6,0.004,2.3339433e-7,2.3339433e-7,6.68784487e-6,6.68784487e-6,0.11749474984457885
50uM,PYO,transfer,SWV,42,154.36666666666667,-0.284,50,i1,1.1409492e-6,1.1409492e-6,-0.01,3.5394208e-7,3.5394208e-7,7.870071199999999e-7,148.45,6.116666666666686,soak,SWVfast.txt,145.85,-0.28,6.9212392e-6,6.9212392e-6,0.004,2.3339433e-7,2.3339433e-7,6.68784487e-6,6.68784487e-6,0.1176772391253148
50uM,PYO,transfer,SWV,43,154.5,-0.28,50,i1,1.1284986e-6,1.1284986e-6,-0.03,3.6142893e-7,3.6142893e-7,7.670696700000001e-7,148.45,6.2500000000000115,soak,SWVfast.txt,145.85,-0.28,6.9212392e-6,6.9212392e-6,0.004,2.3339433e-7,2.3339433e-7,6.68784487e-6,6.68784487e-6,0.11469609192654616
50uM,PYO,transfer,SWV,44,154.65,-0.285,50,i1,1.1436866e-6,1.1436866e-6,-0.006,3.4629036e-7,3.4629036e-7,7.973962400000001e-7,148.45,6.400000000000017,soak,SWVfast.txt,145.85,-0.28,6.9212392e-6,6.9212392e-6,0.004,2.3339433e-7,2.3339433e-7,6.68784487e-6,6.68784487e-6,0.119230672286811
50uM,PYO,transfer,SWV,45,154.8,-0.285,50,i1,1.1315988e-6,1.1315988e-6,-0.008,3.6235241e-7,3.6235241e-7,7.692463899999999e-7,148.45,6.550000000000023,soak,SWVfast.txt,145.85,-0.28,6.9212392e-6,6.9212392e-6,0.004,2.3339433e-7,2.3339433e-7,6.68784487e-6,6.68784487e-6,0.11502156598318344
50uM,PYO,transfer,SWV,46,154.93333333333334,-0.292,50,i1,1.1373377e-6,1.1373377e-6,-0.008,3.5537681e-7,3.5537681e-7,7.819608900000001e-7,148.45,6.683333333333349,soak,SWVfast.txt,145.85,-0.28,6.9212392e-6,6.9212392e-6,0.004,2.3339433e-7,2.3339433e-7,6.68784487e-6,6.68784487e-6,0.11692270158772389
50uM,PYO,transfer,SWV,47,155.08333333333334,-0.283,50,i1,1.1288944e-6,1.1288944e-6,-0.021,3.512211e-7,3.512211e-7,7.776732999999999e-7,148.45,6.833333333333354,soak,SWVfast.txt,145.85,-0.28,6.9212392e-6,6.9212392e-6,0.004,2.3339433e-7,2.3339433e-7,6.68784487e-6,6.68784487e-6,0.116281599695658
50uM,PYO,transfer,SWV,48,155.23333333333332,-0.291,50,i1,1.1336602e-6,1.1336602e-6,-0.041,3.6419937e-7,3.6419937e-7,7.694608300000001e-7,148.45,6.983333333333332,soak,SWVfast.txt,145.85,-0.28,6.9212392e-6,6.9212392e-6,0.004,2.3339433e-7,2.3339433e-7,6.68784487e-6,6.68784487e-6,0.11505363012404923
50uM,PYO,transfer,SWV,49,155.36666666666667,-0.289,50,i1,1.1346661e-6,1.1346661e-6,-0.029,3.6184119e-7,3.6184119e-7,7.7282491e-7,148.45,7.116666666666686,soak,SWVfast.txt,145.85,-0.28,6.9212392e-6,6.9212392e-6,0.004,2.3339433e-7,2.3339433e-7,6.68784487e-6,6.68784487e-6,0.11555664418394322
50uM,PYO,transfer,SWV,5,149.03333333333333,-0.272,50,i1,1.5334138e-6,1.5334138e-6,-0.01,3.4299222e-7,3.4299222e-7,1.19042158e-6,148.45,0.7833333333333428,soak,SWVfast.txt,145.85,-0.28,6.9212392e-6,6.9212392e-6,0.004,2.3339433e-7,2.3339433e-7,6.68784487e-6,6.68784487e-6,0.17799778600426777
50uM,PYO,transfer,SWV,50,155.51666666666668,-0.291,50,i1,1.1211107e-6,1.1211107e-6,-0.012,3.5755357e-7,3.5755357e-7,7.6355713e-7,148.45,7.2666666666666915,soak,SWVfast.txt,145.85,-0.28,6.9212392e-6,6.9212392e-6,0.004,2.3339433e-7,2.3339433e-7,6.68784487e-6,6.68784487e-6,0.11417087938524507
50uM,PYO,transfer,SWV,6,149.18333333333334,-0.276,50,i1,1.4454023e-6,1.4454023e-6,0.001,3.4856609e-7,3.4856609e-7,1.09683621e-6,148.45,0.9333333333333484,soak,SWVfast.txt,145.85,-0.28,6.9212392e-6,6.9212392e-6,0.004,2.3339433e-7,2.3339433e-7,6.68784487e-6,6.68784487e-6,0.16400443361360445
50uM,PYO,transfer,SWV,7,149.31666666666666,-0.271,50,i1,1.3774272e-6,1.3774272e-6,-0.006,3.5024817e-7,3.5024817e-7,1.02717903e-6,148.45,1.0666666666666742,soak,SWVfast.txt,145.85,-0.28,6.9212392e-6,6.9212392e-6,0.004,2.3339433e-7,2.3339433e-7,6.68784487e-6,6.68784487e-6,0.1535889438177115
50uM,PYO,transfer,SWV,8,149.46666666666667,-0.286,50,i1,1.3498711e-6,1.3498711e-6,-0.031,3.510562e-7,3.510562e-7,9.988149e-7,148.45,1.2166666666666799,soak,SWVfast.txt,145.85,-0.28,6.9212392e-6,6.9212392e-6,0.004,2.3339433e-7,2.3339433e-7,6.68784487e-6,6.68784487e-6,0.1493477972972181
50uM,PYO,transfer,SWV,9,149.61666666666667,-0.287,50,i1,1.3348975e-6,1.3348975e-6,-0.013,3.4698297e-7,3.4698297e-7,9.879145299999999e-7,148.45,1.3666666666666856,soak,SWVfast.txt,145.85,-0.28,6.9212392e-6,6.9212392e-6,0.004,2.3339433e-7,2.3339433e-7,6.68784487e-6,6.68784487e-6,0.147717919479792
75uM,PYO,transfer,SWV,1,176.06666666666666,-0.275,75,i1,3.1111713e-6,3.1111713e-6,-0.003,3.5140249e-7,3.5140249e-7,2.75976881e-6,176.06666666666666,0.2,soak,SWVfast.txt,174.08333333333334,-0.278,9.5987689e-6,9.5987689e-6,-0.013,2.6179148e-7,2.6179148e-7,9.33697742e-6,9.33697742e-6,0.2955741120342133
75uM,PYO,transfer,SWV,10,177.35,-0.286,75,i1,1.3748382e-6,1.3748382e-6,0.007,3.4467425e-7,3.4467425e-7,1.03016395e-6,176.06666666666666,1.4833333333333314,soak,SWVfast.txt,174.08333333333334,-0.278,9.5987689e-6,9.5987689e-6,-0.013,2.6179148e-7,2.6179148e-7,9.33697742e-6,9.33697742e-6,0.11033163128287826
75uM,PYO,transfer,SWV,11,177.5,-0.282,75,i1,1.3631297e-6,1.3631297e-6,-0.018,3.3850671e-7,3.3850671e-7,1.02462299e-6,176.06666666666666,1.633333333333337,soak,SWVfast.txt,174.08333333333334,-0.278,9.5987689e-6,9.5987689e-6,-0.013,2.6179148e-7,2.6179148e-7,9.33697742e-6,9.33697742e-6,0.10973818869961453
75uM,PYO,transfer,SWV,12,177.65,-0.283,75,i1,1.3478593e-6,1.3478593e-6,-0.004,3.4398164e-7,3.4398164e-7,1.00387766e-6,176.06666666666666,1.7833333333333428,soak,SWVfast.txt,174.08333333333334,-0.278,9.5987689e-6,9.5987689e-6,-0.013,2.6179148e-7,2.6179148e-7,9.33697742e-6,9.33697742e-6,0.10751634226400432
75uM,PYO,transfer,SWV,13,177.78333333333333,-0.279,75,i1,1.3387398e-6,1.3387398e-6,0.007,3.461914e-7,3.461914e-7,9.925484e-7,176.06666666666666,1.9166666666666685,soak,SWVfast.txt,174.08333333333334,-0.278,9.5987689e-6,9.5987689e-6,-0.013,2.6179148e-7,2.6179148e-7,9.33697742e-6,9.33697742e-6,0.106302966726035
75uM,PYO,transfer,SWV,14,177.93333333333334,-0.276,75,i1,1.3182417e-6,1.3182417e-6,-0.012,3.4812084e-7,3.4812084e-7,9.701208600000001e-7,176.06666666666666,2.0666666666666744,soak,SWVfast.txt,174.08333333333334,-0.278,9.5987689e-6,9.5987689e-6,-0.013,2.6179148e-7,2.6179148e-7,9.33697742e-6,9.33697742e-6,0.10390095384851002
75uM,PYO,transfer,SWV,15,178.08333333333334,-0.282,75,i1,1.3014212e-6,1.3014212e-6,-0.003,3.4315713e-7,3.4315713e-7,9.5826407e-7,176.06666666666666,2.21666666666668,soak,SWVfast.txt,174.08333333333334,-0.278,9.5987689e-6,9.5987689e-6,-0.013,2.6179148e-7,2.6179148e-7,9.33697742e-6,9.33697742e-6,0.10263107929846531
75uM,PYO,transfer,SWV,16,178.21666666666667,-0.294,75,i1,1.307935e-6,1.307935e-6,-0.022,3.4248097e-7,3.4248097e-7,9.654540299999998e-7,176.06666666666666,2.350000000000006,soak,SWVfast.txt,174.08333333333334,-0.278,9.5987689e-6,9.5987689e-6,-0.013,2.6179148e-7,2.6179148e-7,9.33697742e-6,9.33697742e-6,0.10340113149807743
75uM,PYO,transfer,SWV,17,178.36666666666667,-0.288,75,i1,1.2894983e-6,1.2894983e-6,0.015,3.4744471e-7,3.4744471e-7,9.4205359e-7,176.06666666666666,2.5000000000000115,soak,SWVfast.txt,174.08333333333334,-0.278,9.5987689e-6,9.5987689e-6,-0.013,2.6179148e-7,2.6179148e-7,9.33697742e-6,9.33697742e-6,0.10089492001791732
75uM,PYO,transfer,SWV,18,178.51666666666668,-0.277,75,i1,1.2906855e-6,1.2906855e-6,-0.01,3.4305816e-7,3.4305816e-7,9.476273399999999e-7,176.06666666666666,2.6500000000000172,soak,SWVfast.txt,174.08333333333334,-0.278,9.5987689e-6,9.5987689e-6,-0.013,2.6179148e-7,2.6179148e-7,9.33697742e-6,9.33697742e-6,0.10149187444431025
75uM,PYO,transfer,SWV,19,178.65,-0.273,75,i1,1.2673182e-6,1.2673182e-6,-0.011,3.4437744e-7,3.4437744e-7,9.229407600000001e-7,176.06666666666666,2.783333333333343,soak,SWVfast.txt,174.08333333333334,-0.278,9.5987689e-6,9.5987689e-6,-0.013,2.6179148e-7,2.6179148e-7,9.33697742e-6,9.33697742e-6,0.09884791603148164
75uM,PYO,transfer,SWV,2,176.2,-0.28,75,i1,2.4357741e-6,2.4357741e-6,-0.015,3.5166636e-7,3.5166636e-7,2.0841077400000002e-06,176.06666666666666,0.33333333333332577,soak,SWVfast.txt,174.08333333333334,-0.278,9.5987689e-6,9.5987689e-6,-0.013,2.6179148e-7,2.6179148e-7,9.33697742e-6,9.33697742e-6,0.22321010818081213
75uM,PYO,transfer,SWV,20,178.8,-0.284,75,i1,1.2680603e-6,1.2680603e-6,-0.019,3.4187082e-7,3.4187082e-7,9.2618948e-7,176.06666666666666,2.9333333333333487,soak,SWVfast.txt,174.08333333333334,-0.278,9.5987689e-6,9.5987689e-6,-0.013,2.6179148e-7,2.6179148e-7,9.33697742e-6,9.33697742e-6,0.09919585732488576
75uM,PYO,transfer,SWV,21,178.95,-0.288,75,i1,1.2607878e-6,1.2607878e-6,-0.014,3.4889592e-7,3.4889592e-7,9.118918800000001e-7,176.06666666666666,3.083333333333326,soak,SWVfast.txt,174.08333333333334,-0.278,9.5987689e-6,9.5987689e-6,-0.013,2.6179148e-7,2.6179148e-7,9.33697742e-6,9.33697742e-6,0.09766456948334358
75uM,PYO,transfer,SWV,22,179.08333333333334,-0.275,75,i1,1.254142e-6,1.254142e-6,-0.008,3.4281078e-7,3.4281078e-7,9.1133122e-7,176.06666666666666,3.21666666666668,soak,SWVfast.txt,174.08333333333334,-0.278,9.5987689e-6,9.5987689e-6,-0.013,2.6179148e-7,2.6179148e-7,9.33697742e-6,9.33697742e-6,0.09760452221378511
75uM,PYO,transfer,SWV,23,179.23333333333332,-0.288,75,i1,1.2516354e-6,1.2516354e-6,-0.011,3.4544934e-7,3.4544934e-7,9.061860600000002e-7,176.06666666666666,3.3666666666666574,soak,SWVfast.txt,174.08333333333334,-0.278,9.5987689e-6,9.5987689e-6,-0.013,2.6179148e-7,2.6179148e-7,9.33697742e-6,9.33697742e-6,0.09705347022248664
75uM,PYO,transfer,SWV,24,179.36666666666667,-0.286,75,i1,1.252328e-6,1.252328e-6,-0.005,3.4450935e-7,3.4450935e-7,9.0781865e-7,176.06666666666666,3.5000000000000115,soak,SWVfast.txt,174.08333333333334,-0.278,9.5987689e-6,9.5987689e-6,-0.013,2.6179148e-7,2.6179148e-7,9.33697742e-6,9.33697742e-6,0.09722832231075482
75uM,PYO,transfer,SWV,25,179.51666666666668,-0.288,75,i1,1.2288946e-6,1.2288946e-6,-0.004,3.4046911e-7,3.4046911e-7,8.884254900000002e-7,176.06666666666666,3.6500000000000172,soak,SWVfast.txt,174.08333333333334,-0.278,9.5987689e-6,9.5987689e-6,-0.013,2.6179148e-7,2.6179148e-7,9.33697742e-6,9.33697742e-6,0.09515129468953992
75uM,PYO,transfer,SWV,26,179.66666666666666,-0.283,75,i1,1.2209131e-6,1.2209131e-6,-0.016,3.4505354e-7,3.4505354e-7,8.758595599999999e-7,176.06666666666666,3.7999999999999945,soak,SWVfast.txt,174.08333333333334,-0.278,9.5987689e-6,9.5987689e-6,-0.013,2.6179148e-7,2.6179148e-7,9.33697742e-6,9.33697742e-6,0.09380547050739252
75uM,PYO,transfer,SWV,27,179.8,-0.286,75,i1,1.2297027e-6,1.2297027e-6,0.012,3.4406409e-7,3.4406409e-7,8.856386099999999e-7,176.06666666666666,3.9333333333333487,soak,SWVfast.txt,174.08333333333334,-0.278,9.5987689e-6,9.5987689e-6,-0.013,2.6179148e-7,2.6179148e-7,9.33697742e-6,9.33697742e-6,0.09485281694083822
75uM,PYO,transfer,SWV,28,179.95,-0.281,75,i1,1.20495e-6,1.20495e-6,-0.024,3.4408058e-7,3.4408058e-7,8.6086942e-7,176.06666666666666,4.083333333333326,soak,SWVfast.txt,174.08333333333334,-0.278,9.5987689e-6,9.5987689e-6,-0.013,2.6179148e-7,2.6179148e-7,9.33697742e-6,9.33697742e-6,0.09220001091102563
75uM,PYO,transfer,SWV,29,180.1,-0.287,75,i1,1.2197256e-6,1.2197256e-6,-0.008,3.4556479e-7,3.4556479e-7,8.741608100000001e-7,176.06666666666666,4.233333333333332,soak,SWVfast.txt,174.08333333333334,-0.278,9.5987689e-6,9.5987689e-6,-0.013,2.6179148e-7,2.6179148e-7,9.33697742e-6,9.33697742e-6,0.09362353261426223
75uM,PYO,transfer,SWV,3,176.35,-0.278,75,i1,2.1177159e-6,2.1177159e-6,-0.016,3.422831e-7,3.422831e-7,1.7754328000000002e-6,176.06666666666666,0.48333333333333145,soak,SWVfast.txt,174.08333333333334,-0.278,9.5987689e-6,9.5987689e-6,-0.013,2.6179148e-7,2.6179148e-7,9.33697742e-6,9.33697742e-6,0.19015070082497854
75uM,PYO,transfer,SWV,30,180.23333333333332,-0.278,75,i1,1.2122224e-6,1.2122224e-6,0.003,3.4157398e-7,3.4157398e-7,8.7064842e-7,176.06666666666666,4.366666666666657,soak,SWVfast.txt,174.08333333333334,-0.278,9.5987689e-6,9.5987689e-6,-0.013,2.6179148e-7,2.6179148e-7,9.33697742e-6,9.33697742e-6,0.09324735198941929
75uM,PYO,transfer,SWV,31,180.38333333333333,-0.297,75,i1,1.2137396e-6,1.2137396e-6,0.008,3.4604301e-7,3.4604301e-7,8.6769659e-7,176.06666666666666,4.516666666666663,soak,SWVfast.txt,174.08333333333334,-0.278,9.5987689e-6,9.5987689e-6,-0.013,2.6179148e-7,2.6179148e-7,9.33697742e-6,9.33697742e-6,0.09293120792403073
75uM,PYO,transfer,SWV,32,180.53333333333333,-0.293,75,i1,1.2257779e-6,1.2257779e-6,-0.007,3.4068347e-7,3.4068347e-7,8.850944300000001e-7,176.06666666666666,4.666666666666669,soak,SWVfast.txt,174.08333333333334,-0.278,9.5987689e-6,9.5987689e-6,-0.013,2.6179148e-7,2.6179148e-7,9.33697742e-6,9.33697742e-6,0.09479453469643286
75uM,PYO,transfer,SWV,33,180.66666666666666,-0.291,75,i1,1.2045541e-6,1.2045541e-6,-0.017,3.467521e-7,3.467521e-7,8.57802e-7,176.06666666666666,4.7999999999999945,soak,SWVfast.txt,174.08333333333334,-0.278,9.5987689e-6,9.5987689e-6,-0.013,2.6179148e-7,2.6179148e-7,9.33697742e-6,9.33697742e-6,0.09187148703632615
75uM,PYO,transfer,SWV,34,180.81666666666666,-0.294,75,i1,1.1971333e-6,1.1971333e-6,-0.003,3.5257335e-7,3.5257335e-7,8.4455995e-7,176.06666666666666,4.95,soak,SWVfast.txt,174.08333333333334,-0.278,9.5987689e-6,9.5987689e-6,-0.013,2.6179148e-7,2.6179148e-7,9.33697742e-6,9.33697742e-6,0.0904532496984447
75uM,PYO,transfer,SWV,35,180.95,-0.278,75,i1,1.1906855e-6,1.1906855e-6,-0.011,3.4055157e-7,3.4055157e-7,8.5013393e-7,176.06666666666666,5.083333333333326,soak,SWVfast.txt,174.08333333333334,-0.278,9.5987689e-6,9.5987689e-6,-0.013,2.6179148e-7,2.6179148e-7,9.33697742e-6,9.33697742e-6,0.09105022875807704
75uM,PYO,transfer,SWV,36,181.1,-0.291,75,i1,1.181665e-6,1.181665e-6,0.014,3.483517e-7,3.483517e-7,8.333132999999999e-7,176.06666666666666,5.233333333333332,soak,SWVfast.txt,174.08333333333334,-0.278,9.5987689e-6,9.5987689e-6,-0.013,2.6179148e-7,2.6179148e-7,9.33697742e-6,9.33697742e-6,0.08924872177745931
75uM,PYO,transfer,SWV,37,181.25,-0.28,75,i1,1.1885745e-6,1.1885745e-6,-0.018,3.4718087e-7,3.4718087e-7,8.4139363e-7,176.06666666666666,5.383333333333337,soak,SWVfast.txt,174.08333333333334,-0.278,9.5987689e-6,9.5987689e-6,-0.013,2.6179148e-7,2.6179148e-7,9.33697742e-6,9.33697742e-6,0.09011413353080594
75uM,PYO,transfer,SWV,38,181.38333333333333,-0.276,75,i1,1.184485e-6,1.184485e-6,-0.014,3.4741174e-7,3.4741174e-7,8.3707326e-7,176.06666666666666,5.516666666666663,soak,SWVfast.txt,174.08333333333334,-0.278,9.5987689e-6,9.5987689e-6,-0.013,2.6179148e-7,2.6179148e-7,9.33697742e-6,9.33697742e-6,0.0896514174069835
75uM,PYO,transfer,SWV,39,181.53333333333333,-0.293,75,i1,1.1842375e-6,1.1842375e-6,-0.002,3.453174e-7,3.453174e-7,8.389200999999999e-7,176.06666666666666,5.666666666666669,soak,SWVfast.txt,174.08333333333334,-0.278,9.5987689e-6,9.5987689e-6,-0.013,2.6179148e-7,2.6179148e-7,9.33697742e-6,9.33697742e-6,0.08984921589325208
75uM,PYO,transfer,SWV,4,176.5,-0.272,75,i1,1.8992293e-6,1.8992293e-6,0.012,3.4986886e-7,3.4986886e-7,1.54936044e-6,176.06666666666666,0.6333333333333371,soak,SWVfast.txt,174.08333333333334,-0.278,9.5987689e-6,9.5987689e-6,-0.013,2.6179148e-7,2.6179148e-7,9.33697742e-6,9.33697742e-6,0.1659381157633773
75uM,PYO,transfer,SWV,40,181.68333333333334,-0.289,75,i1,1.1885252e-6,1.1885252e-6,-0.012,3.4234907e-7,3.4234907e-7,8.461761300000001e-7,176.06666666666666,5.816666666666674,soak,SWVfast.txt,174.08333333333334,-0.278,9.5987689e-6,9.5987689e-6,-0.013,2.6179148e-7,2.6179148e-7,9.33697742e-6,9.33697742e-6,0.09062634425863268
75uM,PYO,transfer,SWV,41,181.81666666666666,-0.282,75,i1,1.1684888e-6,1.1684888e-6,-0.018,3.4737874e-7,3.4737874e-7,8.211100599999999e-7,176.06666666666666,5.95,soak,SWVfast.txt,174.08333333333334,-0.278,9.5987689e-6,9.5987689e-6,-0.013,2.6179148e-7,2.6179148e-7,9.33697742e-6,9.33697742e-6,0.08794174207181492
75uM,PYO,transfer,SWV,42,181.96666666666667,-0.288,75,i1,1.1789768e-6,1.1789768e-6,0.005,3.4126066e-7,3.4126066e-7,8.377161399999999e-7,176.06666666666666,6.100000000000006,soak,SWVfast.txt,174.08333333333334,-0.278,9.5987689e-6,9.5987689e-6,-0.013,2.6179148e-7,2.6179148e-7,9.33697742e-6,9.33697742e-6,0.08972027052411999
75uM,PYO,transfer,SWV,43,182.11666666666667,-0.283,75,i1,1.1665594e-6,1.1665594e-6,0.006,3.4218414e-7,3.4218414e-7,8.243752600000001e-7,176.06666666666666,6.2500000000000115,soak,SWVfast.txt,174.08333333333334,-0.278,9.5987689e-6,9.5987689e-6,-0.013,2.6179148e-7,2.6179148e-7,9.33697742e-6,9.33697742e-6,0.08829144839037215
75uM,PYO,transfer,SWV,44,182.25,-0.274,75,i1,1.1575389e-6,1.1575389e-6,-0,3.485826e-7,3.485826e-7,8.089563e-7,176.06666666666666,6.383333333333337,soak,SWVfast.txt,174.08333333333334,-0.278,9.5987689e-6,9.5987689e-6,-0.013,2.6179148e-7,2.6179148e-7,9.33697742e-6,9.33697742e-6,0.08664006172567139
75uM,PYO,transfer,SWV,45,182.4,-0.28,75,i1,1.1717375e-6,1.1717375e-6,-0.02,3.4008983e-7,3.4008983e-7,8.3164767e-7,176.06666666666666,6.533333333333343,soak,SWVfast.txt,174.08333333333334,-0.278,9.5987689e-6,9.5987689e-6,-0.013,2.6179148e-7,2.6179148e-7,9.33697742e-6,9.33697742e-6,0.08907033107080171
75uM,PYO,transfer,SWV,46,182.55,-0.28,75,i1,1.1713912e-6,1.1713912e-6,-0.008,3.4221713e-7,3.4221713e-7,8.2917407e-7,176.06666666666666,6.683333333333349,soak,SWVfast.txt,174.08333333333334,-0.278,9.5987689e-6,9.5987689e-6,-0.013,2.6179148e-7,2.6179148e-7,9.33697742e-6,9.33697742e-6,0.088805405936175
75uM,PYO,transfer,SWV,47,182.68333333333334,-0.293,75,i1,1.1591715e-6,1.1591715e-6,-0.007,3.4558127e-7,3.4558127e-7,8.135902300000001e-7,176.06666666666666,6.816666666666674,soak,SWVfast.txt,174.08333333333334,-0.278,9.5987689e-6,9.5987689e-6,-0.013,2.6179148e-7,2.6179148e-7,9.33697742e-6,9.33697742e-6,0.08713636045186024
75uM,PYO,transfer,SWV,48,182.83333333333334,-0.289,75,i1,1.1581656e-6,1.1581656e-6,-0.022,3.47791e-7,3.47791e-7,8.103745999999999e-7,176.06666666666666,6.96666666666668,soak,SWVfast.txt,174.08333333333334,-0.278,9.5987689e-6,9.5987689e-6,-0.013,2.6179148e-7,2.6179148e-7,9.33697742e-6,9.33697742e-6,0.08679196313189755
75uM,PYO,transfer,SWV,49,182.96666666666667,-0.291,75,i1,1.1563186e-6,1.1563186e-6,-0.031,3.5204567e-7,3.5204567e-7,8.042729299999999e-7,176.06666666666666,7.100000000000006,soak,SWVfast.txt,174.08333333333334,-0.278,9.5987689e-6,9.5987689e-6,-0.013,2.6179148e-7,2.6179148e-7,9.33697742e-6,9.33697742e-6,0.08613846792402331
75uM,PYO,transfer,SWV,5,176.63333333333333,-0.275,75,i1,1.6795552e-6,1.6795552e-6,-0.001,3.4370132e-7,3.4370132e-7,1.3358538800000002e-6,176.06666666666666,0.7666666666666628,soak,SWVfast.txt,174.08333333333334,-0.278,9.5987689e-6,9.5987689e-6,-0.013,2.6179148e-7,2.6179148e-7,9.33697742e-6,9.33697742e-6,0.14307134096078816
75uM,PYO,transfer,SWV,50,183.11666666666667,-0.286,75,i1,1.1540758e-6,1.1540758e-6,-0.007,3.4160698e-7,3.4160698e-7,8.1246882e-7,176.06666666666666,7.2500000000000115,soak,SWVfast.txt,174.08333333333334,-0.278,9.5987689e-6,9.5987689e-6,-0.013,2.6179148e-7,2.6179148e-7,9.33697742e-6,9.33697742e-6,0.08701625627364963
75uM,PYO,transfer,SWV,6,176.78333333333333,-0.27,75,i1,1.5633281e-6,1.5633281e-6,0.002,3.4863206e-7,3.4863206e-7,1.21469604e-6,176.06666666666666,0.9166666666666685,soak,SWVfast.txt,174.08333333333334,-0.278,9.5987689e-6,9.5987689e-6,-0.013,2.6179148e-7,2.6179148e-7,9.33697742e-6,9.33697742e-6,0.1300952101906229
75uM,PYO,transfer,SWV,7,176.93333333333334,-0.28,75,i1,1.5077046e-6,1.5077046e-6,-0.02,3.4993482e-7,3.4993482e-7,1.1577697799999998e-6,176.06666666666666,1.0666666666666742,soak,SWVfast.txt,174.08333333333334,-0.278,9.5987689e-6,9.5987689e-6,-0.013,2.6179148e-7,2.6179148e-7,9.33697742e-6,9.33697742e-6,0.12399834849338211
75uM,PYO,transfer,SWV,8,177.06666666666666,-0.285,75,i1,1.4518666e-6,1.4518666e-6,-0.001,3.3931474e-7,3.3931474e-7,1.11255186e-6,176.06666666666666,1.2,soak,SWVfast.txt,174.08333333333334,-0.278,9.5987689e-6,9.5987689e-6,-0.013,2.6179148e-7,2.6179148e-7,9.33697742e-6,9.33697742e-6,0.11915546219667306
75uM,PYO,transfer,SWV,9,177.21666666666667,-0.286,75,i1,1.3974802e-6,1.3974802e-6,0.012,3.4325606e-7,3.4325606e-7,1.05422414e-6,176.06666666666666,1.3500000000000056,soak,SWVfast.txt,174.08333333333334,-0.278,9.5987689e-6,9.5987689e-6,-0.013,2.6179148e-7,2.6179148e-7,9.33697742e-6,9.33697742e-6,0.11290850267473389
