﻿well,strain,toto_added,ctDNA_added,well_std_conc
A1,std,TRUE,TRUE,50
A2,std,TRUE,TRUE,25
A3,std,TRUE,TRUE,12.5
A4,std,TRUE,TRUE,6.25
A5,std,TRUE,TRUE,3.125
A6,std,TRUE,TRUE,1.5625
A7,std,TRUE,TRUE,0.78125
A8,std,TRUE,TRUE,0.390625
A9,std,TRUE,TRUE,0.1953125
A10,std,TRUE,TRUE,0.09765625
A11,std,TRUE,TRUE,0.048828125
A12,std,TRUE,TRUE,0.024414063
B1,WT,TRUE,TRUE,NA
B2,WT,TRUE,TRUE,NA
B3,WT,TRUE,TRUE,NA
B4,WT,TRUE,TRUE,NA
B5,WT,TRUE,TRUE,NA
B6,WT,TRUE,TRUE,NA
B7,WT,TRUE,FALSE,NA
B8,WT,TRUE,FALSE,NA
B9,WT,TRUE,FALSE,NA
B10,WT,TRUE,FALSE,NA
B11,WT,TRUE,FALSE,NA
B12,WT,TRUE,FALSE,NA
C1,WT,TRUE,FALSE,NA
C2,WT,TRUE,FALSE,NA
C3,WT,TRUE,FALSE,NA
C4,WT,TRUE,FALSE,NA
C5,WT,TRUE,FALSE,NA
C6,WT,TRUE,FALSE,NA
C7,WT,FALSE,FALSE,NA
C8,WT,FALSE,FALSE,NA
C9,WT,FALSE,FALSE,NA
C10,WT,FALSE,FALSE,NA
C11,WT,FALSE,FALSE,NA
C12,WT,FALSE,FALSE,NA
E1,dPHZ,TRUE,TRUE,NA
E2,dPHZ,TRUE,TRUE,NA
E3,dPHZ,TRUE,TRUE,NA
E4,dPHZ,TRUE,TRUE,NA
E5,dPHZ,TRUE,TRUE,NA
E6,dPHZ,TRUE,TRUE,NA
F1,dPHZ,TRUE,FALSE,NA
F2,dPHZ,TRUE,FALSE,NA
F3,dPHZ,TRUE,FALSE,NA
F4,dPHZ,TRUE,FALSE,NA
F5,dPHZ,TRUE,FALSE,NA
F6,dPHZ,TRUE,FALSE,NA
G1,dPHZ,TRUE,FALSE,NA
G2,dPHZ,TRUE,FALSE,NA
G3,dPHZ,TRUE,FALSE,NA
G4,dPHZ,TRUE,FALSE,NA
G5,dPHZ,TRUE,FALSE,NA
G6,dPHZ,TRUE,FALSE,NA
H1,dPHZ,FALSE,FALSE,NA
H2,dPHZ,FALSE,FALSE,NA
H3,dPHZ,FALSE,FALSE,NA
H4,dPHZ,FALSE,FALSE,NA
H5,dPHZ,FALSE,FALSE,NA
H6,dPHZ,FALSE,FALSE,NA