﻿measured_phz,strain,condition,condition_conc,material,rep,RT,Area,Channel Name,Amount
PYO,WT,h2o,0uM,cells,1,6.069,74045,313.0nm,2.418
PCN,WT,h2o,0uM,cells,1,8.906,199999,364.0nm,14.212
PCA,WT,h2o,0uM,cells,1,2.975,8507,364.0nm,0.559
PYO,WT,h2o,0uM,cells,2,6.059,74949,313.0nm,2.448
PCN,WT,h2o,0uM,cells,2,8.897,215971,364.0nm,15.347
PCA,WT,h2o,0uM,cells,2,2.959,7889,364.0nm,0.519
PYO,WT,h2o,0uM,cells,3,6.064,76449,313.0nm,2.497
PCA,WT,h2o,0uM,cells,3,2.95,7546,364.0nm,0.496
PCN,WT,h2o,0uM,cells,3,8.901,207671,364.0nm,14.757
PYO,WT,etbr,10uM,cells,1,6.077,108794,313.0nm,3.553
PCN,WT,etbr,10uM,cells,1,8.909,197909,364.0nm,14.064
PCA,WT,etbr,10uM,cells,1,2.948,8235,364.0nm,0.541
PYO,WT,etbr,10uM,cells,2,6.069,99635,313.0nm,3.254
PCN,WT,etbr,10uM,cells,2,8.907,180039,364.0nm,12.794
PCA,WT,etbr,10uM,cells,2,2.924,6842,364.0nm,0.45
PYO,WT,etbr,10uM,cells,3,6.068,156398,313.0nm,5.108
PCN,WT,etbr,10uM,cells,3,8.904,198020,364.0nm,14.072
PCA,WT,etbr,10uM,cells,3,2.951,10187,364.0nm,0.67
PYO,WT,etbr,100uM,cells,1,6.094,121229,313.0nm,3.96
PCN,WT,etbr,100uM,cells,1,8.922,153222,364.0nm,10.888
PCA,WT,etbr,100uM,cells,1,2.971,10037,364.0nm,0.66
PYO,WT,etbr,100uM,cells,2,6.107,111402,313.0nm,3.639
PCA,WT,etbr,100uM,cells,2,2.979,12064,364.0nm,0.793
PCN,WT,etbr,100uM,cells,2,8.931,144453,364.0nm,10.265
PYO,WT,etbr,100uM,cells,3,6.11,96460,313.0nm,3.151
PCN,WT,etbr,100uM,cells,3,8.94,135629,364.0nm,9.638
PCA,WT,etbr,100uM,cells,3,2.971,10277,364.0nm,0.675
PYO,WT,etbr,500uM,cells,1,6.105,72539,313.0nm,2.369
PCN,WT,etbr,500uM,cells,1,8.929,269760,364.0nm,19.169
PCA,WT,etbr,500uM,cells,1,2.966,20996,364.0nm,1.38
PYO,WT,etbr,500uM,cells,2,6.092,67583,313.0nm,2.207
PCA,WT,etbr,500uM,cells,2,2.955,19936,364.0nm,1.31
PCN,WT,etbr,500uM,cells,2,8.924,277829,364.0nm,19.743
PYO,WT,etbr,500uM,cells,3,6.079,59117,313.0nm,1.931
PCN,WT,etbr,500uM,cells,3,8.906,250674,364.0nm,17.813
PCA,WT,etbr,500uM,cells,3,2.943,20467,364.0nm,1.345
PYO,PBS,blank,,,,6.078,654,313.0nm,0.021
PCN,PBS,blank,,,,8.908,1038,364.0nm,0.074
PCA,PBS,blank,,,,2.91,105,364.0nm,0.007
PYO,WT,h2o,0uM,agar,1,6.075,27380,313.0nm,0.894
PCN,WT,h2o,0uM,agar,1,8.916,251985,364.0nm,17.906
PCA,WT,h2o,0uM,agar,1,2.953,109961,364.0nm,7.228
PYO,WT,h2o,0uM,agar,2,6.067,24318,313.0nm,0.794
PCN,WT,h2o,0uM,agar,2,8.906,229835,364.0nm,16.332
PCA,WT,h2o,0uM,agar,2,2.92,96563,364.0nm,6.347
PYO,WT,h2o,0uM,agar,3,6.065,22447,313.0nm,0.733
PCN,WT,h2o,0uM,agar,3,8.897,228164,364.0nm,16.214
PCA,WT,h2o,0uM,agar,3,2.928,96205,364.0nm,6.323
PYO,WT,etbr,10uM,agar,1,6.066,80198,313.0nm,2.619
PCN,WT,etbr,10uM,agar,1,8.903,153768,364.0nm,10.927
PCA,WT,etbr,10uM,agar,1,2.932,187945,364.0nm,12.353
PYO,WT,etbr,10uM,agar,2,6.056,34757,313.0nm,1.135
PCN,WT,etbr,10uM,agar,2,8.901,301787,364.0nm,21.445
PCA,WT,etbr,10uM,agar,2,2.929,97017,364.0nm,6.377
PYO,WT,etbr,10uM,agar,3,6.06,35496,313.0nm,1.159
PCN,WT,etbr,10uM,agar,3,8.896,238784,364.0nm,16.968
PCA,WT,etbr,10uM,agar,3,2.924,97716,364.0nm,6.423
PYO,WT,etbr,100uM,agar,1,6.06,38963,313.0nm,1.273
PCN,WT,etbr,100uM,agar,1,8.898,164116,364.0nm,11.662
PCA,WT,etbr,100uM,agar,1,2.925,98557,364.0nm,6.478
PYO,WT,etbr,100uM,agar,2,6.07,35414,313.0nm,1.157
PCA,WT,etbr,100uM,agar,2,2.924,95407,364.0nm,6.271
PCN,WT,etbr,100uM,agar,2,8.907,204271,364.0nm,14.516
PYO,WT,etbr,100uM,agar,3,6.061,42008,313.0nm,1.372
PCN,WT,etbr,100uM,agar,3,8.891,214408,364.0nm,15.236
PCA,WT,etbr,100uM,agar,3,2.911,109295,364.0nm,7.184
PYO,WT,etbr,500uM,agar,1,6.077,45150,313.0nm,1.475
PCA,WT,etbr,500uM,agar,1,2.908,162419,364.0nm,10.675
PCN,WT,etbr,500uM,agar,1,8.91,276855,364.0nm,19.674
PYO,WT,etbr,500uM,agar,2,6.057,46168,313.0nm,1.508
PCN,WT,etbr,500uM,agar,2,8.89,328310,364.0nm,23.33
PCA,WT,etbr,500uM,agar,2,2.899,161223,364.0nm,10.597
PYO,WT,etbr,500uM,agar,3,6.061,45297,313.0nm,1.479
PCN,WT,etbr,500uM,agar,3,8.896,243985,364.0nm,17.338
PCA,WT,etbr,500uM,agar,3,2.902,156362,364.0nm,10.277
PYO,PBS,blank,,,,6.062,290,313.0nm,0.009
PCA,PBS,blank,,,,2.923,57,364.0nm,0.004
PCN,PBS,blank,,,,8.886,1200,364.0nm,0.085
PYO,WT,dmso,0uM,cells,1,6.066,31871,313.0nm,1.041
PCA,WT,dmso,0uM,cells,1,2.941,6468,364.0nm,0.425
PCN,WT,dmso,0uM,cells,1,8.9,174378,364.0nm,12.391
PYO,WT,dmso,0uM,cells,2,6.062,28579,313.0nm,0.933
PCA,WT,dmso,0uM,cells,2,2.922,6829,364.0nm,0.449
PCN,WT,dmso,0uM,cells,2,8.897,158941,364.0nm,11.295
PYO,WT,dmso,0uM,cells,3,6.077,33578,313.0nm,1.097
PCA,WT,dmso,0uM,cells,3,2.917,7708,364.0nm,0.507
PCN,WT,dmso,0uM,cells,3,8.909,155050,364.0nm,11.018
PYO,WT,pi,10uM,cells,1,6.073,41479,313.0nm,1.355
PCA,WT,pi,10uM,cells,1,2.927,6473,364.0nm,0.425
PCN,WT,pi,10uM,cells,1,8.91,161766,364.0nm,11.495
PYO,WT,pi,10uM,cells,2,6.082,48186,313.0nm,1.574
PCN,WT,pi,10uM,cells,2,8.916,162064,364.0nm,11.516
PCA,WT,pi,10uM,cells,2,2.94,7510,364.0nm,0.494
PYO,WT,pi,10uM,cells,3,6.088,59167,313.0nm,1.933
PCA,WT,pi,10uM,cells,3,2.944,7438,364.0nm,0.489
PCN,WT,pi,10uM,cells,3,8.918,162836,364.0nm,11.571
PYO,WT,pi,100uM,cells,1,6.069,38052,313.0nm,1.243
PCA,WT,pi,100uM,cells,1,2.936,12197,364.0nm,0.802
PCN,WT,pi,100uM,cells,1,8.908,158887,364.0nm,11.291
PYO,WT,pi,100uM,cells,2,6.081,50558,313.0nm,1.651
PCN,WT,pi,100uM,cells,2,8.915,168590,364.0nm,11.98
PCA,WT,pi,100uM,cells,2,2.945,11752,364.0nm,0.772
PYO,WT,pi,100uM,cells,3,6.068,41536,313.0nm,1.357
PCN,WT,pi,100uM,cells,3,8.906,144737,364.0nm,10.285
PCA,WT,pi,100uM,cells,3,2.937,10381,364.0nm,0.682
PYO,WT,pi,200uM,cells,1,6.071,43079,313.0nm,1.407
PCN,WT,pi,200uM,cells,1,8.913,159057,364.0nm,11.303
PCA,WT,pi,200uM,cells,1,2.943,10633,364.0nm,0.699
PYO,WT,pi,200uM,cells,2,6.069,35029,313.0nm,1.144
PCN,WT,pi,200uM,cells,2,8.905,167847,364.0nm,11.927
PCA,WT,pi,200uM,cells,2,2.939,11310,364.0nm,0.743
PYO,WT,pi,200uM,cells,3,6.077,42966,313.0nm,1.403
PCN,WT,pi,200uM,cells,3,8.915,176097,364.0nm,12.514
PCA,WT,pi,200uM,cells,3,2.94,11849,364.0nm,0.779
PYO,PBS,blank,,,,6.075,377,313.0nm,0.012
PCN,PBS,blank,,,,8.908,940,364.0nm,0.067
PYO,WT,dmso,0uM,agar,1,6.056,25706,313.0nm,0.84
PCA,WT,dmso,0uM,agar,1,2.922,143139,364.0nm,9.408
PCN,WT,dmso,0uM,agar,1,8.905,145250,364.0nm,10.322
PYO,WT,dmso,0uM,agar,2,6.059,23508,313.0nm,0.768
PCN,WT,dmso,0uM,agar,2,8.906,142219,364.0nm,10.106
PCA,WT,dmso,0uM,agar,2,2.931,140262,364.0nm,9.219
PYO,WT,dmso,0uM,agar,3,6.059,23982,313.0nm,0.783
PCA,WT,dmso,0uM,agar,3,2.92,133627,364.0nm,8.783
PCN,WT,dmso,0uM,agar,3,8.904,168131,364.0nm,11.948
PYO,WT,pi,10uM,agar,1,6.073,24422,313.0nm,0.798
PCN,WT,pi,10uM,agar,1,8.912,270747,364.0nm,19.24
PCA,WT,pi,10uM,agar,1,2.918,101804,364.0nm,6.691
PYO,WT,pi,10uM,agar,2,6.056,26214,313.0nm,0.856
PCA,WT,pi,10uM,agar,2,2.916,104343,364.0nm,6.858
PCN,WT,pi,10uM,agar,2,8.897,249103,364.0nm,17.702
PYO,WT,pi,10uM,agar,3,6.065,28345,313.0nm,0.926
PCA,WT,pi,10uM,agar,3,2.923,106427,364.0nm,6.995
PCN,WT,pi,10uM,agar,3,8.903,270937,364.0nm,19.253
PYO,WT,pi,100uM,agar,1,6.061,35526,313.0nm,1.16
PCN,WT,pi,100uM,agar,1,8.901,389703,364.0nm,27.693
PCA,WT,pi,100uM,agar,1,2.922,119293,364.0nm,7.841
PYO,WT,pi,100uM,agar,2,6.062,39602,313.0nm,1.293
PCN,WT,pi,100uM,agar,2,8.903,393440,364.0nm,27.958
PCA,WT,pi,100uM,agar,2,2.906,128299,364.0nm,8.433
PYO,WT,pi,100uM,agar,3,6.058,34933,313.0nm,1.141
PCA,WT,pi,100uM,agar,3,2.911,111669,364.0nm,7.34
PCN,WT,pi,100uM,agar,3,8.901,347112,364.0nm,24.666
PYO,WT,pi,200uM,agar,1,6.053,36001,313.0nm,1.176
PCN,WT,pi,200uM,agar,1,8.895,358384,364.0nm,25.467
PCA,WT,pi,200uM,agar,1,2.898,128822,364.0nm,8.467
PYO,WT,pi,200uM,agar,2,6.053,42183,313.0nm,1.378
PCA,WT,pi,200uM,agar,2,2.906,163435,364.0nm,10.742
PCN,WT,pi,200uM,agar,2,8.9,413189,364.0nm,29.362
PYO,WT,pi,200uM,agar,3,6.059,46257,313.0nm,1.511
PCN,WT,pi,200uM,agar,3,8.904,474117,364.0nm,33.691
PCA,WT,pi,200uM,agar,3,2.894,164052,364.0nm,10.783
PYO,PBS,blank,,,,6.037,805,313.0nm,0.026
PCN,PBS,blank,,,,8.895,1276,364.0nm,0.091
PCA,PBS,blank,,,,2.792,50,364.0nm,0.003