PHZadded,treatment,reactor,run,echem_from_swv,rep,minutes_from_swv,E_from_maxs_from_swv,PHZaddedInt,electrode_from_swv,current_from_maxs_from_swv,max_current_from_swv,E_from_mins_from_swv,current_from_mins_from_swv,min_current_from_swv,signal_from_swv,echem_from_gc,minutes_from_gc,E_from_maxs_from_gc,t_from_maxs,electrode_from_gc,current_from_maxs_from_gc,max_current_from_gc,E_from_mins_from_gc,t_from_mins,current_from_mins_from_gc,min_current_from_gc,signal_from_gc
75uM,control,soak,1,SWV,0,902.6666666666666,-0.271,75,i1,6.0138655e-6,6.0138655e-6,-0.004,2.049312e-7,2.049312e-7,5.8089343e-6,NA,NA,NA,NA,NA,NA,NA,NA,NA,NA,NA,NA
75uM,control,soak,1,SWV,1,903.5,-0.269,75,i1,5.9373651e-6,5.9373651e-6,-0,2.1222014e-7,2.1222014e-7,5.72514496e-6,NA,NA,NA,NA,NA,NA,NA,NA,NA,NA,NA,NA
75uM,control,soak,2,SWV,0,1094,-0.27,75,i1,5.2521887e-6,5.2521887e-6,-0.043,1.8144829e-7,1.8144829e-7,5.07074041e-6,NA,NA,NA,NA,NA,NA,NA,NA,NA,NA,NA,NA
75uM,control,soak,3,SWV,0,1155.4666666666667,-0.273,75,i1,4.6337836e-6,4.6337836e-6,-0.006,1.8867127e-7,1.8867127e-7,4.4451123300000005e-6,NA,NA,NA,NA,NA,NA,NA,NA,NA,NA,NA,NA
75uM,control,soak,3,SWV,0,1155.4666666666667,-0.273,75,i1,4.6337836e-6,4.6337836e-6,-0.042,1.8867127e-7,1.8867127e-7,4.4451123300000005e-6,NA,NA,NA,NA,NA,NA,NA,NA,NA,NA,NA,NA
75uM,control,transfer,1,SWV,0,908.9166666666666,-0.269,75,i1,4.6338e-6,4.6338e-6,-0.002,2.0940021e-7,2.0940021e-7,4.42439979e-6,NA,NA,NA,NA,NA,NA,NA,NA,NA,NA,NA,NA
75uM,control,transfer,1,SWV,9,945.2166666666667,-0.241,75,i1,8.5640039e-7,8.5640039e-7,-0.01,1.7694632e-7,1.7694632e-7,6.794540700000001e-7,GC,944.8833333333333,-0.41,170.33307,i2,9.3501704e-9,9.3501704e-9,-0.225,108.66691,4.6366977e-9,4.6366977e-9,4.713472700000001e-9
75uM,control,transfer,1,SWV,10,949.2,-0.242,75,i1,8.3961277e-7,8.3961277e-7,-0.011,1.7623719e-7,1.7623719e-7,6.6337558e-7,GC,948.9333333333333,-0.41,170.33307,i2,8.1629752e-9,8.1629752e-9,-0.219,106.66689,4.3823558e-9,4.3823558e-9,3.7806194e-9
75uM,control,transfer,1,SWV,1,913.2166666666667,-0.258,75,i1,1.4806102e-6,1.4806102e-6,-0.003,1.9190347e-7,1.9190347e-7,1.2887067300000001e-6,GC,912.8,-0.391,163.99983,i2,7.3539141e-8,7.3539141e-8,-0.175,92.000114,9.5674473e-9,9.5674473e-9,6.39716937e-8
75uM,control,transfer,1,SWV,2,917.3833333333333,-0.254,75,i1,1.2474468e-6,1.2474468e-6,-0.011,1.8481242e-7,1.8481242e-7,1.06263438e-6,GC,917.1166666666667,-0.41,170.33307,i2,3.682117e-8,3.682117e-8,-0.175,92.000114,8.4005416e-9,8.4005416e-9,2.8420628399999998e-8
75uM,control,transfer,1,SWV,3,921.55,-0.252,75,i1,1.1507777e-6,1.1507777e-6,-0.033,1.6060392e-7,1.6060392e-7,9.9017378e-7,GC,920.9333333333333,-0.41,170.33307,i2,2.0085409e-8,2.0085409e-8,-0.191,97.333488,7.020434e-9,7.020434e-9,1.3064974999999999e-8
75uM,control,transfer,1,SWV,4,925.3333333333334,-0.251,75,i1,1.0760577e-6,1.0760577e-6,-0.001,1.3684068e-7,1.3684068e-7,9.392170200000001e-7,GC,925.0666666666667,-0.408,169.66641,i2,2.2121903e-8,2.2121903e-8,-0.182,94.333466,6.3300201e-9,6.3300201e-9,1.57918829e-8
75uM,control,transfer,1,SWV,5,929.1666666666666,-0.264,75,i1,1.0299001e-6,1.0299001e-6,-0.014,1.4962104e-7,1.4962104e-7,8.8027906e-7,GC,928.85,-0.41,170.33307,i2,1.5753212e-8,1.5753212e-8,-0.191,97.333488,5.6591776e-9,5.6591776e-9,1.00940344e-8
75uM,control,transfer,1,SWV,6,933.2833333333333,-0.251,75,i1,9.6355757e-7,9.6355757e-7,-0.009,1.6345683e-7,1.6345683e-7,8.0010074e-7,GC,932.7166666666667,-0.409,169.99974,i2,1.2593667e-8,1.2593667e-8,-0.206,102.33353,5.2997917e-9,5.2997917e-9,7.2938753e-9
75uM,control,transfer,1,SWV,7,937.0666666666667,-0.257,75,i1,9.4386758e-7,9.4386758e-7,-0,1.5831171e-7,1.5831171e-7,7.8555587e-7,GC,936.8333333333334,-0.409,169.99974,i2,1.0908254e-8,1.0908254e-8,-0.201,100.66685,4.9833822e-9,4.9833822e-9,5.924871800000001e-9
75uM,control,transfer,1,SWV,7,937.0666666666667,-0.257,75,i1,9.4386758e-7,9.4386758e-7,-0.015,1.5831171e-7,1.5831171e-7,7.8555587e-7,GC,936.8333333333334,-0.409,169.99974,i2,1.0908254e-8,1.0908254e-8,-0.201,100.66685,4.9833822e-9,4.9833822e-9,5.924871800000001e-9
75uM,control,transfer,1,SWV,8,940.9166666666666,-0.246,75,i1,8.9210295e-7,8.9210295e-7,-0.003,1.7745752e-7,1.7745752e-7,7.1464543e-7,GC,940.6333333333333,-0.409,169.99974,i2,9.9326645e-9,9.9326645e-9,-0.216,105.66689,4.6164876e-9,4.6164876e-9,5.3161768999999996e-9
75uM,control,transfer,2,SWV,0,1097.0166666666667,-0.27,75,i1,3.4422901e-6,3.4422901e-6,-0.034,1.7938694e-7,1.7938694e-7,3.26290316e-6,NA,NA,NA,NA,NA,NA,NA,NA,NA,NA,NA,NA
75uM,control,transfer,2,SWV,9,1124.9,-0.243,75,i1,7.0809858e-7,7.0809858e-7,-0.029,1.6728271e-7,1.6728271e-7,5.408158699999999e-7,GC,1124.6333333333334,-0.393,131.33366,i2,8.0914813e-9,8.0914813e-9,-0.233,78.000008,4.4893964e-9,4.4893964e-9,3.6020849000000004e-9
75uM,control,transfer,2,SWV,10,1127.6166666666666,-0.249,75,i1,7.0217834e-7,7.0217834e-7,-0.013,1.7351621e-7,1.7351621e-7,5.2866213e-7,GC,1127.3666666666666,-0.399,133.33363,i2,7.5470101e-9,7.5470101e-9,-0.23,77,4.1759427e-9,4.1759427e-9,3.371067399999999e-9
75uM,control,transfer,2,SWV,11,1130.2666666666667,-0.242,75,i1,6.9307544e-7,6.9307544e-7,-0.03,1.6593044e-7,1.6593044e-7,5.27145e-7,GC,1130.0166666666667,-0.399,133.33363,i2,6.9044463e-9,6.9044463e-9,-0.222,74.333313,3.8116843e-9,3.8116843e-9,3.092762e-9
75uM,control,transfer,2,SWV,12,1132.95,-0.257,75,i1,6.8882082e-7,6.8882082e-7,-0.031,1.6248387e-7,1.6248387e-7,5.2633695e-7,GC,1132.6833333333334,-0.399,133.33363,i2,6.6644028e-9,6.6644028e-9,-0.227,75.999992,3.6418568e-9,3.6418568e-9,3.0225460000000005e-9
75uM,control,transfer,2,SWV,13,1136.4333333333334,-0.252,75,i1,6.8108665e-7,6.8108665e-7,-0.009,1.6827215e-7,1.6827215e-7,5.128145e-7,GC,1136.0666666666666,-0.398,133.00031,i2,6.5857999e-9,6.5857999e-9,-0.23,77,4.0461359e-9,4.0461359e-9,2.5396640000000003e-9
75uM,control,transfer,2,SWV,14,1139.2833333333333,-0.245,75,i1,6.7869547e-7,6.7869547e-7,-0.038,1.6629326e-7,1.6629326e-7,5.1240221e-7,GC,1138.9,-0.399,133.33363,i2,5.935247e-9,5.935247e-9,-0.238,79.666687,3.5276264e-9,3.5276264e-9,2.4076206e-9
75uM,control,transfer,2,SWV,15,1142.05,-0.251,75,i1,6.8032807e-7,6.8032807e-7,-0.02,1.6469365e-7,1.6469365e-7,5.1563442e-7,GC,1141.7666666666667,-0.395,132.00032,i2,5.6058167e-9,5.6058167e-9,-0.236,79.000015,3.3334353e-9,3.3334353e-9,2.2723814e-9
75uM,control,transfer,2,SWV,1,1100.6833333333334,-0.265,75,i1,1.0806093e-6,1.0806093e-6,-0.039,1.6690342e-7,1.6690342e-7,9.1370588e-7,GC,1100.3333333333333,-0.39,163.6665,i2,5.6912338e-8,5.6912338e-8,-0.185,95.333473,9.8840962e-9,9.8840962e-9,4.7028241800000004e-8
75uM,control,transfer,2,SWV,2,1103.9,-0.258,75,i1,8.8318143e-7,8.8318143e-7,-0.001,1.6083479e-7,1.6083479e-7,7.2234664e-7,NA,NA,NA,NA,NA,NA,NA,NA,NA,NA,NA,NA
75uM,control,transfer,2,SWV,3,1107.4166666666667,-0.255,75,i1,8.2049985e-7,8.2049985e-7,-0.029,1.6213757e-7,1.6213757e-7,6.5836228e-7,GC,1107.1333333333334,-0.398,166.33313,i2,1.9154873e-8,1.9154873e-8,-0.195,98.666832,5.4032383e-9,5.4032383e-9,1.37516347e-8
75uM,control,transfer,2,SWV,4,1110.4166666666667,-0.259,75,i1,7.8672667e-7,7.8672667e-7,-0.021,1.6294561e-7,1.6294561e-7,6.2378106e-7,GC,1110.1333333333334,-0.399,133.33363,i2,1.6160046e-8,1.6160046e-8,-0.217,72.666634,6.3358518e-9,6.3358518e-9,9.824194199999998e-9
75uM,control,transfer,2,SWV,5,1113.3166666666666,-0.256,75,i1,7.5369564e-7,7.5369564e-7,-0.018,1.6381964e-7,1.6381964e-7,5.89876e-7,GC,1113.0666666666666,-0.399,133.33363,i2,1.2789298e-8,1.2789298e-8,-0.224,74.999985,5.8640732e-9,5.8640732e-9,6.9252248000000005e-9
75uM,control,transfer,2,SWV,6,1116.3833333333334,-0.251,75,i1,7.3553929e-7,7.3553929e-7,-0.029,1.6957492e-7,1.6957492e-7,5.6596437e-7,GC,1116.1166666666666,-0.398,133.00031,i2,1.1339932e-8,1.1339932e-8,-0.23,77,5.5632401e-9,5.5632401e-9,5.7766919000000004e-9
75uM,control,transfer,2,SWV,7,1119.3,-0.248,75,i1,7.1339207e-7,7.1339207e-7,-0.01,1.6485855e-7,1.6485855e-7,5.4853352e-7,GC,1118.8833333333334,-0.397,132.66698,i2,9.8237063e-9,9.8237063e-9,-0.229,76.666664,4.9908113e-9,4.9908113e-9,4.832895e-9
75uM,control,transfer,2,SWV,8,1122.1166666666666,-0.248,75,i1,7.2097788e-7,7.2097788e-7,-0.001,1.6919563e-7,1.6919563e-7,5.517822499999999e-7,GC,1121.8333333333333,-0.399,133.33363,i2,8.8637737e-9,8.8637737e-9,-0.227,75.999992,4.8436699e-9,4.8436699e-9,4.0201038e-9
75uM,control,transfer,3,SWV,0,1159.2,-0.27,75,i1,2.6031391e-6,2.6031391e-6,-0.034,1.7490146000000001e-07,1.7490146000000001e-07,2.42823764e-6,NA,NA,NA,NA,NA,NA,NA,NA,NA,NA,NA,NA
75uM,control,transfer,3,SWV,9,1184.1,-0.239,75,i1,6.4086555e-7,6.4086555e-7,-0.029,1.6411647e-7,1.6411647e-7,4.767490800000001e-7,GC,1183.8333333333333,-0.398,133.00031,i2,4.1048485e-9,4.1048485e-9,-0.225,75.333321,2.0918411e-9,2.0918411e-9,2.0130074e-9
75uM,control,transfer,3,SWV,10,1186.85,-0.251,75,i1,6.3905156e-7,6.3905156e-7,-0.029,1.6556766e-7,1.6556766e-7,4.734839e-7,GC,1186.5666666666666,-0.399,133.33363,i2,3.9858254e-9,3.9858254e-9,-0.231,77.333336,2.1086162e-9,2.1086162e-9,1.8772091999999997e-9
75uM,control,transfer,3,SWV,11,1189.5833333333333,-0.245,75,i1,6.4599419e-7,6.4599419e-7,-0.004,1.6632623e-7,1.6632623e-7,4.796679600000001e-7,GC,1189.2833333333333,-0.398,133.00031,i2,3.7004095e-9,3.7004095e-9,-0.238,79.666687,2.0699538e-9,2.0699538e-9,1.6304557e-9
75uM,control,transfer,3,SWV,12,1192.3166666666666,-0.242,75,i1,6.3323029e-7,6.3323029e-7,-0.011,1.6860196e-7,1.6860196e-7,4.6462833000000003e-7,GC,1192.0333333333333,-0.397,132.66698,i2,3.5425645e-9,3.5425645e-9,-0.236,79.000015,2.0343267e-9,2.0343267e-9,1.5082377999999999e-9
75uM,control,transfer,3,SWV,13,1195.4,-0.245,75,i1,6.3362609e-7,6.3362609e-7,-0.038,1.6297861e-7,1.6297861e-7,4.7064748000000007e-7,GC,1194.9833333333333,-0.399,133.33363,i2,3.5288248e-9,3.5288248e-9,-0.241,80.666695,2.1171636e-9,2.1171636e-9,1.4116612e-9
75uM,control,transfer,3,SWV,14,1198.0833333333333,-0.252,75,i1,6.3017956e-7,6.3017956e-7,-0.002,1.6970685e-7,1.6970685e-7,4.6047271e-7,GC,1197.8166666666666,-0.398,133.00031,i2,3.1996339e-9,3.1996339e-9,-0.226,75.666656,1.7841386e-9,1.7841386e-9,1.4154953e-9
75uM,control,transfer,3,SWV,15,1200.8,-0.23,75,i1,6.3045991e-7,6.3045991e-7,-0.04,1.6096672e-7,1.6096672e-7,4.6949319e-7,GC,1200.5166666666667,-0.399,133.33363,i2,3.0416292e-9,3.0416292e-9,-0.244,81.666702,1.7780677e-9,1.7780677e-9,1.2635615000000002e-9
75uM,control,transfer,3,SWV,1,1162.1166666666666,-0.264,75,i1,8.6424996e-7,8.6424996e-7,-0.021,1.7204854e-7,1.7204854e-7,6.9220142e-7,GC,1161.85,-0.39,130.33368,i2,4.0949512e-8,4.0949512e-8,-0.193,64.666573,7.0111676e-9,7.0111676e-9,3.39383444e-8
75uM,control,transfer,3,SWV,2,1164.9333333333334,-0.255,75,i1,7.2335257e-7,7.2335257e-7,-0.029,1.6936055e-7,1.6936055e-7,5.5399202e-7,GC,1164.6,-0.392,131.00034,i2,1.6605304e-8,1.6605304e-8,-0.209,69.999947,4.0624313e-9,4.0624313e-9,1.25428727e-8
75uM,control,transfer,3,SWV,3,1167.8,-0.252,75,i1,6.7574359e-7,6.7574359e-7,-0.014,1.6522137e-7,1.6522137e-7,5.1052222e-7,GC,1167.3833333333334,-0.399,133.33363,i2,1.1143424e-8,1.1143424e-8,-0.223,74.666649,3.2052261e-9,3.2052261e-9,7.9381979e-9
75uM,control,transfer,3,SWV,4,1170.4666666666667,-0.262,75,i1,6.8360976e-7,6.8360976e-7,-0.036,1.5062699e-7,1.5062699e-7,5.3298277e-7,GC,1170.2,-0.397,132.66698,i2,8.2675395e-9,8.2675395e-9,-0.22,73.666641,2.6332763e-9,2.6332763e-9,5.6342632000000005e-9
75uM,control,transfer,3,SWV,5,1173.1166666666666,-0.233,75,i1,6.6955954e-7,6.6955954e-7,-0.038,1.5918572e-7,1.5918572e-7,5.1037382e-7,GC,1172.8666666666666,-0.396,132.33365,i2,6.4979306e-9,6.4979306e-9,-0.242,81.000031,2.565457e-9,2.565457e-9,3.9324736000000005e-9
75uM,control,transfer,3,SWV,6,1175.8,-0.242,75,i1,6.5915384e-7,6.5915384e-7,-0.006,1.6644167e-7,1.6644167e-7,4.927121700000001e-7,GC,1175.5333333333333,-0.399,133.33363,i2,5.618598e-9,5.618598e-9,-0.228,76.333328,2.2575948e-9,2.2575948e-9,3.3610031999999997e-09
75uM,control,transfer,3,SWV,7,1178.6,-0.242,75,i1,6.5422307e-7,6.5422307e-7,-0.016,1.6314351e-7,1.6314351e-7,4.9107956e-7,GC,1178.3166666666666,-0.399,133.33363,i2,5.2963571e-9,5.2963571e-9,-0.229,76.666664,2.4858156e-9,2.4858156e-9,2.8105414999999997e-9
75uM,control,transfer,3,SWV,8,1181.3833333333334,-0.245,75,i1,6.4195399e-7,6.4195399e-7,-0.011,1.6467716e-7,1.6467716e-7,4.7727683e-7,GC,1181.0666666666666,-0.398,133.00031,i2,4.5771062e-9,4.5771062e-9,-0.231,77.333336,2.2798017e-9,2.2798017e-9,2.2973045e-9
75uM,control,soak,1,SWV,0,902.6666666666666,-0.358,75,i2,6.5629933e-6,6.5629933e-6,-0.014,8.8502838e-7,8.8502838e-7,5.67796492e-6,NA,NA,NA,NA,NA,NA,NA,NA,NA,NA,NA,NA
75uM,control,soak,1,SWV,1,903.5,-0.265,75,i2,7.1138188e-6,7.1138188e-6,-0.002,9.1182596e-7,9.1182596e-7,6.2019928399999995e-6,NA,NA,NA,NA,NA,NA,NA,NA,NA,NA,NA,NA
75uM,control,soak,2,SWV,0,1094,-0.275,75,i2,4.6388959e-6,4.6388959e-6,-0.051,4.5094097e-7,4.5094097e-7,4.187954929999999e-6,NA,NA,NA,NA,NA,NA,NA,NA,NA,NA,NA,NA
75uM,control,soak,3,SWV,0,1155.4666666666667,-0.276,75,i2,3.5995133e-6,3.5995133e-6,-0.069,3.2989851e-7,3.2989851e-7,3.26961479e-6,NA,NA,NA,NA,NA,NA,NA,NA,NA,NA,NA,NA
75uM,control,transfer,1,SWV,0,908.9166666666666,-0.267,75,i2,5.9826325e-6,5.9826325e-6,-0.028,8.8323088e-7,8.8323088e-7,5.09940162e-6,NA,NA,NA,NA,NA,NA,NA,NA,NA,NA,NA,NA
75uM,control,transfer,1,SWV,9,945.2166666666667,-0.342,75,i2,2.8158208e-6,2.8158208e-6,-0.014,6.3905156e-7,6.3905156e-7,2.17676924e-6,GC,944.8833333333333,-0.41,170.33307,i2,9.3501704e-9,9.3501704e-9,-0.225,108.66691,4.6366977e-9,4.6366977e-9,4.713472700000001e-9
75uM,control,transfer,1,SWV,10,949.2,-0.331,75,i2,2.7588453e-6,2.7588453e-6,-0.011,6.4144274e-7,6.4144274e-7,2.1174025600000002e-6,GC,948.9333333333333,-0.41,170.33307,i2,8.1629752e-9,8.1629752e-9,-0.219,106.66689,4.3823558e-9,4.3823558e-9,3.7806194e-9
75uM,control,transfer,1,SWV,1,913.2166666666667,-0.285,75,i2,3.5359578e-6,3.5359578e-6,-0.03,7.5740604e-7,7.5740604e-7,2.77855176e-6,GC,912.8,-0.391,163.99983,i2,7.3539141e-8,7.3539141e-8,-0.175,92.000114,9.5674473e-9,9.5674473e-9,6.39716937e-8
75uM,control,transfer,1,SWV,2,917.3833333333333,-0.316,75,i2,3.6049553e-6,3.6049553e-6,-0.015,6.9879775e-7,6.9879775e-7,2.9061575499999998e-6,GC,917.1166666666667,-0.41,170.33307,i2,3.682117e-8,3.682117e-8,-0.175,92.000114,8.4005416e-9,8.4005416e-9,2.8420628399999998e-8
75uM,control,transfer,1,SWV,3,921.55,-0.317,75,i2,3.6670926e-6,3.6670926e-6,-0.015,6.6126472e-7,6.6126472e-7,3.00582788e-6,GC,920.9333333333333,-0.41,170.33307,i2,2.0085409e-8,2.0085409e-8,-0.191,97.333488,7.020434e-9,7.020434e-9,1.3064974999999999e-8
75uM,control,transfer,1,SWV,4,925.3333333333334,-0.333,75,i2,3.5566372e-6,3.5566372e-6,-0.011,6.3784773e-7,6.3784773e-7,2.91878947e-6,GC,925.0666666666667,-0.408,169.66641,i2,2.2121903e-8,2.2121903e-8,-0.182,94.333466,6.3300201e-9,6.3300201e-9,1.57918829e-8
75uM,control,transfer,1,SWV,5,929.1666666666666,-0.34,75,i2,3.4311424e-6,3.4311424e-6,-0.017,6.6401867e-7,6.6401867e-7,2.76712373e-6,GC,928.85,-0.41,170.33307,i2,1.5753212e-8,1.5753212e-8,-0.191,97.333488,5.6591776e-9,5.6591776e-9,1.00940344e-8
75uM,control,transfer,1,SWV,6,933.2833333333333,-0.347,75,i2,3.415641e-6,3.415641e-6,-0.031,6.5191443e-7,6.5191443e-7,2.76372657e-6,GC,932.7166666666667,-0.409,169.99974,i2,1.2593667e-8,1.2593667e-8,-0.206,102.33353,5.2997917e-9,5.2997917e-9,7.2938753e-9
75uM,control,transfer,1,SWV,7,937.0666666666667,-0.336,75,i2,3.1925038e-6,3.1925038e-6,-0.009,6.2435822e-7,6.2435822e-7,2.56814558e-6,GC,936.8333333333334,-0.409,169.99974,i2,1.0908254e-8,1.0908254e-8,-0.201,100.66685,4.9833822e-9,4.9833822e-9,5.924871800000001e-9
75uM,control,transfer,1,SWV,8,940.9166666666666,-0.335,75,i2,3.0495617e-6,3.0495617e-6,-0.011,6.4759382e-7,6.4759382e-7,2.40196788e-6,GC,940.6333333333333,-0.409,169.99974,i2,9.9326645e-9,9.9326645e-9,-0.216,105.66689,4.6164876e-9,4.6164876e-9,5.3161768999999996e-9
75uM,control,transfer,2,SWV,0,1097.0166666666667,-0.271,75,i2,3.276343e-6,3.276343e-6,-0.06,3.3502715e-7,3.3502715e-7,2.94131585e-6,NA,NA,NA,NA,NA,NA,NA,NA,NA,NA,NA,NA
75uM,control,transfer,2,SWV,9,1124.9,-0.361,75,i2,1.6649279e-6,1.6649279e-6,-0.024,3.5941702e-7,3.5941702e-7,1.30551088e-6,GC,1124.6333333333334,-0.393,131.33366,i2,8.0914813e-9,8.0914813e-9,-0.233,78.000008,4.4893964e-9,4.4893964e-9,3.6020849000000004e-9
75uM,control,transfer,2,SWV,10,1127.6166666666666,-0.37,75,i2,1.5981072e-6,1.5981072e-6,-0.017,3.6461165e-7,3.6461165e-7,1.23349555e-6,GC,1127.3666666666666,-0.399,133.33363,i2,7.5470101e-9,7.5470101e-9,-0.23,77,4.1759427e-9,4.1759427e-9,3.371067399999999e-9
75uM,control,transfer,2,SWV,11,1130.2666666666667,-0.331,75,i2,1.5655378e-6,1.5655378e-6,-0.054,3.6043946e-7,3.6043946e-7,1.20509834e-6,GC,1130.0166666666667,-0.399,133.33363,i2,6.9044463e-9,6.9044463e-9,-0.222,74.333313,3.8116843e-9,3.8116843e-9,3.092762e-9
75uM,control,transfer,2,SWV,12,1132.95,-0.355,75,i2,1.5415437000000001e-06,1.5415437000000001e-06,-0.062,3.5720728e-7,3.5720728e-7,1.1843364200000002e-6,GC,1132.6833333333334,-0.399,133.33363,i2,6.6644028e-9,6.6644028e-9,-0.227,75.999992,3.6418568e-9,3.6418568e-9,3.0225460000000005e-9
75uM,control,transfer,2,SWV,13,1136.4333333333334,-0.365,75,i2,1.4515865e-6,1.4515865e-6,-0.017,3.5080885e-7,3.5080885e-7,1.10077765e-6,GC,1136.0666666666666,-0.398,133.00031,i2,6.5857999e-9,6.5857999e-9,-0.23,77,4.0461359e-9,4.0461359e-9,2.5396640000000003e-9
75uM,control,transfer,2,SWV,14,1139.2833333333333,-0.355,75,i2,1.4422031e-6,1.4422031e-6,-0.043,3.5667955e-7,3.5667955e-7,1.08552355e-6,GC,1138.9,-0.399,133.33363,i2,5.935247e-9,5.935247e-9,-0.238,79.666687,3.5276264e-9,3.5276264e-9,2.4076206e-9
75uM,control,transfer,2,SWV,15,1142.05,-0.349,75,i2,1.3882617e-6,1.3882617e-6,-0.063,3.5308457e-7,3.5308457e-7,1.0351771300000001e-6,GC,1141.7666666666667,-0.395,132.00032,i2,5.6058167e-9,5.6058167e-9,-0.236,79.000015,3.3334353e-9,3.3334353e-9,2.2723814e-9
75uM,control,transfer,2,SWV,1,1100.6833333333334,-0.354,75,i2,2.5723509e-6,2.5723509e-6,-0.036,3.022929e-7,3.022929e-7,2.2700579999999998e-6,GC,1100.3333333333333,-0.39,163.6665,i2,5.6912338e-8,5.6912338e-8,-0.185,95.333473,9.8840962e-9,9.8840962e-9,4.7028241800000004e-8
75uM,control,transfer,2,SWV,2,1103.9,-0.359,75,i2,2.3706352e-6,2.3706352e-6,-0.01,2.974611e-7,2.974611e-7,2.0731741e-6,NA,NA,NA,NA,NA,NA,NA,NA,NA,NA,NA,NA
75uM,control,transfer,2,SWV,3,1107.4166666666667,-0.355,75,i2,2.2631978e-6,2.2631978e-6,-0.007,2.6490824e-7,2.6490824e-7,1.99828956e-6,GC,1107.1333333333334,-0.398,166.33313,i2,1.9154873e-8,1.9154873e-8,-0.195,98.666832,5.4032383e-9,5.4032383e-9,1.37516347e-8
75uM,control,transfer,2,SWV,4,1110.4166666666667,-0.337,75,i2,2.0997904e-6,2.0997904e-6,-0.032,2.7836475e-7,2.7836475e-7,1.8214256500000001e-6,GC,1110.1333333333334,-0.399,133.33363,i2,1.6160046e-8,1.6160046e-8,-0.217,72.666634,6.3358518e-9,6.3358518e-9,9.824194199999998e-9
75uM,control,transfer,2,SWV,5,1113.3166666666666,-0.352,75,i2,1.951538e-6,1.951538e-6,-0.028,3.4330554e-7,3.4330554e-7,1.6082324600000001e-6,GC,1113.0666666666666,-0.399,133.33363,i2,1.2789298e-8,1.2789298e-8,-0.224,74.999985,5.8640732e-9,5.8640732e-9,6.9252248000000005e-9
75uM,control,transfer,2,SWV,6,1116.3833333333334,-0.361,75,i2,1.8769995e-6,1.8769995e-6,-0.005,3.4347042e-7,3.4347042e-7,1.53352908e-6,GC,1116.1166666666666,-0.398,133.00031,i2,1.1339932e-8,1.1339932e-8,-0.23,77,5.5632401e-9,5.5632401e-9,5.7766919000000004e-9
75uM,control,transfer,2,SWV,7,1119.3,-0.342,75,i2,1.8659014e-6,1.8659014e-6,-0.036,3.3708849e-7,3.3708849e-7,1.5288129100000001e-6,GC,1118.8833333333334,-0.397,132.66698,i2,9.8237063e-9,9.8237063e-9,-0.229,76.666664,4.9908113e-9,4.9908113e-9,4.832895e-9
75uM,control,transfer,2,SWV,8,1122.1166666666666,-0.35,75,i2,1.7667751e-6,1.7667751e-6,-0.029,3.4287677e-7,3.4287677e-7,1.4238983300000001e-6,GC,1121.8333333333333,-0.399,133.33363,i2,8.8637737e-9,8.8637737e-9,-0.227,75.999992,4.8436699e-9,4.8436699e-9,4.0201038e-9
75uM,control,transfer,3,SWV,0,1159.2,-0.28,75,i2,2.1440517e-6,2.1440517e-6,-0.046,2.8980935e-7,2.8980935e-7,1.85424235e-6,NA,NA,NA,NA,NA,NA,NA,NA,NA,NA,NA,NA
75uM,control,transfer,3,SWV,9,1184.1,-0.351,75,i2,1.1036141e-6,1.1036141e-6,-0.025,3.1454556e-7,3.1454556e-7,7.8906854e-7,GC,1183.8333333333333,-0.398,133.00031,i2,4.1048485e-9,4.1048485e-9,-0.225,75.333321,2.0918411e-9,2.0918411e-9,2.0130074e-9
75uM,control,transfer,3,SWV,10,1186.85,-0.342,75,i2,1.1019813e-6,1.1019813e-6,-0.025,3.096313e-7,3.096313e-7,7.923499999999999e-7,GC,1186.5666666666666,-0.399,133.33363,i2,3.9858254e-9,3.9858254e-9,-0.231,77.333336,2.1086162e-9,2.1086162e-9,1.8772091999999997e-9
75uM,control,transfer,3,SWV,11,1189.5833333333333,-0.374,75,i2,1.0622716e-6,1.0622716e-6,-0.043,3.0526124e-7,3.0526124e-7,7.5701036e-7,GC,1189.2833333333333,-0.398,133.00031,i2,3.7004095e-9,3.7004095e-9,-0.238,79.666687,2.0699538e-9,2.0699538e-9,1.6304557e-9
75uM,control,transfer,3,SWV,12,1192.3166666666666,-0.352,75,i2,1.0678124e-6,1.0678124e-6,-0.01,3.2805153e-7,3.2805153e-7,7.3976087e-7,GC,1192.0333333333333,-0.397,132.66698,i2,3.5425645e-9,3.5425645e-9,-0.236,79.000015,2.0343267e-9,2.0343267e-9,1.5082377999999999e-9
75uM,control,transfer,3,SWV,13,1195.4,-0.362,75,i2,1.0560379e-6,1.0560379e-6,-0.061,3.1685428e-7,3.1685428e-7,7.391836199999999e-7,GC,1194.9833333333333,-0.399,133.33363,i2,3.5288248e-9,3.5288248e-9,-0.241,80.666695,2.1171636e-9,2.1171636e-9,1.4116612e-9
75uM,control,transfer,3,SWV,14,1198.0833333333333,-0.353,75,i2,1.0558235e-6,1.0558235e-6,-0.056,3.1757986e-7,3.1757986e-7,7.382436400000001e-7,GC,1197.8166666666666,-0.398,133.00031,i2,3.1996339e-9,3.1996339e-9,-0.226,75.666656,1.7841386e-9,1.7841386e-9,1.4154953e-9
75uM,control,transfer,3,SWV,15,1200.8,-0.356,75,i2,1.0454345e-6,1.0454345e-6,-0.069,3.1497433e-7,3.1497433e-7,7.3046017e-7,GC,1200.5166666666667,-0.399,133.33363,i2,3.0416292e-9,3.0416292e-9,-0.244,81.666702,1.7780677e-9,1.7780677e-9,1.2635615000000002e-9
75uM,control,transfer,3,SWV,1,1162.1166666666666,-0.37,75,i2,1.3873878e-6,1.3873878e-6,-0.052,2.4381649e-7,2.4381649e-7,1.14357131e-6,GC,1161.85,-0.39,130.33368,i2,4.0949512e-8,4.0949512e-8,-0.193,64.666573,7.0111676e-9,7.0111676e-9,3.39383444e-8
75uM,control,transfer,3,SWV,2,1164.9333333333334,-0.361,75,i2,1.3246896e-6,1.3246896e-6,-0.032,2.6903095e-7,2.6903095e-7,1.05565865e-6,GC,1164.6,-0.392,131.00034,i2,1.6605304e-8,1.6605304e-8,-0.209,69.999947,4.0624313e-9,4.0624313e-9,1.25428727e-8
75uM,control,transfer,3,SWV,3,1167.8,-0.346,75,i2,1.3020148e-6,1.3020148e-6,-0.022,2.6781061e-7,2.6781061e-7,1.0342041900000001e-6,GC,1167.3833333333334,-0.399,133.33363,i2,1.1143424e-8,1.1143424e-8,-0.223,74.666649,3.2052261e-9,3.2052261e-9,7.9381979e-9
75uM,control,transfer,3,SWV,4,1170.4666666666667,-0.356,75,i2,1.2191321e-6,1.2191321e-6,-0.072,2.9752704e-7,2.9752704e-7,9.216050600000001e-7,GC,1170.2,-0.397,132.66698,i2,8.2675395e-9,8.2675395e-9,-0.22,73.666641,2.6332763e-9,2.6332763e-9,5.6342632000000005e-9
75uM,control,transfer,3,SWV,5,1173.1166666666666,-0.346,75,i2,1.1985516e-6,1.1985516e-6,-0.031,2.8639576e-7,2.8639576e-7,9.1215584e-7,GC,1172.8666666666666,-0.396,132.33365,i2,6.4979306e-9,6.4979306e-9,-0.242,81.000031,2.565457e-9,2.565457e-9,3.9324736000000005e-9
75uM,control,transfer,3,SWV,6,1175.8,-0.37,75,i2,1.1634426e-6,1.1634426e-6,-0.021,3.1010956e-7,3.1010956e-7,8.533330399999999e-7,GC,1175.5333333333333,-0.399,133.33363,i2,5.618598e-9,5.618598e-9,-0.228,76.333328,2.2575948e-9,2.2575948e-9,3.3610031999999997e-09
75uM,control,transfer,3,SWV,7,1178.6,-0.367,75,i2,1.1689506e-6,1.1689506e-6,-0.021,2.9539976e-7,2.9539976e-7,8.7355084e-7,GC,1178.3166666666666,-0.399,133.33363,i2,5.2963571e-9,5.2963571e-9,-0.229,76.666664,2.4858156e-9,2.4858156e-9,2.8105414999999997e-9
75uM,control,transfer,3,SWV,8,1181.3833333333334,-0.36,75,i2,1.1414438e-6,1.1414438e-6,-0.019,2.9592746e-7,2.9592746e-7,8.455163400000001e-7,GC,1181.0666666666666,-0.398,133.00031,i2,4.5771062e-9,4.5771062e-9,-0.231,77.333336,2.2798017e-9,2.2798017e-9,2.2973045e-9
75uM,psoralen,soak,1,SWV,0,929.9833333333333,-0.221,75,i1,8.1762673e-6,8.1762673e-6,-0.002,4.8409606e-7,4.8409606e-7,7.692171239999999e-6,NA,NA,NA,NA,NA,NA,NA,NA,NA,NA,NA,NA
75uM,psoralen,soak,1,SWV,1,938.4166666666666,-0.222,75,i1,7.8593066e-6,7.8593066e-6,-0,4.9818277e-7,4.9818277e-7,7.361123830000001e-6,NA,NA,NA,NA,NA,NA,NA,NA,NA,NA,NA,NA
75uM,psoralen,soak,2,SWV,0,1111.7166666666667,-0.221,75,i1,6.5107088e-6,6.5107088e-6,-0.01,5.3034898e-7,5.3034898e-7,5.98035982e-6,NA,NA,NA,NA,NA,NA,NA,NA,NA,NA,NA,NA
75uM,psoralen,soak,3,SWV,0,1173.8666666666666,-0.22,75,i1,5.6709014e-6,5.6709014e-6,-0.012,5.1974814e-7,5.1974814e-7,5.15115326e-6,NA,NA,NA,NA,NA,NA,NA,NA,NA,NA,NA,NA
75uM,psoralen,transfer,1,SWV,0,952.2166666666667,-0.217,75,i1,6.3921152e-6,6.3921152e-6,-0.001,4.9291373e-7,4.9291373e-7,5.899201470000001e-6,NA,NA,NA,NA,NA,NA,NA,NA,NA,NA,NA,NA
75uM,psoralen,transfer,1,SWV,9,987.3833333333333,-0.216,75,i1,1.0413681e-6,1.0413681e-6,-0.023,5.2379357e-7,5.2379357e-7,5.1757453e-7,GC,987.1333333333333,-0.393,164.66649,i2,1.7282069e-8,1.7282069e-8,-0.187,96.000145,8.2114813e-9,8.2114813e-9,9.070587700000002e-9
75uM,psoralen,transfer,1,SWV,10,991.1666666666666,-0.217,75,i1,9.8642556e-7,9.8642556e-7,-0.044,5.2722095e-7,5.2722095e-7,4.5920461e-7,GC,990.95,-0.39,163.6665,i2,1.4343907e-8,1.4343907e-8,-0.182,94.333466,7.3163586e-9,7.3163586e-9,7.027548399999999e-9
75uM,psoralen,transfer,1,SWV,1,956.2333333333333,-0.215,75,i1,2.2213078e-6,2.2213078e-6,-0.008,5.0330834e-7,5.0330834e-7,1.71799946e-6,GC,955.9166666666666,-0.39,163.6665,i2,1.9214184e-7,1.9214184e-7,-0.162,87.666748,2.4686742e-8,2.4686742e-8,1.67455098e-7
75uM,psoralen,transfer,1,SWV,2,960.1833333333333,-0.219,75,i1,1.6797171e-6,1.6797171e-6,-0.026,5.0877469e-7,5.0877469e-7,1.17094241e-6,GC,959.9166666666666,-0.39,163.6665,i2,8.5081965e-8,8.5081965e-8,-0.173,91.333443,1.7496218e-8,1.7496218e-8,6.7585747e-8
75uM,psoralen,transfer,1,SWV,3,964.0833333333334,-0.219,75,i1,1.4693034e-6,1.4693034e-6,-0.023,5.1230558e-7,5.1230558e-7,9.5699782e-7,GC,963.8833333333333,-0.39,163.6665,i2,5.391389e-8,5.391389e-8,-0.177,92.666786,1.3713871e-8,1.3713871e-8,4.0200019e-8
75uM,psoralen,transfer,1,SWV,4,968.1,-0.22,75,i1,1.2962183e-6,1.2962183e-6,-0.021,5.1491753e-7,5.1491753e-7,7.813007700000001e-7,GC,967.9,-0.391,163.99983,i2,3.7373511e-8,3.7373511e-8,-0.186,95.666809,1.2629775e-8,1.2629775e-8,2.4743736e-8
75uM,psoralen,transfer,1,SWV,5,971.9166666666666,-0.218,75,i1,1.1865711e-6,1.1865711e-6,-0.036,5.1717683e-7,5.1717683e-7,6.6939427e-7,GC,971.6833333333333,-0.39,163.6665,i2,2.8973613e-8,2.8973613e-8,-0.181,94.00013,1.0156072e-8,1.0156072e-8,1.8817541e-8
75uM,psoralen,transfer,1,SWV,6,975.75,-0.218,75,i1,1.147715e-6,1.147715e-6,-0.02,5.1518964e-7,5.1518964e-7,6.325253600000001e-7,GC,975.5166666666667,-0.39,163.6665,i2,2.6389175e-8,2.6389175e-8,-0.179,93.333458,9.1959498e-9,9.1959498e-9,1.71932252e-8
75uM,psoralen,transfer,1,SWV,7,979.5666666666667,-0.22,75,i1,1.0922195e-6,1.0922195e-6,-0.037,5.2125853e-7,5.2125853e-7,5.709609699999999e-7,GC,979.35,-0.39,163.6665,i2,2.0893641e-8,2.0893641e-8,-0.183,94.666801,8.4978398e-9,8.4978398e-9,1.23958012e-8
75uM,psoralen,transfer,1,SWV,8,983.5666666666667,-0.223,75,i1,1.1725016e-6,1.1725016e-6,-0.02,5.2721725e-7,5.2721725e-7,6.452843500000001e-7,GC,983.1666666666666,-0.41,170.33307,i2,1.8281785e-8,1.8281785e-8,-0.19,97.000153,7.8977038e-9,7.8977038e-9,1.0384081199999998e-8
75uM,psoralen,transfer,2,SWV,0,1114.8666666666666,-0.22,75,i1,8.1479302e-6,8.1479302e-6,-0.014,5.1927054e-7,5.1927054e-7,7.628659660000001e-6,NA,NA,NA,NA,NA,NA,NA,NA,NA,NA,NA,NA
75uM,psoralen,transfer,2,SWV,9,1140.45,-0.215,75,i1,8.0757621e-7,8.0757621e-7,-0.038,4.9727635e-7,4.9727635e-7,3.1029986000000004e-7,GC,1140.1833333333334,-0.39,130.33368,i2,1.049006e-8,1.049006e-8,-0.213,71.33329,6.1627685e-9,6.1627685e-9,4.327291499999999e-9
75uM,psoralen,transfer,2,SWV,10,1143.45,-0.213,75,i1,7.8807057e-7,7.8807057e-7,-0.04,4.8956468e-7,4.8956468e-7,2.9850588999999996e-7,GC,1142.9166666666667,-0.399,133.33363,i2,1.0087645e-8,1.0087645e-8,-0.217,72.666634,5.8086909e-9,5.8086909e-9,4.2789541e-9
75uM,psoralen,transfer,2,SWV,11,1146.1166666666666,-0.216,75,i1,7.8726691e-7,7.8726691e-7,-0.038,4.973059e-7,4.973059e-7,2.8996101e-7,GC,1145.8833333333334,-0.397,132.66698,i2,9.3787795e-9,9.3787795e-9,-0.218,72.999969,5.5914695e-9,5.5914695e-9,3.78731e-9
75uM,psoralen,transfer,2,SWV,12,1149.3,-0.213,75,i1,7.6028988e-7,7.6028988e-7,-0.045,4.883434e-7,4.883434e-7,2.7194647999999993e-7,GC,1148.5833333333333,-0.391,130.66701,i2,9.3726342e-9,9.3726342e-9,-0.218,72.999969,5.6064788e-9,5.6064788e-9,3.7661553999999995e-9
75uM,psoralen,transfer,2,SWV,13,1152.0166666666667,-0.212,75,i1,7.6480922e-7,7.6480922e-7,-0.039,4.9559964e-7,4.9559964e-7,2.692095799999999e-7,GC,1151.7666666666667,-0.39,130.33368,i2,8.7189607e-9,8.7189607e-9,-0.182,60.999912,5.6504432e-9,5.6504432e-9,3.0685174999999993e-9
75uM,psoralen,transfer,2,SWV,14,1154.7,-0.214,75,i1,7.4673994e-7,7.4673994e-7,-0.052,4.8538914e-7,4.8538914e-7,2.613508e-7,GC,1154.4333333333334,-0.398,133.00031,i2,7.2940218e-9,7.2940218e-9,-0.217,72.666634,5.0459343e-9,5.0459343e-9,2.2480875000000003e-9
75uM,psoralen,transfer,2,SWV,15,1157.4166666666667,-0.22,75,i1,7.4046631e-7,7.4046631e-7,-0.033,4.9419498e-7,4.9419498e-7,2.4627133000000005e-7,GC,1157.1166666666666,-0.399,133.33363,i2,7.2123574e-9,7.2123574e-9,-0.221,73.999977,5.0137881e-9,5.0137881e-9,2.1985693000000004e-9
75uM,psoralen,transfer,2,SWV,1,1118.0666666666666,-0.218,75,i1,1.8418094e-6,1.8418094e-6,-0.015,5.0431225e-7,5.0431225e-7,1.3374971500000001e-6,GC,1117.7333333333333,-0.39,130.33368,i2,1.1399026e-7,1.1399026e-7,-0.183,61.333244,2.1149626e-8,2.1149626e-8,9.2840634e-8
75uM,psoralen,transfer,2,SWV,2,1120.8333333333333,-0.216,75,i1,1.370342e-6,1.370342e-6,-0.035,5.0226737e-7,5.0226737e-7,8.680746299999999e-7,GC,1120.55,-0.399,133.33363,i2,5.148782e-8,5.148782e-8,-0.192,64.333237,1.2767458e-8,1.2767458e-8,3.8720362e-8
75uM,psoralen,transfer,2,SWV,3,1123.55,-0.218,75,i1,1.1514212e-6,1.1514212e-6,-0.026,5.0016922e-7,5.0016922e-7,6.512519799999999e-7,GC,1123.3,-0.397,132.66698,i2,3.2088341e-8,3.2088341e-8,-0.195,65.333244,9.9512611e-9,9.9512611e-9,2.2137079900000002e-8
75uM,psoralen,transfer,2,SWV,4,1126.25,-0.214,75,i1,1.0454129e-6,1.0454129e-6,-0.031,4.9583326e-7,4.9583326e-7,5.495796399999999e-7,GC,1126.0166666666667,-0.39,130.33368,i2,2.5487434e-8,2.5487434e-8,-0.2,66.999924,9.0585024e-9,9.0585024e-9,1.64289316e-8
75uM,psoralen,transfer,2,SWV,5,1129.5666666666666,-0.217,75,i1,9.4905249e-7,9.4905249e-7,-0.03,4.9547543e-7,4.9547543e-7,4.5357706e-7,GC,1129.3333333333333,-0.399,133.33363,i2,1.9048558e-8,1.9048558e-8,-0.208,69.666611,8.4344931e-9,8.4344931e-9,1.0614064899999999e-8
75uM,psoralen,transfer,2,SWV,6,1132.2666666666667,-0.216,75,i1,8.9002594e-7,8.9002594e-7,-0.034,4.9799348e-7,4.9799348e-7,3.9203246000000003e-7,GC,1132.05,-0.39,130.33368,i2,1.4793123e-8,1.4793123e-8,-0.207,69.333275,7.1002009e-9,7.1002009e-9,7.6929221e-9
75uM,psoralen,transfer,2,SWV,7,1135,-0.215,75,i1,8.5286877e-7,8.5286877e-7,-0.037,4.9821011e-7,4.9821011e-7,3.5465866000000004e-7,GC,1134.75,-0.39,130.33368,i2,1.3128035e-8,1.3128035e-8,-0.208,69.666611,6.9206796e-9,6.9206796e-9,6.2073554e-9
75uM,psoralen,transfer,2,SWV,8,1137.7166666666667,-0.212,75,i1,8.3248545e-7,8.3248545e-7,-0.03,4.9394805e-7,4.9394805e-7,3.3853740000000006e-7,GC,1137.4666666666667,-0.39,130.33368,i2,1.2443988e-8,1.2443988e-8,-0.211,70.666618,6.4338819e-9,6.4338819e-9,6.0101061e-9
75uM,psoralen,transfer,3,SWV,0,1176.7333333333333,-0.219,75,i1,7.5754119e-6,7.5754119e-6,-0.017,5.1944721e-7,5.1944721e-7,7.0559646899999995e-6,NA,NA,NA,NA,NA,NA,NA,NA,NA,NA,NA,NA
75uM,psoralen,transfer,3,SWV,9,1201.1166666666666,-0.213,75,i1,7.96336e-7,7.96336e-7,-0.054,5.0375411e-7,5.0375411e-7,2.9258189e-7,GC,1200.9,-0.392,131.00034,i2,9.5882013e-9,9.5882013e-9,-0.213,71.33329,5.5499867e-9,5.5499867e-9,4.038214599999999e-9
75uM,psoralen,transfer,3,SWV,10,1203.7833333333333,-0.214,75,i1,7.845241e-7,7.845241e-7,-0.041,4.9844965e-7,4.9844965e-7,2.8607445000000007e-7,GC,1203.55,-0.398,133.00031,i2,9.074812e-9,9.074812e-9,-0.216,72.333298,5.4873497e-9,5.4873497e-9,3.5874622999999994e-9
75uM,psoralen,transfer,3,SWV,11,1206.4333333333334,-0.219,75,i1,7.6958656e-7,7.6958656e-7,-0.042,5.0203965e-7,5.0203965e-7,2.6754691e-7,GC,1206.2166666666667,-0.399,133.33363,i2,8.1332434e-9,8.1332434e-9,-0.217,72.666634,5.1901181e-9,5.1901181e-9,2.9431253000000005e-9
75uM,psoralen,transfer,3,SWV,12,1209.15,-0.222,75,i1,7.5608398e-7,7.5608398e-7,-0.04,5.0051523e-7,5.0051523e-7,2.5556874999999997e-7,GC,1208.9,-0.399,133.33363,i2,7.0602546e-9,7.0602546e-9,-0.221,73.999977,4.9489057e-9,4.9489057e-9,2.1113489000000002e-9
75uM,psoralen,transfer,3,SWV,13,1211.9,-0.21,75,i1,7.5484854e-7,7.5484854e-7,-0.032,5.0267397e-7,5.0267397e-7,2.5217456999999997e-7,GC,1211.5833333333333,-0.399,133.33363,i2,7.6002351e-9,7.6002351e-9,-0.221,73.999977,4.9673421e-9,4.9673421e-9,2.632893000000001e-9
75uM,psoralen,transfer,3,SWV,14,1214.5,-0.217,75,i1,7.4020079e-7,7.4020079e-7,-0.039,5.0086493e-7,5.0086493e-7,2.3933586000000004e-7,GC,1214.3,-0.399,133.33363,i2,6.6095032e-9,6.6095032e-9,-0.223,74.666649,4.6792104e-9,4.6792104e-9,1.9302927999999996e-9
75uM,psoralen,transfer,3,SWV,15,1217.3,-0.214,75,i1,7.3822105e-7,7.3822105e-7,-0.056,5.0689465e-7,5.0689465e-7,2.3132639999999996e-7,GC,1216.95,-0.398,133.00031,i2,6.7361952e-9,6.7361952e-9,-0.225,75.333321,4.7002473e-9,4.7002473e-9,2.0359479e-9
75uM,psoralen,transfer,3,SWV,1,1179.6,-0.216,75,i1,1.5514854e-6,1.5514854e-6,-0.024,5.0853811e-7,5.0853811e-7,1.04294729e-6,GC,1179.35,-0.39,130.33368,i2,8.197776e-8,8.197776e-8,-0.185,61.999908,1.5784684e-8,1.5784684e-8,6.6193076e-8
75uM,psoralen,transfer,3,SWV,1,1179.6,-0.216,75,i1,1.5514854e-6,1.5514854e-6,-0.024,5.0853811e-7,5.0853811e-7,1.04294729e-6,GC,1179.35,-0.39,130.33368,i2,8.197776e-8,8.197776e-8,-0.186,62.333241,1.5784684e-8,1.5784684e-8,6.6193076e-8
75uM,psoralen,transfer,3,SWV,2,1182.3833333333334,-0.217,75,i1,1.1671291e-6,1.1671291e-6,-0.039,5.0437581e-7,5.0437581e-7,6.627532899999999e-7,GC,1182.05,-0.39,130.33368,i2,3.9373532e-8,3.9373532e-8,-0.196,65.66658,9.9512611e-9,9.9512611e-9,2.9422270900000002e-8
75uM,psoralen,transfer,3,SWV,3,1185.05,-0.217,75,i1,1.0551709e-6,1.0551709e-6,-0.04,5.0675567e-7,5.0675567e-7,5.4841523e-7,GC,1184.8333333333333,-0.39,130.33368,i2,2.7150515e-8,2.7150515e-8,-0.199,66.666588,8.2569818e-9,8.2569818e-9,1.88935332e-8
75uM,psoralen,transfer,3,SWV,3,1185.05,-0.217,75,i1,1.0551709e-6,1.0551709e-6,-0.04,5.0675567e-7,5.0675567e-7,5.4841523e-7,GC,1184.8333333333333,-0.39,130.33368,i2,2.7150515e-8,2.7150515e-8,-0.2,66.999924,8.2569818e-9,8.2569818e-9,1.88935332e-8
75uM,psoralen,transfer,3,SWV,4,1187.75,-0.215,75,i1,9.6746101e-7,9.6746101e-7,-0.032,5.0395442e-7,5.0395442e-7,4.6350659000000007e-7,GC,1187.5166666666667,-0.399,133.33363,i2,1.9387272e-8,1.9387272e-8,-0.202,67.666595,7.5151441e-9,7.5151441e-9,1.1872127900000001e-8
75uM,psoralen,transfer,3,SWV,5,1190.4166666666667,-0.214,75,i1,9.0863784e-7,9.0863784e-7,-0.041,5.0557497e-7,5.0557497e-7,4.0306287e-7,GC,1190.1833333333334,-0.39,130.33368,i2,1.6799525e-8,1.6799525e-8,-0.206,68.999939,6.8003687e-9,6.8003687e-9,9.9991563e-9
75uM,psoralen,transfer,3,SWV,6,1193.0666666666666,-0.217,75,i1,8.5739254e-7,8.5739254e-7,-0.029,5.0809973e-7,5.0809973e-7,3.4929280999999995e-7,GC,1192.85,-0.39,130.33368,i2,1.316999e-8,1.316999e-8,-0.21,70.333282,6.1729328e-9,6.1729328e-9,6.9970572e-9
75uM,psoralen,transfer,3,SWV,7,1195.75,-0.213,75,i1,8.2391034e-7,8.2391034e-7,-0.039,5.0559566e-7,5.0559566e-7,3.1831468e-7,GC,1195.5,-0.399,133.33363,i2,1.0911385e-8,1.0911385e-8,-0.213,71.33329,5.8214544e-9,5.8214544e-9,5.0899306e-9
75uM,psoralen,transfer,3,SWV,7,1195.75,-0.213,75,i1,8.2391034e-7,8.2391034e-7,-0.039,5.0559566e-7,5.0559566e-7,3.1831468e-7,GC,1195.5,-0.399,133.33363,i2,1.0911385e-8,1.0911385e-8,-0.215,71.999962,5.8214544e-9,5.8214544e-9,5.0899306e-9
75uM,psoralen,transfer,3,SWV,8,1198.4833333333333,-0.217,75,i1,8.0570732e-7,8.0570732e-7,-0.035,5.0093661e-7,5.0093661e-7,3.047707100000001e-7,GC,1198.25,-0.399,133.33363,i2,1.0371049e-8,1.0371049e-8,-0.216,72.333298,5.5209139e-9,5.5209139e-9,4.8501351e-9
75uM,psoralen,soak,1,SWV,0,929.9833333333333,-0.22,75,i2,7.6017777e-6,7.6017777e-6,-0.006,4.442407e-7,4.442407e-7,7.157537e-6,NA,NA,NA,NA,NA,NA,NA,NA,NA,NA,NA,NA
75uM,psoralen,soak,1,SWV,1,938.4166666666666,-0.226,75,i2,5.4687507e-6,5.4687507e-6,-0,5.2264943e-7,5.2264943e-7,4.9461012700000005e-6,NA,NA,NA,NA,NA,NA,NA,NA,NA,NA,NA,NA
75uM,psoralen,soak,2,SWV,0,1111.7166666666667,-0.221,75,i2,5.211542e-6,5.211542e-6,-0,4.8024089e-7,4.8024089e-7,4.73130111e-6,NA,NA,NA,NA,NA,NA,NA,NA,NA,NA,NA,NA
75uM,psoralen,soak,3,SWV,0,1173.8666666666666,-0.22,75,i2,4.3527129e-6,4.3527129e-6,-0.002,4.5583283e-7,4.5583283e-7,3.89688007e-6,NA,NA,NA,NA,NA,NA,NA,NA,NA,NA,NA,NA
75uM,psoralen,transfer,1,SWV,0,952.2166666666667,-0.217,75,i2,6.4818787e-6,6.4818787e-6,-0.001,4.8004858e-7,4.8004858e-7,6.00183012e-6,NA,NA,NA,NA,NA,NA,NA,NA,NA,NA,NA,NA
75uM,psoralen,transfer,1,SWV,9,987.3833333333333,-0.316,75,i2,1.0290277e-5,1.0290277e-5,-0.001,5.1361457e-7,5.1361457e-7,9.776662430000001e-6,GC,987.1333333333333,-0.393,164.66649,i2,1.7282069e-8,1.7282069e-8,-0.187,96.000145,8.2114813e-9,8.2114813e-9,9.070587700000002e-9
75uM,psoralen,transfer,1,SWV,10,991.1666666666666,-0.313,75,i2,9.872474e-6,9.872474e-6,-0,5.0871984e-7,5.0871984e-7,9.36375416e-6,GC,990.95,-0.39,163.6665,i2,1.4343907e-8,1.4343907e-8,-0.182,94.333466,7.3163586e-9,7.3163586e-9,7.027548399999999e-9
75uM,psoralen,transfer,1,SWV,1,956.2333333333333,-0.321,75,i2,1.0842106e-5,1.0842106e-5,-0.002,6.1350244e-7,6.1350244e-7,1.022860356e-5,GC,955.9166666666666,-0.39,163.6665,i2,1.9214184e-7,1.9214184e-7,-0.162,87.666748,2.4686742e-8,2.4686742e-8,1.67455098e-7
75uM,psoralen,transfer,1,SWV,2,960.1833333333333,-0.314,75,i2,1.2916104e-5,1.2916104e-5,-0,6.0585927e-7,6.0585927e-7,1.231024473e-5,GC,959.9166666666666,-0.39,163.6665,i2,8.5081965e-8,8.5081965e-8,-0.173,91.333443,1.7496218e-8,1.7496218e-8,6.7585747e-8
75uM,psoralen,transfer,1,SWV,3,964.0833333333334,-0.316,75,i2,1.2471713e-5,1.2471713e-5,-0.001,5.656234e-7,5.656234e-7,1.19060896e-5,GC,963.8833333333333,-0.39,163.6665,i2,5.391389e-8,5.391389e-8,-0.177,92.666786,1.3713871e-8,1.3713871e-8,4.0200019e-8
75uM,psoralen,transfer,1,SWV,4,968.1,-0.315,75,i2,1.1993989e-5,1.1993989e-5,-0.002,5.5266713e-7,5.5266713e-7,1.144132187e-5,GC,967.9,-0.391,163.99983,i2,3.7373511e-8,3.7373511e-8,-0.186,95.666809,1.2629775e-8,1.2629775e-8,2.4743736e-8
75uM,psoralen,transfer,1,SWV,5,971.9166666666666,-0.315,75,i2,1.1194632e-5,1.1194632e-5,-0,5.2148391e-7,5.2148391e-7,1.0673148090000001e-5,GC,971.6833333333333,-0.39,163.6665,i2,2.8973613e-8,2.8973613e-8,-0.181,94.00013,1.0156072e-8,1.0156072e-8,1.8817541e-8
75uM,psoralen,transfer,1,SWV,6,975.75,-0.313,75,i2,1.0707063e-5,1.0707063e-5,-0.001,5.1608976e-7,5.1608976e-7,1.019097324e-5,GC,975.5166666666667,-0.39,163.6665,i2,2.6389175e-8,2.6389175e-8,-0.179,93.333458,9.1959498e-9,9.1959498e-9,1.71932252e-8
75uM,psoralen,transfer,1,SWV,7,979.5666666666667,-0.315,75,i2,1.0421942e-5,1.0421942e-5,-0.001,5.184358e-7,5.184358e-7,9.903506199999999e-6,GC,979.35,-0.39,163.6665,i2,2.0893641e-8,2.0893641e-8,-0.183,94.666801,8.4978398e-9,8.4978398e-9,1.23958012e-8
75uM,psoralen,transfer,1,SWV,8,983.5666666666667,-0.263,75,i2,2.0850587e-6,2.0850587e-6,-0.001,4.8513925e-7,4.8513925e-7,1.5999194499999997e-6,GC,983.1666666666666,-0.41,170.33307,i2,1.8281785e-8,1.8281785e-8,-0.19,97.000153,7.8977038e-9,7.8977038e-9,1.0384081199999998e-8
75uM,psoralen,transfer,2,SWV,0,1114.8666666666666,-0.217,75,i2,6.3933348e-6,6.3933348e-6,-0.003,4.5941425e-7,4.5941425e-7,5.93392055e-6,NA,NA,NA,NA,NA,NA,NA,NA,NA,NA,NA,NA
75uM,psoralen,transfer,2,SWV,9,1140.45,-0.317,75,i2,5.0214035e-6,5.0214035e-6,-0.004,4.5564269e-7,4.5564269e-7,4.56576081e-6,GC,1140.1833333333334,-0.39,130.33368,i2,1.049006e-8,1.049006e-8,-0.213,71.33329,6.1627685e-9,6.1627685e-9,4.327291499999999e-9
75uM,psoralen,transfer,2,SWV,10,1143.45,-0.318,75,i2,4.9623363e-6,4.9623363e-6,-0.001,4.329886e-7,4.329886e-7,4.5293477e-6,GC,1142.9166666666667,-0.399,133.33363,i2,1.0087645e-8,1.0087645e-8,-0.217,72.666634,5.8086909e-9,5.8086909e-9,4.2789541e-9
75uM,psoralen,transfer,2,SWV,11,1146.1166666666666,-0.317,75,i2,4.7561871e-6,4.7561871e-6,-0.003,4.5846693e-7,4.5846693e-7,4.29772017e-6,GC,1145.8833333333334,-0.397,132.66698,i2,9.3787795e-9,9.3787795e-9,-0.218,72.999969,5.5914695e-9,5.5914695e-9,3.78731e-9
75uM,psoralen,transfer,2,SWV,12,1149.3,-0.314,75,i2,4.8405986e-6,4.8405986e-6,-0,4.2703914e-7,4.2703914e-7,4.4135594599999995e-6,GC,1148.5833333333333,-0.391,130.66701,i2,9.3726342e-9,9.3726342e-9,-0.218,72.999969,5.6064788e-9,5.6064788e-9,3.7661553999999995e-9
75uM,psoralen,transfer,2,SWV,13,1152.0166666666667,-0.313,75,i2,4.6490377e-6,4.6490377e-6,-0,4.4707483e-7,4.4707483e-7,4.20196287e-6,GC,1151.7666666666667,-0.39,130.33368,i2,8.7189607e-9,8.7189607e-9,-0.182,60.999912,5.6504432e-9,5.6504432e-9,3.0685174999999993e-9
75uM,psoralen,transfer,2,SWV,14,1154.7,-0.316,75,i2,4.3936716e-6,4.3936716e-6,-0.003,4.4289325e-7,4.4289325e-7,3.95077835e-6,GC,1154.4333333333334,-0.398,133.00031,i2,7.2940218e-9,7.2940218e-9,-0.217,72.666634,5.0459343e-9,5.0459343e-9,2.2480875000000003e-9
75uM,psoralen,transfer,2,SWV,15,1157.4166666666667,-0.317,75,i2,4.2741194e-6,4.2741194e-6,-0.004,4.3899735e-7,4.3899735e-7,3.83512205e-6,GC,1157.1166666666666,-0.399,133.33363,i2,7.2123574e-9,7.2123574e-9,-0.221,73.999977,5.0137881e-9,5.0137881e-9,2.1985693000000004e-9
75uM,psoralen,transfer,2,SWV,1,1118.0666666666666,-0.324,75,i2,7.5180628e-6,7.5180628e-6,-0,5.1507322e-7,5.1507322e-7,7.00298958e-6,GC,1117.7333333333333,-0.39,130.33368,i2,1.1399026e-7,1.1399026e-7,-0.183,61.333244,2.1149626e-8,2.1149626e-8,9.2840634e-8
75uM,psoralen,transfer,2,SWV,2,1120.8333333333333,-0.323,75,i2,7.5871321e-6,7.5871321e-6,-0.001,4.856941e-7,4.856941e-7,7.101438e-6,GC,1120.55,-0.399,133.33363,i2,5.148782e-8,5.148782e-8,-0.192,64.333237,1.2767458e-8,1.2767458e-8,3.8720362e-8
75uM,psoralen,transfer,2,SWV,3,1123.55,-0.319,75,i2,6.8835061e-6,6.8835061e-6,-0.001,4.7914898e-7,4.7914898e-7,6.4043571199999995e-6,GC,1123.3,-0.397,132.66698,i2,3.2088341e-8,3.2088341e-8,-0.195,65.333244,9.9512611e-9,9.9512611e-9,2.2137079900000002e-8
75uM,psoralen,transfer,2,SWV,4,1126.25,-0.32,75,i2,6.4494925e-6,6.4494925e-6,-0.002,4.7164684e-7,4.7164684e-7,5.97784566e-6,GC,1126.0166666666667,-0.39,130.33368,i2,2.5487434e-8,2.5487434e-8,-0.2,66.999924,9.0585024e-9,9.0585024e-9,1.64289316e-8
75uM,psoralen,transfer,2,SWV,5,1129.5666666666666,-0.319,75,i2,5.834298e-6,5.834298e-6,-0,4.6925038e-7,4.6925038e-7,5.36504762e-6,GC,1129.3333333333333,-0.399,133.33363,i2,1.9048558e-8,1.9048558e-8,-0.208,69.666611,8.4344931e-9,8.4344931e-9,1.0614064899999999e-8
75uM,psoralen,transfer,2,SWV,6,1132.2666666666667,-0.317,75,i2,5.5551172e-6,5.5551172e-6,-0.001,4.7244572e-7,4.7244572e-7,5.08267148e-6,GC,1132.05,-0.39,130.33368,i2,1.4793123e-8,1.4793123e-8,-0.207,69.333275,7.1002009e-9,7.1002009e-9,7.6929221e-9
75uM,psoralen,transfer,2,SWV,7,1135,-0.315,75,i2,5.2841833e-6,5.2841833e-6,-0.001,4.6392731e-7,4.6392731e-7,4.82025599e-6,GC,1134.75,-0.39,130.33368,i2,1.3128035e-8,1.3128035e-8,-0.208,69.666611,6.9206796e-9,6.9206796e-9,6.2073554e-9
75uM,psoralen,transfer,2,SWV,8,1137.7166666666667,-0.317,75,i2,5.0817653e-6,5.0817653e-6,-0,4.5628823e-7,4.5628823e-7,4.62547707e-6,GC,1137.4666666666667,-0.39,130.33368,i2,1.2443988e-8,1.2443988e-8,-0.211,70.666618,6.4338819e-9,6.4338819e-9,6.0101061e-9
75uM,psoralen,transfer,3,SWV,0,1176.7333333333333,-0.218,75,i2,5.5321975e-6,5.5321975e-6,-0.002,4.5217465e-7,4.5217465e-7,5.08002285e-6,NA,NA,NA,NA,NA,NA,NA,NA,NA,NA,NA,NA
75uM,psoralen,transfer,3,SWV,9,1201.1166666666666,-0.313,75,i2,4.5261791e-6,4.5261791e-6,-0,4.6426851e-7,4.6426851e-7,4.06191059e-6,GC,1200.9,-0.392,131.00034,i2,9.5882013e-9,9.5882013e-9,-0.213,71.33329,5.5499867e-9,5.5499867e-9,4.038214599999999e-9
75uM,psoralen,transfer,3,SWV,10,1203.7833333333333,-0.31,75,i2,4.4592484e-6,4.4592484e-6,-0.001,4.5712795e-7,4.5712795e-7,4.00212045e-6,GC,1203.55,-0.398,133.00031,i2,9.074812e-9,9.074812e-9,-0.216,72.333298,5.4873497e-9,5.4873497e-9,3.5874622999999994e-9
75uM,psoralen,transfer,3,SWV,11,1206.4333333333334,-0.316,75,i2,4.3418795e-6,4.3418795e-6,-0.003,4.5019539e-7,4.5019539e-7,3.89168411e-6,GC,1206.2166666666667,-0.399,133.33363,i2,8.1332434e-9,8.1332434e-9,-0.217,72.666634,5.1901181e-9,5.1901181e-9,2.9431253000000005e-9
75uM,psoralen,transfer,3,SWV,12,1209.15,-0.313,75,i2,4.1821759e-6,4.1821759e-6,-0,4.5859844e-7,4.5859844e-7,3.7235774599999998e-6,GC,1208.9,-0.399,133.33363,i2,7.0602546e-9,7.0602546e-9,-0.221,73.999977,4.9489057e-9,4.9489057e-9,2.1113489000000002e-9
75uM,psoralen,transfer,3,SWV,13,1211.9,-0.311,75,i2,4.1632989e-6,4.1632989e-6,-0.002,4.4956499e-7,4.4956499e-7,3.71373391e-6,GC,1211.5833333333333,-0.399,133.33363,i2,7.6002351e-9,7.6002351e-9,-0.221,73.999977,4.9673421e-9,4.9673421e-9,2.632893000000001e-9
75uM,psoralen,transfer,3,SWV,14,1214.5,-0.312,75,i2,3.990569e-6,3.990569e-6,-0,4.5223928e-7,4.5223928e-7,3.53832972e-6,GC,1214.3,-0.399,133.33363,i2,6.6095032e-9,6.6095032e-9,-0.223,74.666649,4.6792104e-9,4.6792104e-9,1.9302927999999996e-9
75uM,psoralen,transfer,3,SWV,15,1217.3,-0.31,75,i2,3.9407537e-6,3.9407537e-6,-0.001,4.5326067e-7,4.5326067e-7,3.4874930299999996e-6,GC,1216.95,-0.398,133.00031,i2,6.7361952e-9,6.7361952e-9,-0.225,75.333321,4.7002473e-9,4.7002473e-9,2.0359479e-9
75uM,psoralen,transfer,3,SWV,1,1179.6,-0.318,75,i2,6.3615553e-6,6.3615553e-6,-0,4.7283214e-7,4.7283214e-7,5.88872316e-6,GC,1179.35,-0.39,130.33368,i2,8.197776e-8,8.197776e-8,-0.185,61.999908,1.5784684e-8,1.5784684e-8,6.6193076e-8
75uM,psoralen,transfer,3,SWV,1,1179.6,-0.318,75,i2,6.3615553e-6,6.3615553e-6,-0,4.7283214e-7,4.7283214e-7,5.88872316e-6,GC,1179.35,-0.39,130.33368,i2,8.197776e-8,8.197776e-8,-0.186,62.333241,1.5784684e-8,1.5784684e-8,6.6193076e-8
75uM,psoralen,transfer,3,SWV,2,1182.3833333333334,-0.318,75,i2,6.2717572e-6,6.2717572e-6,-0,4.651323e-7,4.651323e-7,5.8066249000000006e-6,GC,1182.05,-0.39,130.33368,i2,3.9373532e-8,3.9373532e-8,-0.196,65.66658,9.9512611e-9,9.9512611e-9,2.9422270900000002e-8
75uM,psoralen,transfer,3,SWV,3,1185.05,-0.314,75,i2,5.8225692e-6,5.8225692e-6,-0,4.7753917e-7,4.7753917e-7,5.34503003e-6,GC,1184.8333333333333,-0.39,130.33368,i2,2.7150515e-8,2.7150515e-8,-0.199,66.666588,8.2569818e-9,8.2569818e-9,1.88935332e-8
75uM,psoralen,transfer,3,SWV,3,1185.05,-0.314,75,i2,5.8225692e-6,5.8225692e-6,-0,4.7753917e-7,4.7753917e-7,5.34503003e-6,GC,1184.8333333333333,-0.39,130.33368,i2,2.7150515e-8,2.7150515e-8,-0.2,66.999924,8.2569818e-9,8.2569818e-9,1.88935332e-8
75uM,psoralen,transfer,3,SWV,4,1187.75,-0.316,75,i2,5.5317623e-6,5.5317623e-6,-0,4.7374067e-7,4.7374067e-7,5.0580216300000004e-6,GC,1187.5166666666667,-0.399,133.33363,i2,1.9387272e-8,1.9387272e-8,-0.202,67.666595,7.5151441e-9,7.5151441e-9,1.1872127900000001e-8
75uM,psoralen,transfer,3,SWV,5,1190.4166666666667,-0.315,75,i2,5.2997907e-6,5.2997907e-6,-0.001,4.7395133e-7,4.7395133e-7,4.82583937e-6,GC,1190.1833333333334,-0.39,130.33368,i2,1.6799525e-8,1.6799525e-8,-0.206,68.999939,6.8003687e-9,6.8003687e-9,9.9991563e-9
75uM,psoralen,transfer,3,SWV,6,1193.0666666666666,-0.313,75,i2,5.012515e-6,5.012515e-6,-0,4.7596288e-7,4.7596288e-7,4.53655212e-6,GC,1192.85,-0.39,130.33368,i2,1.316999e-8,1.316999e-8,-0.21,70.333282,6.1729328e-9,6.1729328e-9,6.9970572e-9
75uM,psoralen,transfer,3,SWV,7,1195.75,-0.313,75,i2,4.7789249e-6,4.7789249e-6,-0.001,4.6189456e-7,4.6189456e-7,4.31703034e-6,GC,1195.5,-0.399,133.33363,i2,1.0911385e-8,1.0911385e-8,-0.213,71.33329,5.8214544e-9,5.8214544e-9,5.0899306e-9
75uM,psoralen,transfer,3,SWV,7,1195.75,-0.313,75,i2,4.7789249e-6,4.7789249e-6,-0.001,4.6189456e-7,4.6189456e-7,4.31703034e-6,GC,1195.5,-0.399,133.33363,i2,1.0911385e-8,1.0911385e-8,-0.215,71.999962,5.8214544e-9,5.8214544e-9,5.0899306e-9
75uM,psoralen,transfer,3,SWV,8,1198.4833333333333,-0.314,75,i2,4.586821e-6,4.586821e-6,-0.001,4.5222947e-7,4.5222947e-7,4.13459153e-6,GC,1198.25,-0.399,133.33363,i2,1.0371049e-8,1.0371049e-8,-0.216,72.333298,5.5209139e-9,5.5209139e-9,4.8501351e-9
