﻿measured_phenazine,strain,material,condition,rep,RT,Area,Channel Name,Amount
PYO,WT,biofilm,noSon,1,5.993,32519,313.0nm,0.991
PCN,WT,biofilm,noSon,1,8.861,90256,364.0nm,6.237
PCN,WT,biofilm,noSon,2,8.814,80927,364.0nm,5.592
PYO,WT,biofilm,noSon,3,5.995,29463,313.0nm,0.898
PCN,WT,biofilm,noSon,3,8.859,77111,364.0nm,5.328
PYO,WT,biofilm,withSon,1,5.985,34000,313.0nm,1.036
PCA,WT,biofilm,withSon,1,3.603,516,364.0nm,0.033
PCN,WT,biofilm,withSon,1,8.851,96133,364.0nm,6.643
PYO,WT,biofilm,withSon,2,5.99,31109,313.0nm,0.948
PCA,WT,biofilm,withSon,2,3.366,3501,364.0nm,0.222
PCN,WT,biofilm,withSon,2,8.859,92724,364.0nm,6.407
PYO,WT,biofilm,withSon,3,6,30769,313.0nm,0.938
PCA,WT,biofilm,withSon,3,3.619,627,364.0nm,0.04
PCN,WT,biofilm,withSon,3,8.869,96596,364.0nm,6.675