﻿Name,strain,day,condition,rep,RT,Area,Channel Name,Amount
PYO,dPHZstar,D3,PCA,1,6.218,421934,QDa Ch1 211.29 Da,0.014
PCN,dPHZstar,D3,PCA,1,8.976,6021371,QDa Ch2 224.25 Da,0.074
PCA,dPHZstar,D3,PCA,1,3.997,4521613,QDa Ch3 225.24 Da,0.36
PYO,dPHZstar,D3,PCA,2,6.115,630710,QDa Ch1 211.29 Da,0.02
PCN,dPHZstar,D3,PCA,2,8.9,2504567,QDa Ch2 224.25 Da,0.007
PCA,dPHZstar,D3,PCA,2,3.894,2031515,QDa Ch3 225.24 Da,0.1
PYO,dPHZstar,D3,PCA,3,6.053,30035,QDa Ch1 211.29 Da,0.001
PCN,dPHZstar,D3,PCA,3,8.911,784126,QDa Ch2 224.25 Da,NA
PCA,dPHZstar,D3,PCA,3,3.553,2200688,QDa Ch3 225.24 Da,0.118
PYO,dPHZstar,D4,PCA,1,5.801,3978,QDa Ch1 211.29 Da,NA
PCN,dPHZstar,D4,PCA,1,8.882,454024,QDa Ch2 224.25 Da,NA
PCA,dPHZstar,D4,PCA,1,3.502,32530,QDa Ch3 225.24 Da,NA
PYO,dPHZstar,D4,PCA,2,6.009,8623,QDa Ch1 211.29 Da,NA
PCN,dPHZstar,D4,PCA,2,8.91,248484,QDa Ch2 224.25 Da,NA
PCA,dPHZstar,D4,PCA,2,3.547,30157,QDa Ch3 225.24 Da,NA
PYO,dPHZstar,D4,PCA,3,6.046,5069,QDa Ch1 211.29 Da,NA
PCN,dPHZstar,D4,PCA,3,8.885,121730,QDa Ch2 224.25 Da,NA
PCA,dPHZstar,D4,PCA,3,3.449,9091,QDa Ch3 225.24 Da,NA
PYO,dPHZstar,D3,PCN,1,6.214,3245,QDa Ch1 211.29 Da,NA
PCN,dPHZstar,D3,PCN,1,8.892,57192704,QDa Ch2 224.25 Da,1.056
PCA,dPHZstar,D3,PCN,1,3.091,39414,QDa Ch3 225.24 Da,NA
PYO,dPHZstar,D3,PCN,2,5.813,1903,QDa Ch1 211.29 Da,NA
PCN,dPHZstar,D3,PCN,2,8.898,59958009,QDa Ch2 224.25 Da,1.11
PCA,dPHZstar,D3,PCN,2,3.516,35006,QDa Ch3 225.24 Da,NA
PCN,dPHZstar,D3,PCN,3,8.887,59827637,QDa Ch2 224.25 Da,1.107
PCA,dPHZstar,D3,PCN,3,3.484,27714,QDa Ch3 225.24 Da,NA
PCN,dPHZstar,D4,PCN,1,8.901,4489160,QDa Ch2 224.25 Da,0.045
PCA,dPHZstar,D4,PCN,1,3.436,21132,QDa Ch3 225.24 Da,NA
PYO,dPHZstar,D4,PCN,2,5.827,2741,QDa Ch1 211.29 Da,NA
PCN,dPHZstar,D4,PCN,2,8.902,4722148,QDa Ch2 224.25 Da,0.049
PCA,dPHZstar,D4,PCN,2,3.274,26397,QDa Ch3 225.24 Da,NA
PCN,dPHZstar,D4,PCN,3,8.891,4746569,QDa Ch2 224.25 Da,0.05
PCA,dPHZstar,D4,PCN,3,3.166,27332,QDa Ch3 225.24 Da,NA
PYO,dPHZstar,D3,PYO,1,6.031,113565422,QDa Ch1 211.29 Da,3.694
PCN,dPHZstar,D3,PYO,1,8.892,87932,QDa Ch2 224.25 Da,NA
PCA,dPHZstar,D3,PYO,1,3.179,33282,QDa Ch3 225.24 Da,NA
PYO,dPHZstar,D3,PYO,2,6.031,152269992,QDa Ch1 211.29 Da,4.954
PCN,dPHZstar,D3,PYO,2,8.901,40926,QDa Ch2 224.25 Da,NA
PCA,dPHZstar,D3,PYO,2,3.294,41349,QDa Ch3 225.24 Da,NA
PYO,dPHZstar,D3,PYO,3,6.058,160147621,QDa Ch1 211.29 Da,5.21
PCA,dPHZstar,D3,PYO,3,4.018,33570,QDa Ch3 225.24 Da,NA
PYO,dPHZstar,D4,PYO,1,6.072,26631508,QDa Ch1 211.29 Da,0.866
PCN,dPHZstar,D4,PYO,1,8.676,175003,QDa Ch2 224.25 Da,NA
PCA,dPHZstar,D4,PYO,1,3.859,110783,QDa Ch3 225.24 Da,NA
PYO,dPHZstar,D4,PYO,2,6.04,29012689,QDa Ch1 211.29 Da,0.944
PCN,dPHZstar,D4,PYO,2,9.068,21473,QDa Ch2 224.25 Da,NA
PCA,dPHZstar,D4,PYO,2,3.941,128289,QDa Ch3 225.24 Da,NA
PYO,dPHZstar,D4,PYO,3,6.032,61546663,QDa Ch1 211.29 Da,2.002
PCN,dPHZstar,D4,PYO,3,8.936,17998,QDa Ch2 224.25 Da,NA
PYO,dPHZstar,D3,PHZ,1,6.025,89764647,QDa Ch1 211.29 Da,2.92
PCN,dPHZstar,D3,PHZ,1,8.885,67215958,QDa Ch2 224.25 Da,1.249
PCA,dPHZstar,D3,PHZ,1,3.423,1242062,QDa Ch3 225.24 Da,0.018
PYO,dPHZstar,D3,PHZ,2,6.017,78936365,QDa Ch1 211.29 Da,2.568
PCN,dPHZstar,D3,PHZ,2,8.884,67843301,QDa Ch2 224.25 Da,1.261
PCA,dPHZstar,D3,PHZ,2,3.399,2260646,QDa Ch3 225.24 Da,0.124
PYO,dPHZstar,D3,PHZ,3,6.025,82355152,QDa Ch1 211.29 Da,2.679
PCN,dPHZstar,D3,PHZ,3,8.896,76009299,QDa Ch2 224.25 Da,1.418
PCA,dPHZstar,D3,PHZ,3,3.39,1893725,QDa Ch3 225.24 Da,0.086
PYO,dPHZstar,D4,PHZ,1,6.013,15513581,QDa Ch1 211.29 Da,0.504
PCN,dPHZstar,D4,PHZ,1,8.881,5195099,QDa Ch2 224.25 Da,0.058
PCA,dPHZstar,D4,PHZ,1,3.353,19446,QDa Ch3 225.24 Da,NA
PYO,dPHZstar,D4,PHZ,2,6.02,16214467,QDa Ch1 211.29 Da,0.527
PCN,dPHZstar,D4,PHZ,2,8.879,6033119,QDa Ch2 224.25 Da,0.074
PCA,dPHZstar,D4,PHZ,2,3.397,39920,QDa Ch3 225.24 Da,NA
PYO,dPHZstar,D4,PHZ,3,6.008,17242744,QDa Ch1 211.29 Da,0.561
PCN,dPHZstar,D4,PHZ,3,8.884,3780856,QDa Ch2 224.25 Da,0.031
PCA,dPHZstar,D4,PHZ,3,3.277,27329,QDa Ch3 225.24 Da,NA