﻿Name,Strain,Day,Phenazine,Rep,RT,Area,Channel Name,Amount
PYO,dPHZstar,D3,PCA,1,6.207,2449,313.0nm,0.083
PCA,dPHZstar,D3,PCA,1,3.979,5814,364.0nm,0.376
PYO,dPHZstar,D3,PCA,2,5.989,1474,313.0nm,0.05
PCA,dPHZstar,D3,PCA,2,3.882,4155,364.0nm,0.269
PYO,dPHZstar,D3,PCA,3,5.973,2343,313.0nm,0.08
PCN,dPHZstar,D3,PCN,1,8.875,35318,364.0nm,2.469
PCN,dPHZstar,D3,PCN,2,8.887,35640,364.0nm,2.492
PCN,dPHZstar,D3,PCN,3,8.874,34703,364.0nm,2.426
PYO,dPHZstar,D3,PYO,1,6.017,287114,313.0nm,9.77
PYO,dPHZstar,D3,PYO,2,6.013,283318,313.0nm,9.641
PYO,dPHZstar,D3,PYO,3,6.028,266024,313.0nm,9.052
PYO,dPHZstar,D4,PYO,1,6.041,67331,313.0nm,2.291
PYO,dPHZstar,D4,PYO,2,6.023,47530,313.0nm,1.617
PYO,dPHZstar,D4,PYO,3,6.015,74868,313.0nm,2.548
PYO,dPHZstar,D3,PHZ,1,6.001,113181,313.0nm,3.851
PCN,dPHZstar,D3,PHZ,1,8.862,33833,364.0nm,2.365
PYO,dPHZstar,D3,PHZ,2,5.997,115402,313.0nm,3.927
PCN,dPHZstar,D3,PHZ,2,8.861,33457,364.0nm,2.339
PYO,dPHZstar,D3,PHZ,3,6.005,117028,313.0nm,3.982
PCN,dPHZstar,D3,PHZ,3,8.871,35511,364.0nm,2.483
PYO,dPHZstar,D4,PHZ,1,5.997,15468,313.0nm,0.526
PCA,dPHZstar,D4,PHZ,1,4.03,1541,364.0nm,0.1
PYO,dPHZstar,D4,PHZ,2,6,16151,313.0nm,0.55
PYO,dPHZstar,D4,PHZ,3,5.995,20086,313.0nm,0.683