﻿rep,material,material_id,ruphen_conc,quencher_conc,quencher_eq,quencher_id,comment
5,biofilm,1,0,0,NA,Rh,
6,biofilm,1,1,0,0,Rh,
7,biofilm,1,1,0,0,Rh,
8,biofilm,1,5,0,0,Rh,
9,biofilm,1,5,5,1,Rh,
10,biofilm,1,5,10,2,Rh,
11,biofilm,1,5,20,4,Rh,
12,biofilm,1,5,40,8,Rh,
13,biofilm,2,0,0,NA,Rh,
14,biofilm,2,5,0,0,Rh,
15,biofilm,2,5,5,1,Rh,
16,biofilm,2,5,10,2,Rh,
17,biofilm,2,5,15,3,Rh,
18,biofilm,2,5,20,4,Rh,
19,biofilm,2,5,30,6,Rh,
20,biofilm,2,5,40,8,Rh,
21,biofilm,2,5,50,10,Rh,
22,biofilm,2,5,60,12,Rh,
39,biofilm,2,5,60,12,Rh,1 hr later
23,liquid_cells,1,0,0,NA,Rh,
24,liquid_cells,1,5,0,0,Rh,
25,liquid_cells,1,5,5,1,Rh,
26,liquid_cells,1,5,10,2,Rh,
27,liquid_cells,1,5,20,4,Rh,
28,biofilm,3,0,0,NA,RuHex,
29,biofilm,3,5,0,0,RuHex,
30,biofilm,3,5,5,1,RuHex,
31,biofilm,3,5,10,2,RuHex,
32,biofilm,3,5,20,4,RuHex,
33,biofilm,3,5,40,8,RuHex,
34,biofilm,3,5,80,16,RuHex,
35,biofilm,3,5,120,24,RuHex,
36,biofilm,3,5,160,32,RuHex,
37,biofilm,3,5,200,40,RuHex,
38,biofilm,3,5,500,100,RuHex,
40,biofilm,4,0,0,NA,none,
41,biofilm,4,5,0,0,none,
42,biofilm,4,5,0,0,none,
43,biofilm,4,5,0,0,none,
44,biofilm,4,5,0,0,none,
54,biofilm,4,5,0,0,none,15 min later
45,biofilm,5,0,0,NA,Rh,
46,biofilm,5,10,0,0,Rh,
47,biofilm,5,10,10,1,Rh,
48,biofilm,5,10,20,2,Rh,
49,biofilm,5,10,30,3,Rh,
50,biofilm,5,10,40,4,Rh,
51,biofilm,5,10,60,6,Rh,
52,biofilm,5,10,80,8,Rh,
53,biofilm,5,10,100,10,Rh,
55,ctDNA,1,0,0,NA,Rh,500uM nucleotides
56,ctDNA,1,5,0,0,Rh,
57,ctDNA,1,5,5,1,Rh,
58,ctDNA,1,5,10,2,Rh,
59,ctDNA,1,5,15,3,Rh,
60,ctDNA,1,5,20,4,Rh,
61,ctDNA,1,5,30,6,Rh,
62,ctDNA,1,5,40,8,Rh,
63,ctDNA,1,5,50,10,Rh,