﻿measured_phenazine,strain,treatment,day,material,rep,RT,Area,Channel Name,Amount
PYO,dPEL,none,D4,cells,1,6.06,68442,313.0nm,2.585
PCA,dPEL,none,D4,cells,1,2.925,10657,364.0nm,0.688
PCN,dPEL,none,D4,cells,1,8.886,226830,364.0nm,17.304
PYO,dPEL,none,D4,cells,2,6.067,70378,313.0nm,2.658
PCA,dPEL,none,D4,cells,2,2.894,9822,364.0nm,0.634
PCN,dPEL,none,D4,cells,2,8.897,215873,364.0nm,16.468
PYO,dPEL,none,D4,cells,3,6.048,73642,313.0nm,2.782
PCA,dPEL,none,D4,cells,3,2.89,9854,364.0nm,0.636
PCN,dPEL,none,D4,cells,3,8.876,219029,364.0nm,16.709
PYO,dPEL,dnase,D4,cells,1,6.062,79850,313.0nm,3.016
PCA,dPEL,dnase,D4,cells,1,2.89,10384,364.0nm,0.67
PCN,dPEL,dnase,D4,cells,1,8.888,235254,364.0nm,17.946
PYO,dPEL,dnase,D4,cells,2,6.054,87142,313.0nm,3.292
PCA,dPEL,dnase,D4,cells,2,2.887,10694,364.0nm,0.69
PCN,dPEL,dnase,D4,cells,2,8.882,238178,364.0nm,18.17
PYO,dPEL,dnase,D4,cells,3,6.057,79659,313.0nm,3.009
PCA,dPEL,dnase,D4,cells,3,2.892,9559,364.0nm,0.617
PCN,dPEL,dnase,D4,cells,3,8.889,224853,364.0nm,17.153
PYO,parWT,none,D4,cells,1,6.058,112620,313.0nm,4.254
PCA,parWT,none,D4,cells,1,2.884,12221,364.0nm,0.788
PCN,parWT,none,D4,cells,1,8.882,221277,364.0nm,16.88
PYO,parWT,none,D4,cells,2,6.054,113343,313.0nm,4.281
PCA,parWT,none,D4,cells,2,2.89,11791,364.0nm,0.761
PCN,parWT,none,D4,cells,2,8.885,235562,364.0nm,17.97
PYO,parWT,none,D4,cells,3,6.05,115030,313.0nm,4.345
PCA,parWT,none,D4,cells,3,2.899,12012,364.0nm,0.775
PCN,parWT,none,D4,cells,3,8.884,220430,364.0nm,16.816
PYO,parWT,dnase,D4,cells,1,6.035,142692,313.0nm,5.39
PCA,parWT,dnase,D4,cells,1,2.903,12500,364.0nm,0.807
PCN,parWT,dnase,D4,cells,1,8.867,265215,364.0nm,20.232
PYO,parWT,dnase,D4,cells,2,6.033,139603,313.0nm,5.273
PCA,parWT,dnase,D4,cells,2,2.889,13201,364.0nm,0.852
PCN,parWT,dnase,D4,cells,2,8.865,261564,364.0nm,19.954
PYO,parWT,dnase,D4,cells,3,6.05,145352,313.0nm,5.491
PCA,parWT,dnase,D4,cells,3,2.912,12819,364.0nm,0.827
PCN,parWT,dnase,D4,cells,3,8.885,257027,364.0nm,19.607
PYO,PBS,blank,blank,blank,1,6.068,351,313.0nm,0.013
PCA,PBS,blank,blank,blank,1,2.956,228,364.0nm,0.015
PCN,PBS,blank,blank,blank,1,8.879,997,364.0nm,0.076
PYO,dPEL,none,D4,agar,1,6.053,8584,313.0nm,0.324
PCA,dPEL,none,D4,agar,1,2.913,31484,364.0nm,2.031
PCN,dPEL,none,D4,agar,1,8.884,85982,364.0nm,6.559
PYO,dPEL,none,D4,agar,2,6.044,8962,313.0nm,0.339
PCA,dPEL,none,D4,agar,2,2.898,30886,364.0nm,1.993
PCN,dPEL,none,D4,agar,2,8.875,78309,364.0nm,5.974
PYO,dPEL,none,D4,agar,3,6.041,9625,313.0nm,0.364
PCA,dPEL,none,D4,agar,3,2.895,29918,364.0nm,1.93
PCN,dPEL,none,D4,agar,3,8.872,65806,364.0nm,5.02
PYO,dPEL,dnase,D4,agar,1,6.057,9722,313.0nm,0.367
PCA,dPEL,dnase,D4,agar,1,2.892,33419,364.0nm,2.156
PCN,dPEL,dnase,D4,agar,1,8.885,76194,364.0nm,5.813
PYO,dPEL,dnase,D4,agar,2,6.05,8473,313.0nm,0.32
PCA,dPEL,dnase,D4,agar,2,2.897,30950,364.0nm,1.997
PCN,dPEL,dnase,D4,agar,2,8.879,80942,364.0nm,6.175
PYO,dPEL,dnase,D4,agar,3,6.051,8515,313.0nm,0.322
PCA,dPEL,dnase,D4,agar,3,2.906,29703,364.0nm,1.916
PCN,dPEL,dnase,D4,agar,3,8.876,84786,364.0nm,6.468
PYO,parWT,none,D4,agar,1,6.045,15368,313.0nm,0.581
PCA,parWT,none,D4,agar,1,2.903,41544,364.0nm,2.68
PCN,parWT,none,D4,agar,1,8.877,78585,364.0nm,5.995
PYO,parWT,none,D4,agar,2,6.035,17317,313.0nm,0.654
PCA,parWT,none,D4,agar,2,2.894,43318,364.0nm,2.795
PCN,parWT,none,D4,agar,2,8.868,91483,364.0nm,6.979
PYO,parWT,none,D4,agar,3,6.047,14197,313.0nm,0.536
PCA,parWT,none,D4,agar,3,2.878,37931,364.0nm,2.447
PCN,parWT,none,D4,agar,3,8.88,77679,364.0nm,5.926
PYO,parWT,dnase,D4,agar,1,6.04,22570,313.0nm,0.853
PCA,parWT,dnase,D4,agar,1,2.879,59650,364.0nm,3.849
PCN,parWT,dnase,D4,agar,1,8.876,78661,364.0nm,6.001
PYO,parWT,dnase,D4,agar,2,6.048,20649,313.0nm,0.78
PCA,parWT,dnase,D4,agar,2,2.884,52045,364.0nm,3.358
PCN,parWT,dnase,D4,agar,2,8.882,67342,364.0nm,5.137
PYO,parWT,dnase,D4,agar,3,6.051,19935,313.0nm,0.753
PCA,parWT,dnase,D4,agar,3,2.883,51472,364.0nm,3.321
PCN,parWT,dnase,D4,agar,3,8.883,113146,364.0nm,8.631
PCA,PBS,blank,blank,blank,1,2.926,220,364.0nm,0.014
PCN,PBS,blank,blank,blank,1,8.885,551,364.0nm,0.042