﻿strain,treatment,phz_added,etbr_added_uM,Replicate,Measured_Volume
∆pelB,none,NA,NA,1,700
∆pelB,none,NA,NA,2,719
∆pelB,none,NA,NA,3,689
∆pelB,dnase,NA,NA,1,725
∆pelB,dnase,NA,NA,2,733
∆pelB,dnase,NA,NA,3,711
ParWT,none,NA,NA,1,737
ParWT,none,NA,NA,2,771
ParWT,none,NA,NA,3,742
ParWT,dnase,NA,NA,1,735
ParWT,dnase,NA,NA,2,726
ParWT,dnase,NA,NA,3,771
dPHZstar,etbr,PCA,0uM,1,766
dPHZstar,etbr,PCA,0uM,2,750
dPHZstar,etbr,PCA,0uM,3,774
dPHZstar,etbr,PCA,10uM,1,780
dPHZstar,etbr,PCA,10uM,2,780
dPHZstar,etbr,PCA,10uM,3,790
dPHZstar,etbr,PCA,100uM,1,795
dPHZstar,etbr,PCA,100uM,2,760
dPHZstar,etbr,PCA,100uM,3,790
dPHZstar,etbr,PCA,500uM,1,702
dPHZstar,etbr,PCA,500uM,2,718
dPHZstar,etbr,PCA,500uM,3,709
dPHZstar,etbr,PCN,0uM,1,765
dPHZstar,etbr,PCN,0uM,2,760
dPHZstar,etbr,PCN,0uM,3,810
dPHZstar,etbr,PCN,10uM,1,765
dPHZstar,etbr,PCN,10uM,2,752
dPHZstar,etbr,PCN,10uM,3,690
dPHZstar,etbr,PCN,100uM,1,774
dPHZstar,etbr,PCN,100uM,2,738
dPHZstar,etbr,PCN,100uM,3,760
dPHZstar,etbr,PCN,500uM,1,NA
dPHZstar,etbr,PCN,500uM,2,720
dPHZstar,etbr,PCN,500uM,3,670
dPHZstar,etbr,PYO,0uM,1,780
dPHZstar,etbr,PYO,0uM,2,770
dPHZstar,etbr,PYO,0uM,3,770
dPHZstar,etbr,PYO,10uM,1,800
dPHZstar,etbr,PYO,10uM,2,785
dPHZstar,etbr,PYO,10uM,3,795
dPHZstar,etbr,PYO,100uM,1,785
dPHZstar,etbr,PYO,100uM,2,725
dPHZstar,etbr,PYO,100uM,3,735
dPHZstar,etbr,PYO,500uM,1,744
dPHZstar,etbr,PYO,500uM,2,715
dPHZstar,etbr,PYO,500uM,3,735