﻿measured_phenazine,strain,phz_added_uM,phz_added,etbr_added_uM,etbr_added_int,etbr,rep,RT,Area,Channel Name,Amount
PYO,dPHZstar,50uM,PYO,0uM,0,etbr,1,6.038,348084,313.0nm,13.149
PCA,dPHZstar,50uM,PYO,0uM,0,etbr,1,2.846,31,364.0nm,0.002
PCN,dPHZstar,50uM,PYO,0uM,0,etbr,1,8.706,517,364.0nm,0.039
PYO,dPHZstar,50uM,PYO,0uM,0,etbr,2,6.034,332025,313.0nm,12.542
PCA,dPHZstar,50uM,PYO,0uM,0,etbr,2,3.015,22,364.0nm,0.001
PCN,dPHZstar,50uM,PYO,0uM,0,etbr,2,8.694,614,364.0nm,0.047
PYO,dPHZstar,50uM,PYO,0uM,0,etbr,3,6.039,382146,313.0nm,14.435
PCA,dPHZstar,50uM,PYO,0uM,0,etbr,3,2.974,39,364.0nm,0.003
PCN,dPHZstar,50uM,PYO,0uM,0,etbr,3,8.701,436,364.0nm,0.033
PYO,dPHZstar,50uM,PYO,10uM,10,etbr,1,6.042,450658,313.0nm,17.023
PCA,dPHZstar,50uM,PYO,10uM,10,etbr,1,3.088,32,364.0nm,0.002
PCN,dPHZstar,50uM,PYO,10uM,10,etbr,1,8.776,319,364.0nm,0.024
PYO,dPHZstar,50uM,PYO,10uM,10,etbr,2,6.045,371913,313.0nm,14.049
PCA,dPHZstar,50uM,PYO,10uM,10,etbr,2,3.118,20,364.0nm,0.001
PCN,dPHZstar,50uM,PYO,10uM,10,etbr,2,8.705,309,364.0nm,0.024
PYO,dPHZstar,50uM,PYO,10uM,10,etbr,3,6.048,452176,313.0nm,17.081
PCA,dPHZstar,50uM,PYO,10uM,10,etbr,3,2.947,77,364.0nm,0.005
PCN,dPHZstar,50uM,PYO,10uM,10,etbr,3,8.792,361,364.0nm,0.028
PYO,dPHZstar,50uM,PYO,100uM,100,etbr,1,6.046,356788,313.0nm,13.477
PCA,dPHZstar,50uM,PYO,100uM,100,etbr,1,3.1,48,364.0nm,0.003
PCN,dPHZstar,50uM,PYO,100uM,100,etbr,1,8.793,493,364.0nm,0.038
PYO,dPHZstar,50uM,PYO,100uM,100,etbr,2,6.024,209776,313.0nm,7.924
PCA,dPHZstar,50uM,PYO,100uM,100,etbr,2,3.079,55,364.0nm,0.004
PCN,dPHZstar,50uM,PYO,100uM,100,etbr,2,8.781,610,364.0nm,0.047
PYO,dPHZstar,50uM,PYO,100uM,100,etbr,3,6.054,376108,313.0nm,14.207
PCA,dPHZstar,50uM,PYO,100uM,100,etbr,3,2.715,54,364.0nm,0.003
PCN,dPHZstar,50uM,PYO,100uM,100,etbr,3,8.802,582,364.0nm,0.044
PYO,dPHZstar,50uM,PYO,500uM,500,etbr,1,6.048,243798,313.0nm,9.209
PCA,dPHZstar,50uM,PYO,500uM,500,etbr,1,2.78,79,364.0nm,0.005
PCN,dPHZstar,50uM,PYO,500uM,500,etbr,1,8.802,1009,364.0nm,0.077
PYO,dPHZstar,50uM,PYO,500uM,500,etbr,2,6.057,243376,313.0nm,9.193
PCA,dPHZstar,50uM,PYO,500uM,500,etbr,2,2.914,83,364.0nm,0.005
PCN,dPHZstar,50uM,PYO,500uM,500,etbr,2,8.812,590,364.0nm,0.045
PYO,dPHZstar,50uM,PYO,500uM,500,etbr,3,6.035,260997,313.0nm,9.859
PCA,dPHZstar,50uM,PYO,500uM,500,etbr,3,2.654,34,364.0nm,0.002
PCN,dPHZstar,50uM,PYO,500uM,500,etbr,3,8.795,1608,364.0nm,0.123
PYO,PBS,blank,blank,blank,NA,blank,1,6.037,353,313.0nm,0.013
PCA,PBS,blank,blank,blank,NA,blank,1,2.942,218,364.0nm,0.014
PCN,PBS,blank,blank,blank,NA,blank,1,8.792,808,364.0nm,0.062
PYO,dPHZstar,50uM,PCN,0uM,0,etbr,1,6.045,45,313.0nm,0.002
PCA,dPHZstar,50uM,PCN,0uM,0,etbr,1,3.085,45,364.0nm,0.003
PCN,dPHZstar,50uM,PCN,0uM,0,etbr,1,8.869,33920,364.0nm,2.588
PCA,dPHZstar,50uM,PCN,0uM,0,etbr,2,3.091,40,364.0nm,0.003
PCN,dPHZstar,50uM,PCN,0uM,0,etbr,2,8.872,34694,364.0nm,2.647
PCA,dPHZstar,50uM,PCN,0uM,0,etbr,3,3.141,46,364.0nm,0.003
PCN,dPHZstar,50uM,PCN,0uM,0,etbr,3,8.862,36553,364.0nm,2.788
PCA,dPHZstar,50uM,PCN,10uM,10,etbr,1,2.784,34,364.0nm,0.002
PCN,dPHZstar,50uM,PCN,10uM,10,etbr,1,8.867,32268,364.0nm,2.462
PCA,dPHZstar,50uM,PCN,10uM,10,etbr,2,2.654,28,364.0nm,0.002
PCN,dPHZstar,50uM,PCN,10uM,10,etbr,2,8.872,33605,364.0nm,2.564
PCA,dPHZstar,50uM,PCN,10uM,10,etbr,3,2.663,49,364.0nm,0.003
PCN,dPHZstar,50uM,PCN,10uM,10,etbr,3,8.869,33102,364.0nm,2.525
PYO,dPHZstar,50uM,PCN,100uM,100,etbr,1,6.01,21,313.0nm,0.001
PCA,dPHZstar,50uM,PCN,100uM,100,etbr,1,2.776,48,364.0nm,0.003
PCN,dPHZstar,50uM,PCN,100uM,100,etbr,1,8.859,24916,364.0nm,1.901
PYO,dPHZstar,50uM,PCN,100uM,100,etbr,2,6.133,17,313.0nm,0.001
PCA,dPHZstar,50uM,PCN,100uM,100,etbr,2,2.795,54,364.0nm,0.003
PCN,dPHZstar,50uM,PCN,100uM,100,etbr,2,8.87,27055,364.0nm,2.064
PCA,dPHZstar,50uM,PCN,100uM,100,etbr,3,2.917,39,364.0nm,0.003
PCN,dPHZstar,50uM,PCN,100uM,100,etbr,3,8.864,24836,364.0nm,1.895
PCA,dPHZstar,50uM,PCN,500uM,500,etbr,1,2.913,35,364.0nm,0.002
PCN,dPHZstar,50uM,PCN,500uM,500,etbr,1,8.874,35586,364.0nm,2.715
PYO,dPHZstar,50uM,PCN,500uM,500,etbr,2,5.973,15,313.0nm,0.001
PCA,dPHZstar,50uM,PCN,500uM,500,etbr,2,2.696,42,364.0nm,0.003
PCN,dPHZstar,50uM,PCN,500uM,500,etbr,2,8.872,35579,364.0nm,2.714
PCA,dPHZstar,50uM,PCN,500uM,500,etbr,3,2.984,43,364.0nm,0.003
PCN,dPHZstar,50uM,PCN,500uM,500,etbr,3,8.87,36594,364.0nm,2.792
PYO,PBS,blank,blank,blank,NA,blank,1,6.156,147,313.0nm,0.006
PCA,PBS,blank,blank,blank,NA,blank,1,2.701,143,364.0nm,0.009
PCN,PBS,blank,blank,blank,NA,blank,1,8.765,759,364.0nm,0.058
PYO,dPHZstar,50uM,PCA,0uM,0,etbr,1,5.986,14,313.0nm,0.001
PCA,dPHZstar,50uM,PCA,0uM,0,etbr,1,2.93,7042,364.0nm,0.454
PCN,dPHZstar,50uM,PCA,0uM,0,etbr,1,8.698,996,364.0nm,0.076
PYO,dPHZstar,50uM,PCA,0uM,0,etbr,2,5.916,19,313.0nm,0.001
PCA,dPHZstar,50uM,PCA,0uM,0,etbr,2,2.902,6512,364.0nm,0.42
PCN,dPHZstar,50uM,PCA,0uM,0,etbr,2,8.707,1068,364.0nm,0.081
PCA,dPHZstar,50uM,PCA,0uM,0,etbr,3,2.907,6579,364.0nm,0.424
PCN,dPHZstar,50uM,PCA,0uM,0,etbr,3,8.697,1102,364.0nm,0.084
PCA,dPHZstar,50uM,PCA,10uM,10,etbr,1,2.915,6397,364.0nm,0.413
PCN,dPHZstar,50uM,PCA,10uM,10,etbr,1,8.69,899,364.0nm,0.069
PCA,dPHZstar,50uM,PCA,10uM,10,etbr,2,2.914,6321,364.0nm,0.408
PCN,dPHZstar,50uM,PCA,10uM,10,etbr,2,8.711,980,364.0nm,0.075
PCA,dPHZstar,50uM,PCA,10uM,10,etbr,3,2.912,6623,364.0nm,0.427
PCN,dPHZstar,50uM,PCA,10uM,10,etbr,3,8.706,1076,364.0nm,0.082
PYO,dPHZstar,50uM,PCA,100uM,100,etbr,1,6.09,26,313.0nm,0.001
PCA,dPHZstar,50uM,PCA,100uM,100,etbr,1,2.909,6223,364.0nm,0.402
PCN,dPHZstar,50uM,PCA,100uM,100,etbr,1,8.896,574,364.0nm,0.044
PYO,dPHZstar,50uM,PCA,100uM,100,etbr,2,6.039,16,313.0nm,0.001
PCA,dPHZstar,50uM,PCA,100uM,100,etbr,2,2.91,6658,364.0nm,0.43
PCN,dPHZstar,50uM,PCA,100uM,100,etbr,2,8.716,491,364.0nm,0.037
PCA,dPHZstar,50uM,PCA,100uM,100,etbr,3,2.911,6127,364.0nm,0.395
PCN,dPHZstar,50uM,PCA,100uM,100,etbr,3,8.911,526,364.0nm,0.04
PCA,dPHZstar,50uM,PCA,500uM,500,etbr,1,2.91,8754,364.0nm,0.565
PCN,dPHZstar,50uM,PCA,500uM,500,etbr,1,8.919,616,364.0nm,0.047
PCA,dPHZstar,50uM,PCA,500uM,500,etbr,2,2.934,9064,364.0nm,0.585
PCN,dPHZstar,50uM,PCA,500uM,500,etbr,2,8.932,540,364.0nm,0.041
PCA,dPHZstar,50uM,PCA,500uM,500,etbr,3,2.939,7969,364.0nm,0.514
PCN,dPHZstar,50uM,PCA,500uM,500,etbr,3,8.93,570,364.0nm,0.043
PYO,PBS,blank,blank,blank,NA,blank,1,6.132,146,313.0nm,0.006
PCA,PBS,blank,blank,blank,NA,blank,1,3,79,364.0nm,0.005
PCN,PBS,blank,blank,blank,NA,blank,1,8.781,678,364.0nm,0.052