﻿id,well,fluors,tcep_added,tcep_stage,dna_stage,scan_num,stage_scan_num
A1_postTCEP_preDNA_t1.1,A1,EtBr,F,T,F,1,1
A2_postTCEP_preDNA_t1.1,A2,PYO,F,T,F,1,1
A3_postTCEP_preDNA_t1.1,A3,EtBr_PYO,F,T,F,1,1
A4_postTCEP_preDNA_t1.1,A4,EtBr,T,T,F,1,1
A5_postTCEP_preDNA_t1.1,A5,PYO,T,T,F,1,1
A6_postTCEP_preDNA_t1.1,A6,EtBr_PYO,T,T,F,1,1
A1_postTCEP_preDNA_t1.2,A1,EtBr,F,T,F,2,2
A2_postTCEP_preDNA_t1.2,A2,PYO,F,T,F,2,2
A3_postTCEP_preDNA_t1.2,A3,EtBr_PYO,F,T,F,2,2
A4_postTCEP_preDNA_t1.2,A4,EtBr,T,T,F,2,2
A5_postTCEP_preDNA_t1.2,A5,PYO,T,T,F,2,2
A6_postTCEP_preDNA_t1.2,A6,EtBr_PYO,T,T,F,2,2
A1_postTCEP_postDNA_t2.1,A1,EtBr,F,T,T,3,1
A2_postTCEP_postDNA_t2.1,A2,PYO,F,T,T,3,1
A3_postTCEP_postDNA_t2.1,A3,EtBr_PYO,F,T,T,3,1
A4_postTCEP_postDNA_t2.1,A4,EtBr,T,T,T,3,1
A5_postTCEP_postDNA_t2.1,A5,PYO,T,T,T,3,1
A6_postTCEP_postDNA_t2.1,A6,EtBr_PYO,T,T,T,3,1
A1_postTCEP_postDNA_t2.2,A1,EtBr,F,T,T,4,2
A2_postTCEP_postDNA_t2.2,A2,PYO,F,T,T,4,2
A3_postTCEP_postDNA_t2.2,A3,EtBr_PYO,F,T,T,4,2
A4_postTCEP_postDNA_t2.2,A4,EtBr,T,T,T,4,2
A5_postTCEP_postDNA_t2.2,A5,PYO,T,T,T,4,2
A6_postTCEP_postDNA_t2.2,A6,EtBr_PYO,T,T,T,4,2
A1_postTCEP_postDNA_t2.3,A1,EtBr,F,T,T,5,3
A2_postTCEP_postDNA_t2.3,A2,PYO,F,T,T,5,3
A3_postTCEP_postDNA_t2.3,A3,EtBr_PYO,F,T,T,5,3
A4_postTCEP_postDNA_t2.3,A4,EtBr,T,T,T,5,3
A5_postTCEP_postDNA_t2.3,A5,PYO,T,T,T,5,3
A6_postTCEP_postDNA_t2.3,A6,EtBr_PYO,T,T,T,5,3